2026-09-08 19:16:05 INFO  (LoggingInitialization) Using log config file: jar:file:/D:/workspace/SWD3-MODS/.tools/static-re/ghidra-11.4.3/Ghidra/Framework/Generic/lib/Generic.jar!/generic.log4j.xml  
2026-09-08 19:16:05 INFO  (LoggingInitialization) Using log file: .work\boss-damage-20260908\branches-analysis.log  
2026-09-08 19:16:05 INFO  (Preferences) Loading user preferences: C:\Users\Andy\AppData\Roaming\ghidra\ghidra_11.4.3_PUBLIC\preferences  
2026-09-08 19:16:05 INFO  (ClassSearcher) Searching for classes...  
2026-09-08 19:16:06 INFO  (ClassSearcher) Class search complete (1147 ms)  
2026-09-08 19:16:06 INFO  (SSLContextInitializer) Initializing SSL Context  
2026-09-08 19:16:06 INFO  (SecureRandomFactory) Initializing Random Number Generator...  
2026-09-08 19:16:06 INFO  (SecureRandomFactory) Random Number Generator initialization complete: SHA1PRNG  
2026-09-08 19:16:06 INFO  (ApplicationTrustManagerFactory) Trust manager disabled, cacerts have not been set  
2026-09-08 19:16:06 INFO  (AnalyzeHeadless) Headless startup complete (2686 ms)  
2026-09-08 19:16:06 INFO  (ClassSearcher) Class searcher loaded 58 extension points (18 false positives)  
2026-09-08 19:16:07 INFO  (HeadlessAnalyzer) HEADLESS Script Paths:
    D:\workspace\SWD3-MODS\research\active\swd3-native-menu-probe\tools\ghidra
    D:\workspace\SWD3-MODS\.tools\static-re\ghidra-11.4.3\Ghidra\Features\SystemEmulation\ghidra_scripts
    D:\workspace\SWD3-MODS\.tools\static-re\ghidra-11.4.3\Ghidra\Processors\PIC\ghidra_scripts
    D:\workspace\SWD3-MODS\.tools\static-re\ghidra-11.4.3\Ghidra\Features\SwiftDemangler\ghidra_scripts
    D:\workspace\SWD3-MODS\.tools\static-re\ghidra-11.4.3\Ghidra\Features\BytePatterns\ghidra_scripts
    D:\workspace\SWD3-MODS\.tools\static-re\ghidra-11.4.3\Ghidra\Features\GnuDemangler\ghidra_scripts
    D:\workspace\SWD3-MODS\.tools\static-re\ghidra-11.4.3\Ghidra\Features\Jython\ghidra_scripts
    D:\workspace\SWD3-MODS\.tools\static-re\ghidra-11.4.3\Ghidra\Features\Base\ghidra_scripts
    D:\workspace\SWD3-MODS\.tools\static-re\ghidra-11.4.3\Ghidra\Features\MicrosoftCodeAnalyzer\ghidra_scripts
    D:\workspace\SWD3-MODS\.tools\static-re\ghidra-11.4.3\Ghidra\Processors\Atmel\ghidra_scripts
    D:\workspace\SWD3-MODS\.tools\static-re\ghidra-11.4.3\Ghidra\Features\WildcardAssembler\ghidra_scripts
    D:\workspace\SWD3-MODS\.tools\static-re\ghidra-11.4.3\Ghidra\Features\BSim\ghidra_scripts
    D:\workspace\SWD3-MODS\.tools\static-re\ghidra-11.4.3\Ghidra\Processors\8051\ghidra_scripts
    D:\workspace\SWD3-MODS\.tools\static-re\ghidra-11.4.3\Ghidra\Features\PDB\ghidra_scripts
    D:\workspace\SWD3-MODS\.tools\static-re\ghidra-11.4.3\Ghidra\Processors\DATA\ghidra_scripts
    D:\workspace\SWD3-MODS\.tools\static-re\ghidra-11.4.3\Ghidra\Features\FileFormats\ghidra_scripts
    D:\workspace\SWD3-MODS\.tools\static-re\ghidra-11.4.3\Ghidra\Debug\Debugger-rmi-trace\ghidra_scripts
    D:\workspace\SWD3-MODS\.tools\static-re\ghidra-11.4.3\Ghidra\Processors\JVM\ghidra_scripts
    D:\workspace\SWD3-MODS\.tools\static-re\ghidra-11.4.3\Ghidra\Features\PyGhidra\ghidra_scripts
    D:\workspace\SWD3-MODS\.tools\static-re\ghidra-11.4.3\Ghidra\Features\VersionTracking\ghidra_scripts
    D:\workspace\SWD3-MODS\.tools\static-re\ghidra-11.4.3\Ghidra\Debug\Debugger\ghidra_scripts
    D:\workspace\SWD3-MODS\.tools\static-re\ghidra-11.4.3\Ghidra\Features\Decompiler\ghidra_scripts
    D:\workspace\SWD3-MODS\.tools\static-re\ghidra-11.4.3\Ghidra\Features\DecompilerDependent\ghidra_scripts
    D:\workspace\SWD3-MODS\.tools\static-re\ghidra-11.4.3\Ghidra\Features\FunctionID\ghidra_scripts  
2026-09-08 19:16:07 INFO  (HeadlessAnalyzer) HEADLESS: execution starts  
2026-09-08 19:16:07 INFO  (HeadlessAnalyzer) Opening existing project: D:\workspace\SWD3-MODS\.work\native-events-doccheck-20260906-104009\ghidra-project\NativeEvents  
2026-09-08 19:16:07 INFO  (HeadlessProject) Opening project: D:\workspace\SWD3-MODS\.work\native-events-doccheck-20260906-104009\ghidra-project\NativeEvents  
2026-09-08 19:16:09 INFO  (HeadlessAnalyzer) REPORT: Processing read-only project file: /swd3.exe  
2026-09-08 19:16:09 INFO  (HeadlessAnalyzer) SCRIPT: D:\workspace\SWD3-MODS\research\active\swd3-native-menu-probe\tools\ghidra\ReportHdBossDamageBranches.py  
2026-09-08 19:16:12 INFO  (GhidraScript) ReportHdBossDamageBranches.py> SWD3 HD boss damage branches; SHA256=63f1d83d8c3a756d17640d9022e19f8928741b091f0e47abbdb22c0ccf6c9523  
2026-09-08 19:16:14 INFO  (GhidraScript) ReportHdBossDamageBranches.py> BIT20_CANDIDATE 14003ecd4 TEST byte ptr [RAX + 0x8],0x20 FUNCTION FUN_14003e500  
2026-09-08 19:16:14 INFO  (GhidraScript) ReportHdBossDamageBranches.py> BIT20_CANDIDATE 1400410e5 TEST byte ptr [RAX + 0x8],0x20 FUNCTION FUN_140040820  
2026-09-08 19:16:15 INFO  (GhidraScript) ReportHdBossDamageBranches.py> BIT20_CANDIDATE 140078ad9 TEST byte ptr [RAX + 0x8],0x20 FUNCTION FUN_140078980  
2026-09-08 19:16:15 INFO  (GhidraScript) ReportHdBossDamageBranches.py> BIT20_CANDIDATE 14007fe5f TEST byte ptr [RAX + 0x8],0x20 FUNCTION FUN_14007fb80  
2026-09-08 19:16:15 INFO  (GhidraScript) ReportHdBossDamageBranches.py> BIT20_CANDIDATE 14008219b TEST byte ptr [RAX + 0x8],0x20 FUNCTION FUN_14007fb80  
2026-09-08 19:16:15 INFO  (GhidraScript) ReportHdBossDamageBranches.py> BIT20_CANDIDATE 140085a1f TEST byte ptr [RDX + 0x8],0x20 FUNCTION FUN_140085890  
2026-09-08 19:16:15 INFO  (GhidraScript) ReportHdBossDamageBranches.py> BIT20_CANDIDATE 140089b65 TEST byte ptr [R13 + 0x8],0x20 FUNCTION FUN_140089570  
2026-09-08 19:16:15 INFO  (GhidraScript) ReportHdBossDamageBranches.py> BIT20_CANDIDATE 140089c60 TEST byte ptr [R13 + 0x8],0x20 FUNCTION FUN_140089570  
2026-09-08 19:16:16 INFO  (GhidraScript) ReportHdBossDamageBranches.py> FUNCTION 0x14003e500L  
2026-09-08 19:16:18 INFO  (GhidraScript) ReportHdBossDamageBranches.py> 
/* WARNING: Globals starting with '_' overlap smaller symbols at the same address */

void FUN_14003e500(undefined8 param_1)

{
  undefined4 *puVar1;
  float fVar2;
  char cVar3;
  short sVar4;
  undefined4 uVar5;
  int iVar6;
  uint uVar7;
  undefined8 uVar8;
  void *_Memory;
  int *piVar9;
  ushort uVar10;
  short sVar11;
  ulonglong uVar12;
  ulonglong uVar13;
  uint uVar14;
  ulonglong uVar15;
  ulonglong uVar16;
  ushort uVar17;
  longlong lVar18;
  longlong *plVar19;
  ushort uVar20;
  longlong lVar21;
  undefined1 *puVar22;
  undefined8 *puVar23;
  int *piVar24;
  undefined *puVar25;
  bool bVar26;
  short local_res10 [4];
  short local_res18 [4];
  short local_res20 [4];
  short local_58 [2];
  int local_54;
  int local_50 [6];
  
  DAT_14020dbe0 = DAT_1401a76e1;
  DAT_1401a76d8 = 0x21;
  DAT_1401a9a30 = 0;
  DAT_1401ab36e = 0;
  SDL_strlcpy(&DAT_1401ab460,param_1,0x400);
  DAT_1401a7830 = 0;
  FUN_1401187e0(&DAT_14020d370);
  DAT_1401ab188 = FUN_140143dc0(&DAT_1402bcca0);
  FUN_140066fe0();
  FUN_14003a9e0(5);
  lVar21 = 0x12;
  SDL_memset(&DAT_14019f138,0,0x12);
  SDL_memset(&DAT_14019f14a,0,0x12);
  SDL_memset(&DAT_14019f15d,0,0x12);
  SDL_memset(&DAT_14019f16f,0,0x12);
  SDL_memset(&DAT_14019f181,0,0x12);
  SDL_memset(&DAT_14019f194,0,0x12);
  lVar18 = 0;
  _DAT_14019f130 = 0;
  DAT_14019f15c = 0;
  DAT_14019f193 = 0;
  SDL_memset(&DAT_1401d48e0,0,0xd8);
  SDL_memset(&DAT_1401a9ea0,0,0x100);
  do {
    if (*(longlong *)((longlong)&DAT_1401f3930 + lVar18) != 0) {
      free(*(void **)((longlong)&DAT_1401f3920 + lVar18));
    }
    *(undefined8 *)((longlong)&DAT_1401f3920 + lVar18) = 0;
    *(undefined8 *)((longlong)&DAT_1401f3928 + lVar18) = 0;
    *(undefined8 *)((longlong)&DAT_1401f3930 + lVar18) = 0;
    if (*(longlong *)((longlong)&DAT_1401f28c0 + lVar18) != 0) {
      free(*(void **)((longlong)&DAT_1401f28b0 + lVar18));
    }
    *(undefined8 *)((longlong)&DAT_1401f28b0 + lVar18) = 0;
    *(undefined8 *)((longlong)&DAT_1401f28b8 + lVar18) = 0;
    *(undefined8 *)((longlong)&DAT_1401f28c0 + lVar18) = 0;
    lVar18 = lVar18 + 0x20;
  } while (lVar18 < 0x140);
  if (DAT_14019f310 != 0) {
    free(DAT_14019f300);
  }
  DAT_14019f300 = (void *)0x0;
  _DAT_14019f308 = 0;
  DAT_14019f310 = 0;
  if (DAT_14019f330 != 0) {
    free(DAT_14019f320);
  }
  DAT_14019f320 = (void *)0x0;
  _DAT_14019f328 = 0;
  DAT_14019f330 = 0;
  if (DAT_14019f350 != 0) {
    free(DAT_14019f340);
  }
  DAT_14019f340 = (void *)0x0;
  _DAT_14019f348 = 0;
  DAT_14019f350 = 0;
  SDL_memset(&DAT_1401aa9c8,0,0x28);
  SDL_memset(&DAT_1401ab2a0,0,0x50);
  SDL_memset(&DAT_1401ab240,0,0x20);
  SDL_memset(&DAT_1401ab2f4,0,6);
  SDL_memset(&DAT_14019f1d0,0,0x50);
  SDL_memset(&DAT_1401a9a38,0,0x10);
  SDL_memset(&DAT_1401ab450,0,8);
  SDL_memset(&DAT_1401ab8d8,0,10);
  SDL_memset(&DAT_1401ab8a0,0,0x24);
  SDL_memset(&DAT_1401ab438,0,0x12);
  SDL_memset(&DAT_1401aaf80,0,0x48);
  SDL_memset(&DAT_1401ab0c0,0xffffffff,0x48);
  SDL_memset(&DAT_1401ab070,0xffffffff,0x48);
  SDL_memset(&DAT_1401ab110,0xffffffff,0x48);
  SDL_memset(&DAT_1401aa770,0xffffffff,0x120);
  SDL_memset(&DAT_1401ab450,0,8);
  SDL_memset(&DAT_1402bf3a8,0,0xd8);
  _DAT_1402bf3e8 = 0xffffffffffffffff;
  _DAT_1402bf408 = 0xffffffff;
  _DAT_1402bf3ac = 0;
  _DAT_1402bf3c0 = SDL_GetTicks();
  _DAT_1402bf3cc = FUN_140149080(&DAT_1401a6d80,"ACTdef","MenuFrame_Basic_ACT");
  _DAT_1402bf3d4 = 0;
  FUN_140100260(&DAT_1402bf3a8,0);
  lVar18 = 0x1401aa65f;
  DAT_1401ab34a = 0;
  DAT_1401ab998 = 0xffffffff;
  DAT_1401ab262 = 0;
  uVar20 = 0;
  DAT_1401ab2f0 = 0;
  DAT_1401f54b0 = 0;
  do {
    *(undefined4 *)(lVar18 + -0xf) = 0xffffffff;
    *(undefined2 *)(lVar18 + -1) = 0;
    *(undefined1 *)(lVar18 + -3) = 0;
    *(undefined2 *)(lVar18 + -5) = 0;
    lVar18 = lVar18 + 0x10;
    lVar21 = lVar21 + -1;
  } while (lVar21 != 0);
  _DAT_1401aa950 = _DAT_1401728d0;
  _DAT_1401aa958 = _UNK_1401728d8;
  _DAT_1401aa8e8 = 0;
  puVar22 = &DAT_1401ab8d8;
  uVar17 = uVar20;
  do {
    cVar3 = FUN_140151160(uVar17 + 0x1e);
    if (cVar3 == '\x01') {
      _DAT_1401aa8e8 = _DAT_1401aa8e8 + 1;
      *puVar22 = 1;
    }
    uVar7 = _DAT_1401aa8e8;
    uVar17 = uVar17 + 1;
    puVar22 = puVar22 + 1;
  } while (uVar17 < 4);
  uVar15 = 0;
  _DAT_14019f0e8 = _DAT_140172930;
  uVar13 = 0;
  _DAT_14019f0c8 = _DAT_140172930;
  uRam000000014019f0d0 = _UNK_140172938;
  _DAT_14019f0d8 = _DAT_140172930;
  uRam000000014019f0e0 = _UNK_140172938;
  if (_DAT_1401aa8e8 != 0) {
    do {
      cVar3 = (&DAT_1401ab8d8)[uVar15];
      while (uVar14 = (uint)uVar15, cVar3 == '\0') {
        uVar17 = (short)uVar15 + 1;
        uVar15 = (ulonglong)uVar17;
        uVar14 = (uint)uVar17;
        if (3 < uVar17) break;
        cVar3 = (&DAT_1401ab8d8)[uVar17];
      }
      uVar17 = (short)uVar14 + 1;
      uVar15 = (ulonglong)uVar17;
      (&DAT_14019f0c8)[uVar13] = uVar14;
    } while ((uVar17 < 4) &&
            (uVar17 = (short)uVar13 + 1, uVar13 = (ulonglong)uVar17, uVar17 < uVar7));
  }
  cVar3 = FUN_140151160(0xc9);
  if (cVar3 != '\0') {
    DAT_1401ab1d8 = DAT_1401ab1d8 | 2;
  }
  _DAT_1401aa638 = _DAT_140172920;
  _DAT_1401aa640 = _UNK_140172928;
  FUN_140103570(&DAT_1401f3b90);
  puVar23 = &DAT_1401aa890;
  lVar18 = 2;
  plVar19 = &DAT_1401aa890;
  do {
    if (*plVar19 != 0) {
      FUN_1401698c0();
    }
    *plVar19 = 0;
    plVar19 = plVar19 + 1;
    lVar18 = lVar18 + -1;
  } while (lVar18 != 0);
  lVar18 = DAT_14020d3f0;
  if (DAT_14020dbc0 != '\0') {
    lVar18 = DAT_14020d3c0;
  }
  if (DAT_1401a76e1 != '\0') {
    DAT_14020dbc0 = '\0';
    lVar18 = DAT_14020d3c0;
  }
  do {
    uVar8 = FUN_1401697c0(&DAT_1402c15d0,*(undefined4 *)(lVar18 + 0x10),
                          *(undefined4 *)(lVar18 + 0x14));
    *puVar23 = uVar8;
    puVar23 = puVar23 + 1;
  } while ((longlong)puVar23 < 0x1401aa8a0);
  DAT_14019f11c = 0xffff;
  DAT_14019f120 = 0xffff;
  DAT_14019f124 = 0xffff;
  cVar3 = FUN_140151160(0x13);
  if (cVar3 != '\0') {
    FUN_140118ee0(&DAT_14020d370);
  }
  SDL_UpperBlit(DAT_14020d3f0,0,*(undefined8 *)(DAT_1401aa890 + 8),0);
  cVar3 = FUN_140053000(&DAT_1401f4718,&DAT_14019f220,&DAT_1401ab460);
  if (cVar3 != '\0') {
    DAT_1401aa8e4 = (uint)DAT_14019f278;
    FUN_14003d610(&DAT_1401f5430,&DAT_14019f220);
    if (DAT_14019f2b0 != '\0') {
      DAT_1401ab1d8 = DAT_1401ab1d8 | 1;
    }
    if (DAT_1401aa8e4 != 0) {
      FUN_140067310(&DAT_1401f9d38,&DAT_1401ab460);
      DAT_14019f124 = 0xffff;
      DAT_14019f120 = 0xffff;
      DAT_14019f11c = 0xffff;
      SDL_memset(&DAT_1401d48e0,0,0xd8);
      fVar2 = DAT_1401728bc;
      DAT_14019f288 = DAT_14019f280;
      do {
        if (DAT_14019f288 == (undefined8 *)0x0) break;
        puVar23 = (undefined8 *)DAT_14019f288[1];
        puVar1 = (undefined4 *)*DAT_14019f288;
        if (puVar23 == (undefined8 *)0x0) {
          puVar23 = (undefined8 *)DAT_14019f288[1];
          _DAT_14019f290 = DAT_14019f288;
        }
        DAT_14019f288 = puVar23;
        if (puVar1 == (undefined4 *)0x0) break;
        uVar15 = (ulonglong)uVar20;
        puVar25 = &DAT_1401d49c0 + uVar15 * 0x39f8;
        FUN_14007de60(puVar25,uVar20,1);
        SDL_memset(&DAT_1401ab9b0,0,0xe0);
        lVar18 = uVar15 * 0x20;
        bVar26 = DAT_1401ab303 == '\x01';
        *(short *)(&DAT_1401a9b58 + lVar18) = (short)(int)((float)(int)puVar1[2] * fVar2);
        *(undefined2 *)(&DAT_1401a9b5a + lVar18) = *(undefined2 *)(puVar1 + 3);
        (&DAT_1401a9b5c)[lVar18] = 0;
        if (bVar26) {
          FUN_1400875a0(puVar25,1);
          *(short *)(&DAT_1401a9b58 + lVar18) = 0x350 - *(short *)(&DAT_1401a9b58 + lVar18);
        }
        FUN_140078980(puVar25,&DAT_1401a9b40 + lVar18,*puVar1,DAT_14019f2d8,DAT_14019f2dc);
        FUN_14014ccf0(&DAT_1401a6d80,"Battle_EnemyInit",1,uVar20 + 1);
        if ((*(byte *)((&DAT_1401d49f0)[uVar15 * 0x73f] + 8) & 0x20) != 0) {
          DAT_1401aa979 = 1;
        }
        if (*(short *)(puVar1 + 1) == 1) {
          FUN_140085560(puVar25,1);
        }
        uVar20 = uVar20 + 1;
      } while (uVar20 != 8);
      uVar7 = _DAT_1401aa8e8;
      uVar15 = 0;
      uVar17 = 0;
      uVar20 = uVar17;
      if (_DAT_1401aa8e8 != 0) {
        do {
          uVar10 = uVar20 + 1;
          (&DAT_1401a9c5c)[(ulonglong)uVar20 * 0x20] = 1;
          uVar20 = uVar10;
        } while (uVar10 < uVar7);
      }
      if (uVar7 == 1) {
        sVar4 = 0x2ba;
        _DAT_1401a9c58 = 0x11f02ba;
        sVar11 = 0x11f;
      }
      else if (uVar7 == 2) {
        sVar4 = 0x289;
        _DAT_1401a9c58 = 0x1130289;
        sVar11 = 0x113;
        _DAT_1401a9c78 = 0x17202df;
      }
      else if (uVar7 == 3) {
        sVar4 = 0x29b;
        _DAT_1401a9c58 = 0x110029b;
        sVar11 = 0x110;
        _DAT_1401a9c78 = 0x16102ec;
        _DAT_1401a9c98 = 0xe00264;
      }
      else if (uVar7 == 4) {
        sVar4 = 0x2b8;
        _DAT_1401a9c58 = 0x12a02b8;
        sVar11 = 0x12a;
        _DAT_1401a9c78 = 0x1150292;
        _DAT_1401a9c98 = 0xd90266;
        _DAT_1401a9cb8 = 0x167030b;
      }
      else {
        sVar11 = (short)((uint)_DAT_1401a9c58 >> 0x10);
        sVar4 = (short)_DAT_1401a9c58;
      }
      DAT_1401ab1b8 = sVar4 + 0xd;
      DAT_1401aa8f0 = 0;
      DAT_1401ab1bc = sVar11 + -0x91;
      _DAT_1401ab1c0 = DAT_1401a9c78 + 6;
      _DAT_1401ab1c4 = DAT_1401a9c7a + -0xaa;
      _DAT_1401ab1c8 = DAT_1401a9c98 + 0xd;
      _DAT_1401ab1cc = DAT_1401a9c9a + -0x9b;
      _DAT_1401ab1d0 = DAT_1401a9cb8 + -6;
      _DAT_1401ab1d4 = DAT_1401a9cba + -0xa3;
      uVar13 = uVar15;
      uVar20 = uVar17;
      if (uVar7 != 0) {
        do {
          uVar12 = (ulonglong)uVar20;
          lVar18 = uVar12 * 0x3fa8;
          puVar25 = &DAT_1401aba90 + lVar18;
          FUN_14007de60(puVar25,uVar20,0);
          iVar6 = (&DAT_14019f0c8)[uVar12];
          if (iVar6 < 0) {
            *(undefined2 *)(&DAT_1401afa24 + lVar18) = 0xffff;
          }
          else {
            if (DAT_1401ab303 == '\x01') {
              FUN_1400875a0(puVar25,1);
              (&DAT_1401a9c58)[uVar12 * 0x10] = 0x350 - (&DAT_1401a9c58)[uVar12 * 0x10];
              (&DAT_1401ab1b8)[uVar12 * 2] = 0x340 - (&DAT_1401ab1b8)[uVar12 * 2];
              iVar6 = (&DAT_14019f0c8)[uVar12];
            }
            FUN_14006f260(puVar25,&DAT_1401faf00 + (longlong)iVar6 * 0x1a,
                          &DAT_1401fb0a0 + (longlong)iVar6 * 0x60,&DAT_1401a9c40 + uVar12 * 0x20);
            iVar6 = (&DAT_14019f0c8)[uVar12];
            *(undefined2 *)(&DAT_1401afa24 + lVar18) = *(undefined2 *)(&DAT_14019f0c8 + uVar12);
            uVar5 = FUN_140149d60(&DAT_1401a6d80,"NewGameChar",iVar6 + 1,"ItemTempID");
            *(undefined4 *)(&DAT_1401abab8 + lVar18) = uVar5;
            iVar6 = (&DAT_14019f0c8)[uVar12];
            *(undefined4 *)(&DAT_1401af470 + lVar18) = 0;
            *(undefined2 *)(&DAT_1401afa26 + lVar18) =
                 *(undefined2 *)(&DAT_14019f078 + (longlong)iVar6 * 4);
            cVar3 = FUN_14007e8e0(puVar25);
            if (cVar3 == '\x01') {
              DAT_1401ab1f2 = DAT_1401ab1f2 + 1;
            }
            else {
              iVar6 = (&DAT_14019f0c8)[uVar12];
              if (*(short *)((&DAT_1401fb288)[(longlong)iVar6 * 0x10] + 0x6e) == 0x1e) {
                (&DAT_1401aba9c)[lVar18] = 1;
              }
              if (*(short *)((&DAT_1401fb290)[(longlong)iVar6 * 0x10] + 0x6e) == 0x1e) {
                (&DAT_1401aba9c)[lVar18] = 1;
              }
              DAT_1401aa8f0 = DAT_1401aa8f0 + 1;
            }
            FUN_14014ccf0(&DAT_1401a6d80,"Battle_PlayerInit",1,(int)uVar13 + 1);
          }
          uVar20 = uVar20 + 1;
          uVar13 = (ulonglong)uVar20;
        } while (uVar20 < _DAT_1401aa8e8);
      }
      FUN_14003d9e0();
      FUN_14003da40();
      uVar20 = uVar17;
      if (_DAT_1401aa8e8 != 0) {
        do {
          uVar13 = (ulonglong)uVar20;
          puVar25 = &DAT_1401aba90 + uVar13 * 0x3fa8;
          FUN_14006f9b0(puVar25,&DAT_1401fb250 + (int)((&DAT_14019f0c8)[uVar13] << 4));
          FUN_14006feb0(puVar25,(&DAT_1401fb228)[(int)(&DAT_14019f0c8)[uVar13]]);
          FUN_140071150(puVar25,0x10,0x1f,&DAT_1401af02c + uVar13 * 0x3fa8);
          FUN_14006fe90(puVar25,&DAT_1401fb450);
          FUN_14008cb70(puVar25,(&DAT_1401faf50)[(longlong)(int)(&DAT_14019f0c8)[uVar13] * 0xd]);
          uVar20 = uVar20 + 1;
        } while (uVar20 < _DAT_1401aa8e8);
      }
      fVar2 = DAT_1401728c0;
      uVar20 = uVar17;
      if (_DAT_1401aa8e8 != 0) {
        do {
          uVar13 = (ulonglong)uVar20;
          puVar25 = &DAT_1401aba90 + uVar13 * 0x3fa8;
          FUN_1400870d0(puVar25,local_50,&local_54);
          *(int *)(&DAT_1401aab78 + uVar13 * 4) = local_50[0];
          local_res18[0] = 0;
          local_res10[0] = 0;
          iVar6 = (int)(((float)local_50[0] / (float)local_54) * fVar2);
          *(int *)(&DAT_1401aaa38 + uVar13 * 4) = iVar6;
          *(int *)(&DAT_1401aaa10 + uVar13 * 4) = iVar6;
          FUN_14008ba20(puVar25,local_res18,local_res10);
          *(int *)(&DAT_1401aabc8 + uVar13 * 4) = (int)local_res10[0];
          local_58[0] = 0;
          local_res20[0] = 0;
          iVar6 = (int)(((float)(int)local_res10[0] / (float)(int)local_res18[0]) * fVar2);
          *(int *)(&DAT_1401aaa88 + uVar13 * 4) = iVar6;
          *(int *)(&DAT_1401aaa60 + uVar13 * 4) = iVar6;
          FUN_14008ba50(puVar25,local_58,local_res20);
          *(int *)(&DAT_1401aac18 + uVar13 * 4) = (int)local_res20[0];
          iVar6 = (int)(((float)(int)local_res20[0] / (float)(int)local_58[0]) * fVar2);
          *(int *)(&DAT_1401aaad8 + uVar13 * 4) = iVar6;
          *(int *)(&DAT_1401aaab0 + uVar13 * 4) = iVar6;
          uVar5 = 0;
          if (*(undefined4 **)(&DAT_1401abab0 + uVar13 * 0x3fa8) != (undefined4 *)0x0) {
            uVar5 = **(undefined4 **)(&DAT_1401abab0 + uVar13 * 0x3fa8);
          }
          uVar20 = uVar20 + 1;
          *(undefined4 *)(&DAT_1401aab28 + uVar13 * 4) = uVar5;
          *(undefined4 *)(&DAT_1401aab00 + uVar13 * 4) = uVar5;
        } while (uVar20 < _DAT_1401aa8e8);
      }
      FUN_1400de480();
      DAT_1401ab260 = 0;
      if ((ushort)DAT_1401ab264 < 3) {
        uVar20 = uVar17;
        if (0 < DAT_1401ab264) {
          do {
            uVar13 = (ulonglong)_DAT_1401aa8e8;
            bVar26 = DAT_1401ab303 == '\x01';
            *(undefined4 *)(&DAT_1401a9c58 + uVar13 * 0x10) = 0x13603e1;
            (&DAT_1401a9c5c)[uVar13 * 0x20] = 1;
            if (bVar26) {
              (&DAT_1401a9c58)[uVar13 * 0x10] = 0xff6f;
            }
            FUN_14006f750(&DAT_1401aba90 + uVar13 * 0x3fa8,
                          *(undefined4 *)(DAT_1401ab268 + (ulonglong)uVar20 * 4),
                          &DAT_1401a9c40 + uVar13 * 0x20,DAT_1401abaa0);
            FUN_140085850(&DAT_1401aba90 + (ulonglong)_DAT_1401aa8e8 * 0x3fa8,1);
            FUN_14014ccf0(&DAT_1401a6d80,"Battle_NPCInit",1,_DAT_1401aa8e8 + 1);
            if (DAT_1401ab303 == '\0') {
              FUN_1400875a0(&DAT_1401aba90 + (ulonglong)_DAT_1401aa8e8 * 0x3fa8,1);
            }
            _DAT_1401aa8e8 = _DAT_1401aa8e8 + 1;
            DAT_1401ab260 = DAT_1401ab260 + 1;
          } while ((DAT_1401ab260 != 2) && (uVar20 = uVar20 + 1, (int)(uint)uVar20 < DAT_1401ab264))
          ;
        }
      }
      else {
        _Memory = calloc((longlong)DAT_1401ab264,4);
        do {
          do {
            uVar20 = FUN_140167e10(DAT_1401ab264);
            uVar7 = _DAT_1401aa8e8;
            uVar13 = (ulonglong)uVar20;
          } while (*(int *)((longlong)_Memory + uVar13 * 4) == 1);
          uVar12 = (ulonglong)_DAT_1401aa8e8;
          uVar16 = (ulonglong)_DAT_1401aa8e8;
          bVar26 = DAT_1401ab303 == '\x01';
          *(undefined4 *)(&DAT_1401a9c58 + uVar12 * 0x10) = 0x13603e1;
          (&DAT_1401a9c5c)[uVar12 * 0x20] = 1;
          if (bVar26) {
            (&DAT_1401a9c58)[uVar12 * 0x10] = 0xff6f;
            FUN_1400875a0(&DAT_1401aba90 + uVar16 * 0x3fa8,CONCAT71((uint7)(uint3)(uVar7 >> 8),1));
            uVar7 = _DAT_1401aa8e8;
          }
          lVar18 = (ulonglong)uVar7 * 0x3fa8;
          *(short *)(&DAT_1401aba94 + lVar18) = (short)uVar7;
          FUN_14006f750(&DAT_1401aba90 + lVar18,*(undefined4 *)(DAT_1401ab268 + uVar13 * 4),
                        &DAT_1401a9c40 + (ulonglong)uVar7 * 0x20,DAT_1401abaa0);
          FUN_140085850(&DAT_1401aba90 + (ulonglong)_DAT_1401aa8e8 * 0x3fa8,1);
          if (DAT_1401ab303 == '\0') {
            FUN_1400875a0(&DAT_1401aba90 + (ulonglong)_DAT_1401aa8e8 * 0x3fa8,1);
          }
          FUN_14014ccf0(&DAT_1401a6d80,"Battle_NPCInit",1,_DAT_1401aa8e8 + 1);
          _DAT_1401aa8e8 = _DAT_1401aa8e8 + 1;
          uVar20 = DAT_1401ab260 + 1;
          DAT_1401ab260 = uVar20;
          *(undefined4 *)((longlong)_Memory + uVar13 * 4) = 1;
        } while (uVar20 != 2);
        free(_Memory);
      }
      DAT_1401aa8ec = _DAT_1401aa8e8;
      FUN_140048500();
      FUN_1400485f0();
      uVar7 = DAT_1401aa8e4;
      piVar24 = &DAT_1401aa8f8;
      piVar9 = &DAT_1401ab3f0;
      uVar13 = uVar15;
      uVar12 = uVar15;
      do {
        if (*piVar9 < 8) {
          *piVar24 = *piVar9;
          uVar14 = (int)uVar12 + 1;
          uVar12 = (ulonglong)uVar14;
          piVar24 = piVar24 + 1;
          if (uVar14 == uVar7) break;
        }
        uVar14 = (int)uVar13 + 1;
        uVar13 = (ulonglong)uVar14;
        piVar9 = piVar9 + 1;
      } while ((int)uVar14 < 0x12);
      uVar20 = uVar17;
      if (0 < (int)uVar7) {
        do {
          local_54 = FUN_140167e10(6);
          if (0 < local_54) {
            uVar10 = uVar17;
            do {
              FUN_140078d00(&DAT_1401d49c0 + (ulonglong)uVar20 * 0x39f8,0);
              uVar10 = uVar10 + 1;
            } while ((int)(uint)uVar10 < local_54);
          }
          uVar20 = uVar20 + 1;
        } while ((int)(uint)uVar20 < (int)DAT_1401aa8e4);
      }
      if (_DAT_1401aa8e8 != 0) {
        do {
          FUN_14007e9a0(&DAT_1401aba90 + uVar15 * 0x3fa8);
          uVar20 = (short)uVar15 + 1;
          uVar15 = (ulonglong)uVar20;
        } while (uVar20 < _DAT_1401aa8e8);
      }
      if ((_DAT_1401aa8e8 - DAT_1401ab260) - DAT_1401ab2fc <= (uint)DAT_1401ab1f2) {
        DAT_1401aa938 = 0x67;
      }
      FUN_14014ccf0(&DAT_1401a6d80,"Battle_Enter",0);
      return;
    }
  }
  uVar8 = FUN_1401668f0(0x40b);
  FUN_1400f1a60("LoadBattle","%s : ID:%s",uVar8,&DAT_1401ab460);
  return;
}

  
2026-09-08 19:16:18 INFO  (GhidraScript) ReportHdBossDamageBranches.py> FUNCTION 0x140040820L  
2026-09-08 19:16:21 INFO  (GhidraScript) ReportHdBossDamageBranches.py> 
/* WARNING: Type propagation algorithm not settling */
/* WARNING: Globals starting with '_' overlap smaller symbols at the same address */

undefined8 FUN_140040820(uint param_1,uint param_2)

{
  char cVar1;
  char cVar2;
  ushort uVar3;
  undefined2 uVar4;
  short sVar5;
  uint uVar6;
  void *pvVar7;
  void *pvVar8;
  undefined8 uVar9;
  undefined8 uVar10;
  short *psVar11;
  undefined1 uVar12;
  ulonglong uVar13;
  ushort uVar14;
  uint uVar15;
  int iVar16;
  uint uVar17;
  undefined *puVar18;
  undefined *puVar19;
  longlong lVar20;
  ulonglong uVar21;
  int iVar22;
  ulonglong uVar23;
  longlong lVar24;
  bool bVar25;
  uint in_stack_ffffffffffffffa8;
  ulonglong in_stack_ffffffffffffffb0;
  undefined4 uVar26;
  undefined8 local_48;
  undefined8 uStack_40;
  
  lVar24 = (longlong)(int)param_2;
  uVar23 = (ulonglong)(int)param_1;
  lVar20 = uVar23 * 0x3fa8;
  puVar18 = &DAT_1401aba90;
  uVar3 = (&DAT_1401af3f2)[uVar23 * 0x1fd4];
  puVar19 = &DAT_1401aba90 + lVar20;
  cVar1 = FUN_14007e8e0(puVar19);
  uVar15 = DAT_1401aa8ec;
  uVar6 = _DAT_1401aa8e8;
  uVar26 = (undefined4)(in_stack_ffffffffffffffb0 >> 0x20);
  if (cVar1 == '\x01') {
    return 1;
  }
  if (((DAT_1401ab9a4 == '\0') && (DAT_1401ab9a6 == '\0')) && ((int)DAT_1401aa8e4 <= (int)param_2))
  {
    return 1;
  }
  sVar5 = (short)param_2;
  uVar14 = uVar3;
  if (uVar3 != 0) {
LAB_1400408be:
    if (uVar14 < 0x12d) {
      uVar3 = uVar14;
      if (uVar14 == 300) {
        if (DAT_1401ab9a4 == '\0') {
          lVar24 = lVar24 * 0x39f8;
          puVar18 = &DAT_1401d49c0;
        }
        else {
          lVar24 = lVar24 * 0x3fa8;
        }
        cVar1 = FUN_140083c10(puVar19,puVar18 + lVar24,0xffffffff,0);
        if (cVar1 != '\x01') {
          return 0;
        }
        FUN_140052050(param_1 + 8);
        DAT_14019f118 = 0xffff;
        return 1;
      }
      goto LAB_1400408d7;
    }
    if (500 < uVar14) {
      return 0;
    }
    if (uVar14 == 500) {
      cVar1 = FUN_140076830(puVar19,&DAT_1401d49c0 + lVar24 * 0x39f8);
      if (cVar1 != '\x01') {
        return 0;
      }
      (&DAT_1401fb0a4)[(longlong)(int)(&DAT_14019f0c8)[uVar23] * 0x18] =
           (&DAT_1401fb0a4)[(longlong)(int)(&DAT_14019f0c8)[uVar23] * 0x18] + 2;
      DAT_1401ab28b = '\x01';
      _DAT_14019f110 = sVar5;
      (&DAT_1401ab070)[lVar24] = param_2;
      if ((&DAT_14019f165)[uVar23] != '\0') {
        (&DAT_14019f165)[uVar23] = 0;
      }
      goto LAB_140042ba8;
    }
    switch(uVar14) {
    case 400:
      iVar22 = FUN_14004fae0(param_1,param_2);
      lVar24 = (longlong)iVar22;
      puVar18 = &DAT_1401d49c0 + lVar24 * 0x39f8;
      cVar1 = FUN_140076a40(puVar19,puVar18,0);
      break;
    default:
      return 0;
    case 0x192:
      DAT_1401ab338 = 0xfff4;
      DAT_1401ab33c = 0xfff4;
      DAT_1401ab340 = 0xfff4;
      DAT_1401ab27a = 1;
      DAT_1401ab366 = 1;
      iVar22 = FUN_14004fae0(param_1,param_2);
      cVar1 = FUN_140078190(puVar19,&DAT_1401d49c0 + (longlong)iVar22 * 0x39f8);
      if (cVar1 != '\x01') {
        return 0;
      }
      (&DAT_1401fb0a4)[(longlong)(int)(&DAT_14019f0c8)[uVar23] * 0x18] =
           (&DAT_1401fb0a4)[(longlong)(int)(&DAT_14019f0c8)[uVar23] * 0x18] + 2;
      if ((DAT_1401a9a31 != '\0') ||
         (cVar1 = FUN_140086e90(&DAT_1401d49c0 + (longlong)iVar22 * 0x39f8,DAT_1401ab330,0,0),
         cVar1 != '\x01')) goto LAB_140042ba8;
      (&DAT_1401ab0c0)[iVar22] = iVar22;
      goto LAB_1400418ec;
    case 0x194:
      iVar22 = 0;
      if ((DAT_1401ab308 & 0x7fff) == 0) {
        DAT_1401ab308 = 1;
        uVar6 = 0;
        if (0 < (int)_DAT_1401aa8e8) {
          do {
            if (uVar6 != param_1) {
              puVar19 = &DAT_1401aba90 + (longlong)(int)uVar6 * 0x3fa8;
              cVar1 = FUN_140086e40(puVar19);
              if (cVar1 != '\x01') {
                FUN_140085370(puVar19,4);
                FUN_140085370(puVar19,0x40);
              }
            }
            uVar6 = uVar6 + 1;
          } while ((int)uVar6 < (int)_DAT_1401aa8e8);
        }
        iVar16 = 0;
        if (0 < (int)DAT_1401aa8e4) {
          do {
            FUN_140085370(&DAT_1401d49c0 + (longlong)iVar16 * 0x39f8,0x40);
            FUN_140085370(&DAT_1401d49c0 + (longlong)iVar16 * 0x39f8,4);
            iVar16 = iVar16 + 1;
          } while (iVar16 < (int)DAT_1401aa8e4);
        }
      }
      if ((DAT_1401ab308 & 0x7fff) == 1) {
        DAT_1401ab20a = 1;
        DAT_1401ab308 = 2;
        DAT_1401ab30c = 1;
      }
      if ((DAT_1401ab308 & 0x7fff) != 2) {
        return 0;
      }
      iVar16 = FUN_14004fae0(param_1,param_2);
      lVar24 = (longlong)iVar16;
      puVar19 = &DAT_1401aba90 + uVar23 * 0x3fa8;
      cVar1 = FUN_140076240(puVar19,&DAT_1401d49c0 + lVar24 * 0x39f8);
      if (cVar1 != '\x01') {
        return 0;
      }
      (&DAT_1401fb0a4)[(longlong)(int)(&DAT_14019f0c8)[uVar23] * 0x18] =
           (&DAT_1401fb0a4)[(longlong)(int)(&DAT_14019f0c8)[uVar23] * 0x18] + 2;
      DAT_1401ab28b = '\x01';
      _DAT_14019f110 = (short)iVar16;
      (&DAT_1401ab070)[lVar24] = iVar16;
      if ((&DAT_14019f165)[uVar23] != '\0') {
        (&DAT_14019f165)[uVar23] = 0;
      }
      if ((DAT_1401a9a31 == '\0') &&
         (cVar1 = FUN_140086e90(&DAT_1401d49c0 + lVar24 * 0x39f8,DAT_1401ab330,0,0), cVar1 == '\x01'
         )) {
        DAT_1401ab330 = 0xffffffff;
        (&DAT_1401ab0c0)[lVar24] = iVar16;
        DAT_1401ab29a = '\x01';
        SDL_memset(DAT_14020c8f8,0xff,(longlong)(DAT_14020dc08 * DAT_14020dc04 * 2));
        FUN_14007e2b0(puVar19,300);
        (&DAT_1401fb0a4)[(longlong)(int)(&DAT_14019f0c8)[uVar23] * 0x18] =
             (&DAT_1401fb0a4)[(longlong)(int)(&DAT_14019f0c8)[uVar23] * 0x18] + 5;
      }
      DAT_1401ab330 = 0;
      DAT_1401ab308 = 0;
      DAT_1401ab30c = 0;
      DAT_1401ab20a = 0;
      FUN_140089340(puVar19,0,0);
      FUN_14007e2b0(puVar19,300);
      uVar15 = 0;
      uVar6 = _DAT_1401aa8e8;
      if (0 < (int)_DAT_1401aa8e8) {
        do {
          if (uVar15 != param_1) {
            FUN_140085480(&DAT_1401aba90 + (longlong)(int)uVar15 * 0x3fa8,4);
            FUN_140085480(&DAT_1401aba90 + (longlong)(int)uVar15 * 0x3fa8,0x40);
            uVar6 = _DAT_1401aa8e8;
          }
          uVar15 = uVar15 + 1;
        } while ((int)uVar15 < (int)uVar6);
      }
      if (0 < (int)DAT_1401aa8e4) {
        do {
          FUN_140085480(&DAT_1401d49c0 + (longlong)iVar22 * 0x39f8,4);
          FUN_140085480(&DAT_1401d49c0 + (longlong)iVar22 * 0x39f8,0x40);
          iVar22 = iVar22 + 1;
        } while (iVar22 < (int)DAT_1401aa8e4);
        return 0;
      }
      return 0;
    case 0x195:
      iVar22 = FUN_14004fae0(param_1,param_2);
      lVar24 = (longlong)iVar22;
      puVar18 = &DAT_1401d49c0 + lVar24 * 0x39f8;
      cVar1 = FUN_140077480(puVar19,puVar18);
      break;
    case 0x196:
      iVar22 = FUN_14004fae0(param_1,param_2);
      lVar24 = (longlong)iVar22;
      puVar18 = &DAT_1401d49c0 + lVar24 * 0x39f8;
      cVar1 = FUN_140077940(puVar19,puVar18);
      break;
    case 0x199:
      cVar1 = FUN_140077fe0(puVar19,&DAT_1401d49c0 + lVar24 * 0x39f8);
      if (cVar1 == '\x01') {
        (&DAT_1401fb0a4)[(longlong)(int)(&DAT_14019f0c8)[uVar23] * 0x18] =
             (&DAT_1401fb0a4)[(longlong)(int)(&DAT_14019f0c8)[uVar23] * 0x18] + 2;
        DAT_1401ab28b = '\x01';
        _DAT_14019f110 = sVar5;
        (&DAT_1401ab070)[lVar24] = param_2;
        if ((&DAT_14019f165)[uVar23] != '\0') {
          (&DAT_14019f165)[uVar23] = 0;
        }
        if ((DAT_1401a9a31 == '\0') &&
           (cVar1 = FUN_140086e90(&DAT_1401d49c0 + lVar24 * 0x39f8,DAT_1401ab330,0,0),
           cVar1 == '\x01')) {
          DAT_1401ab330 = 0xffffffff;
          (&DAT_1401ab0c0)[lVar24] = param_2;
          DAT_1401ab29a = cVar1;
          SDL_memset(DAT_14020c8f8,0xff,(longlong)(DAT_14020dc08 * DAT_14020dc04 * 2));
          (&DAT_1401fb0a4)[(longlong)(int)(&DAT_14019f0c8)[uVar23] * 0x18] =
               (&DAT_1401fb0a4)[(longlong)(int)(&DAT_14019f0c8)[uVar23] * 0x18] + 5;
        }
        DAT_1401ab330 = 0;
        DAT_14019f118 = 0xffff;
        FUN_14007e2b0(puVar19,300);
        FUN_140089340(puVar19,0,0);
        return 1;
      }
      return 0;
    }
LAB_14004186e:
    if (cVar1 != '\x01') {
      return 0;
    }
    (&DAT_1401fb0a4)[(longlong)(int)(&DAT_14019f0c8)[uVar23] * 0x18] =
         (&DAT_1401fb0a4)[(longlong)(int)(&DAT_14019f0c8)[uVar23] * 0x18] + 2;
    cVar1 = (&DAT_14019f165)[uVar23];
    (&DAT_1401ab070)[lVar24] = (int)lVar24;
    _DAT_14019f110 = (short)lVar24;
    DAT_1401ab28b = '\x01';
    if (cVar1 != '\0') {
      (&DAT_14019f165)[uVar23] = 0;
    }
    if ((DAT_1401a9a31 == '\0') &&
       (cVar1 = FUN_140086e90(puVar18,DAT_1401ab330,0,0), cVar1 == '\x01')) {
      (&DAT_1401ab0c0)[lVar24] = (int)lVar24;
LAB_1400418ec:
      DAT_1401ab330 = 0xffffffff;
      DAT_1401ab29a = '\x01';
      SDL_memset(DAT_14020c8f8,0xff,(longlong)(DAT_14020dc08 * DAT_14020dc04 * 2));
      FUN_14007e2b0(puVar19,300);
      (&DAT_1401fb0a4)[(longlong)(int)(&DAT_14019f0c8)[uVar23] * 0x18] =
           (&DAT_1401fb0a4)[(longlong)(int)(&DAT_14019f0c8)[uVar23] * 0x18] + 5;
    }
LAB_140042ba8:
    DAT_1401ab330 = 0;
    FUN_140089340(puVar19,0,0);
    FUN_14007e2b0(puVar19,300);
    return 0;
  }
  uVar14 = *(ushort *)(&DAT_1401af3f6 + lVar20);
  if (uVar14 == 0) {
    return 1;
  }
  if (((&DAT_1401af461)[lVar20] != '\0') || ((&DAT_1401af462)[lVar20] != '\0')) goto LAB_1400408be;
LAB_1400408d7:
  switch(uVar3) {
  case 1:
    if (DAT_1401ab9a4 == '\0') {
      cVar1 = FUN_14007e820(&DAT_1401d49c0 + lVar24 * 0x39f8,0);
      uVar6 = param_2;
      if ((cVar1 == '\x01') && (uVar15 = 0, 0 < (int)DAT_1401aa8e4)) {
        do {
          cVar1 = FUN_14007e820(&DAT_1401d49c0 + (longlong)(int)uVar15 * 0x39f8,0);
          uVar6 = uVar15;
          if (cVar1 == '\0') break;
          uVar15 = uVar15 + 1;
          uVar6 = param_2;
        } while ((int)uVar15 < (int)DAT_1401aa8e4);
      }
      lVar24 = (longlong)(int)uVar6;
      puVar18 = &DAT_1401d49c0 + lVar24 * 0x39f8;
      cVar2 = FUN_1400712c0(puVar19,puVar18,0);
      cVar1 = (&DAT_14019f165)[uVar23];
      if (cVar2 == '\x01') {
        _DAT_14019f110 = (short)uVar6;
        DAT_1401ab28b = cVar2;
        (&DAT_1401ab070)[lVar24] = uVar6;
        if (cVar1 != '\0') {
          (&DAT_14019f165)[uVar23] = 0;
        }
        if ((DAT_1401a9a31 == '\0') &&
           (cVar1 = FUN_140086e90(puVar18,DAT_1401ab330,0,0), cVar1 == '\x01')) {
          (&DAT_1401ab0c0)[lVar24] = uVar6;
          DAT_1401ab29a = cVar1;
          SDL_memset(DAT_14020c8f8,0xff,(longlong)(DAT_14020dc08 * DAT_14020dc04 * 2));
          FUN_14007e2b0(puVar19,300);
        }
        sVar5 = FUN_14008b230(puVar19);
        if (sVar5 == 8) {
          uVar3 = FUN_14008b3a0(puVar19,0x38);
          iVar22 = (DAT_1401ab330 * 10) / 100;
          DAT_1401ab330 = (int)((DAT_1401ab330 - iVar22) * (uint)uVar3) / 100 + iVar22;
          DAT_1401ab334 = 0;
          FUN_14007e320(puVar19,0x246f);
          DAT_1401ab330 = -DAT_1401ab330;
          FUN_1400851b0(puVar19);
          FUN_140086e90(puVar19,DAT_1401ab330,0,0);
          FUN_140084d40(puVar19,8);
          FUN_140084d00(puVar19,1);
          FUN_14008b510(puVar19,5);
        }
        FUN_14004de80(puVar19,puVar18);
        DAT_1401ab330 = 0;
        DAT_1401ab37c = 0;
        DAT_1401ab378 = 0;
        FUN_14007e2b0(puVar19,300);
        return 0;
      }
      if (cVar1 != '\x01') {
        (&DAT_14019f165)[uVar23] = 1;
      }
      if ((&DAT_14019f152)[uVar23] != '\x01') {
        (&DAT_14019f152)[uVar23] = 1;
        return 0;
      }
    }
    else {
      cVar1 = FUN_1400712c0(puVar19,&DAT_1401aba90 + lVar24 * 0x3fa8,0);
      if (cVar1 == '\x01') {
        _DAT_14019f110 = sVar5;
        DAT_1401ab28b = cVar1;
        (&DAT_1401ab070)[lVar24] = param_2;
        if ((&DAT_14019f165)[uVar23] != '\0') {
          (&DAT_14019f165)[uVar23] = 0;
        }
        if ((DAT_1401a9a31 == '\0') &&
           (cVar1 = FUN_140086e90(&DAT_1401aba90 + lVar24 * 0x3fa8,DAT_1401ab330,0,0),
           cVar1 == '\x01')) {
          (&DAT_1401ab0c0)[lVar24] = param_2;
          DAT_1401ab29a = cVar1;
          SDL_memset(DAT_14020c8f8,0xff,(longlong)(DAT_14020dc08 * DAT_14020dc04 * 2));
          FUN_14007e2b0(puVar19,300);
        }
        FUN_14004de80(puVar19,&DAT_1401d49c0 + lVar24 * 0x39f8);
        sVar5 = FUN_14008b230(puVar19);
        if (sVar5 == 8) {
          uVar3 = FUN_14008b3a0(puVar19,0x38);
          DAT_1401ab330 = (DAT_1401ab330 * 10) / 100 + (int)(DAT_1401ab330 * (uint)uVar3) / 100;
          DAT_1401ab334 = 0;
          FUN_14008b510(puVar19,5);
        }
        DAT_1401ab330 = 0;
        DAT_1401ab37c = 0;
        DAT_1401ab378 = 0;
        FUN_14007e2b0(puVar19,300);
        return 0;
      }
    }
    break;
  case 2:
    if ((DAT_1401ab458 & 0x8000) == 0) {
      DAT_1401ab458 = DAT_1401ab458 | 0x8000;
      DAT_1401ab1f0 = FUN_14008d210(puVar19);
      DAT_14019f0f4 = 1;
      SDL_memset(&DAT_1401ab070,0xffffffff,0x48);
      SDL_memset(&DAT_1401aaf80,0,0x48);
      cVar1 = FUN_140086e00(puVar19);
      pvVar8 = DAT_1401aa8d8;
      if (cVar1 == '\x01') {
        DAT_1401ab346 = '\x01';
        pvVar7 = operator_new(0x58);
        pvVar8 = (void *)0x0;
        if (pvVar7 != (void *)0x0) {
          local_48 = _DAT_140172900;
          uStack_40 = _UNK_140172908;
          uVar9 = DAT_14020d3f0;
          if (DAT_14020dbc0 != '\0') {
            uVar9 = DAT_14020d3c0;
          }
          pvVar8 = (void *)FUN_140120ad0(pvVar7,uVar9,&local_48);
        }
      }
      DAT_1401aa8d8 = pvVar8;
      uVar23 = (ulonglong)param_1;
      if (DAT_1401ab9a4 == '\0') {
        if ((int)DAT_1401aa8e4 < (int)DAT_1401ab99c) {
          DAT_1401ab99c = DAT_1401aa8e4;
        }
      }
      else if ((int)_DAT_1401aa8e8 < (int)DAT_1401ab99c) {
        DAT_1401ab99c = _DAT_1401aa8e8;
      }
    }
    pvVar8 = DAT_1401aa8d8;
    if ((DAT_1401ab458 & 1) != 0) {
      DAT_1401ab330 = 0;
      DAT_1401ab378 = 0;
      DAT_1401ab37c = 0;
      if (((byte)DAT_1401ab1d8 & 0x20) == 0) {
        if ((DAT_1401ab346 == '\x01') && (DAT_1401aa8d8 != (void *)0x0)) {
          if (*(void **)((longlong)DAT_1401aa8d8 + 0x20) != (void *)0x0) {
            free(*(void **)((longlong)DAT_1401aa8d8 + 0x20));
          }
          pvVar7 = *(void **)((longlong)pvVar8 + 0x28);
          if (pvVar7 != (void *)0x0) {
            free(pvVar7);
          }
          free(pvVar8);
        }
        DAT_1401ab346 = 0;
        DAT_1401ab2fb = 1;
        FUN_14007e2b0(puVar19,300);
        FUN_14004e930(uVar23 & 0xffffffff);
        return 0;
      }
    }
    break;
  case 3:
    if ((DAT_1401ab458 & 0x8000) == 0) {
      DAT_1401ab458 = DAT_1401ab458 | 0x8000;
      DAT_1401ab1f0 = FUN_14008d210(puVar19);
      DAT_14019f0f4 = 1;
      SDL_memset(&DAT_1401ab070,0xffffffff,0x48);
      SDL_memset(&DAT_1401aaf80,0,0x48);
      uVar23 = (ulonglong)param_1;
      if (DAT_1401ab9a4 == '\0') {
        if ((int)DAT_1401aa8e4 < (int)DAT_1401ab99c) {
          DAT_1401ab99c = DAT_1401aa8e4;
        }
      }
      else if ((int)_DAT_1401aa8e8 < (int)DAT_1401ab99c) {
        DAT_1401ab99c = _DAT_1401aa8e8;
      }
    }
    if ((DAT_1401ab458 & 1) != 0) {
      _DAT_1401ab320 = FUN_140072980(puVar19);
      DAT_1401ab330 = 0;
      DAT_1401ab378 = 0;
      DAT_1401ab37c = 0;
      DAT_1401ab2fb = 1;
      FUN_14007e2b0(puVar19,300);
      FUN_14004e930(uVar23 & 0xffffffff);
      return 0;
    }
    break;
  case 4:
    iVar22 = FUN_14004fae0(param_1,param_2);
    lVar24 = (longlong)iVar22;
    puVar18 = &DAT_1401d49c0 + lVar24 * 0x39f8;
    cVar1 = FUN_140076240(puVar19,puVar18);
    goto LAB_14004186e;
  case 5:
    goto switchD_140040908_caseD_5;
  case 6:
    if (DAT_1401ab1dc < 2) {
      if (DAT_1401ab1dc == 0) {
        uVar3 = FUN_14007ab40(*(undefined4 *)(&DAT_1401d49e8 + lVar24 * 0x39f8));
        if (0x13 < uVar3) {
          DAT_1401ab33e = '\x01';
        }
        puVar18 = &DAT_1401d49c0 + lVar24 * 0x39f8;
        cVar1 = FUN_1400752b0(puVar19,puVar18);
        if (cVar1 == '\x01') {
          DAT_1401ab33e = '\x01';
        }
        if ((&DAT_1401afa34)[lVar20] == '\x01') {
          (&DAT_1401afa34)[lVar20] = 0;
          DAT_1401ab33e = '\x01';
        }
        else if (DAT_1401ab33e != '\x01') {
          DAT_1401ab1dc = 0x28;
          DAT_1401ab30f = 0;
          return 0;
        }
        FUN_14006fed0(puVar19,puVar18);
        DAT_1401ab30f = '\x01';
        FUN_14007e240(puVar18,1);
        (&DAT_14019f194)[lVar24] = 0;
        uVar9 = CONCAT44(uVar26,2);
        FUN_14014ccf0(&DAT_1401a6d80,"Battle_Dead",3,param_2 + 1,1,uVar9);
        uVar26 = (undefined4)((ulonglong)uVar9 >> 0x20);
        DAT_1401ab338 = 0xfff4;
        DAT_1401ab33c = 0xfff4;
        DAT_1401ab340 = 0xfff4;
        DAT_1401ab1dc = 1;
        DAT_1401ab27a = 1;
        FUN_140048b70(0);
        iVar22 = FUN_1400875b0(puVar18);
        if (iVar22 == 0x1c) {
          FUN_140085560(puVar18,1);
        }
      }
      cVar1 = FUN_140072e30(puVar19);
      if (cVar1 == '\x01') {
        FUN_14007e240(&DAT_1401d49c0 + lVar24 * 0x39f8,1);
        FUN_14014ccf0(&DAT_1401a6d80,"Battle_Dead",3,param_2 + 1,1,CONCAT44(uVar26,2));
        FUN_14007aaa0(*(undefined4 *)(&DAT_1401d49e8 + lVar24 * 0x39f8),1);
        DAT_1401ab1f3 = DAT_1401ab1f3 + 1;
        FUN_140052050(param_2);
        DAT_1401ab1dc = 0x1e;
        FUN_140048d90(*(undefined4 *)(&DAT_1401a9b54 + lVar24 * 0x20),1);
        return 0;
      }
    }
    else {
      DAT_1401ab1dc = DAT_1401ab1dc - 1;
      if (DAT_1401ab1dc == 2) {
        if (DAT_1401ab30f == '\x01') {
          FUN_140144750(0x117);
          uVar9 = FUN_1401668f0(0x411);
          FUN_140066e50(0x28,uVar9,0x40000002);
          FUN_1400ef340(DAT_140209b10,1);
        }
        else {
          FUN_140144750(0x116);
          uVar9 = FUN_1401668f0(0x412);
          FUN_140066e50(0x28,uVar9,0x40000002);
        }
        if ((int)DAT_1401aa8e4 <= (int)((uint)DAT_1401ab1f3 - (uint)DAT_1401ab1f5)) {
          DAT_14019f118 = 0xffff;
          DAT_1401aa938 = 99;
          DAT_1401ab1dc = 0;
          DAT_1401ab27a = 0;
          DAT_1401ab2fb = 1;
          DAT_1401ab30e = 0;
          DAT_1401ab338 = 0;
          DAT_1401ab33c = 0;
          DAT_1401ab33e = '\0';
          DAT_1401ab340 = 0;
          return 1;
        }
        DAT_14019f118 = 0xffff;
        DAT_1401ab1dc = 0;
        DAT_1401ab27a = 0;
        DAT_1401ab2fb = 1;
        DAT_1401ab338 = 0;
        DAT_1401ab33c = 0;
        DAT_1401ab33e = '\0';
        DAT_1401ab340 = 0;
        return 1;
      }
    }
    break;
  case 7:
    cVar1 = FUN_14007fb80(&DAT_1401d49c0 + lVar24 * 0x39f8);
    if (cVar1 == '\x01') {
      FUN_14014ccf0(&DAT_1401a6d80,"Battle_Dead",3,param_2 + 1,1,0);
      FUN_14007e2b0(&DAT_1401d49c0 + lVar24 * 0x39f8,0);
      FUN_140052050(param_2);
      if (param_2 < 4) {
        DAT_1401ab1f3 = DAT_1401ab1f3 + 1;
        return 1;
      }
      return 1;
    }
    break;
  case 0xb:
    cVar1 = FUN_1400845f0(puVar19,puVar19);
    if (cVar1 != '\x01') {
      return 0;
    }
    uVar12 = 0;
    goto LAB_140040cf7;
  case 0xc:
    cVar1 = FUN_1400842f0(puVar19);
    if (cVar1 != '\x01') {
      return 0;
    }
    uVar12 = 1;
LAB_140040cf7:
    FUN_140085560(puVar19,uVar12);
    FUN_140085550(puVar19,8);
    DAT_1401ab2f2 = 1;
    DAT_14019f118 = 0xffff;
    FUN_140052050(param_1 + 8);
    return 1;
  case 0xd:
    if (DAT_1401ab1dc == 0) {
      DAT_1401ab338 = 0xfff4;
      DAT_1401ab33c = 0xfff4;
      DAT_1401ab340 = 0xfff4;
      DAT_1401ab1dc = 1;
      DAT_1401ab27a = 1;
      FUN_140048b70(0);
    }
    cVar1 = FUN_140073650(puVar19,&DAT_1401d49c0 + lVar24 * 0x39f8);
    if (cVar1 == '\x01') {
      DAT_14019f118 = 0xffff;
      SDL_memset(&DAT_1401aa8a0,0,0x30);
      _DAT_1401aa8ba = _DAT_1401aa8ba | 0x2000;
      FUN_140085890(&DAT_1401d49c0 + lVar24 * 0x39f8,&DAT_1401aa8a0,puVar19);
      DAT_1401ab27a = 0;
      uVar13 = 0;
      DAT_1401ab338 = 0;
      DAT_1401ab33c = 0;
      DAT_1401ab340 = 0;
      DAT_14019f118 = 0xffff;
      DAT_1401ab1dc = 0;
      DAT_1401ab2fb = 1;
      psVar11 = (short *)(&DAT_1401ab2a0 + uVar23 * 0x14);
      uVar21 = uVar13;
      do {
        if (*psVar11 == 0) {
          *(short *)(&DAT_1401ab2a0 + (longlong)(int)uVar21 * 2 + uVar23 * 0x14) = sVar5 + 1;
          return 1;
        }
        uVar21 = (ulonglong)((int)uVar21 + 1);
        uVar13 = uVar13 + 1;
        psVar11 = psVar11 + 1;
      } while ((longlong)uVar13 < 8);
      DAT_14019f118 = 0xffff;
      DAT_1401ab1dc = 0;
      DAT_1401ab27a = 0;
      DAT_1401ab2fb = 1;
      DAT_1401ab338 = 0;
      DAT_1401ab33c = 0;
      DAT_1401ab340 = 0;
      return 1;
    }
    break;
  case 0xe:
    if (DAT_1401ab1dc == 0) {
      DAT_1401ab338 = 0xfff4;
      DAT_1401ab33c = 0xfff4;
      DAT_1401ab340 = 0xfff4;
      DAT_1401ab1dc = 1;
      DAT_1401ab27a = 1;
      FUN_140048b70(0);
      DAT_1401ab354 = 1;
    }
    cVar1 = FUN_140073960(puVar19,&DAT_1401d49c0 + lVar24 * 0x39f8);
    if (cVar1 == '\x01') {
      DAT_14019f118 = 0xffff;
      DAT_1401ab1dc = 0;
      DAT_1401ab27a = 0;
      DAT_1401ab2fb = 1;
      DAT_1401ab338 = 0;
      DAT_1401ab33c = 0;
      DAT_1401ab340 = 0;
      return 1;
    }
    return 0;
  case 0xf:
    lVar24 = uVar23 * 0x148;
    if (*(char *)(&DAT_1401f4880 + uVar23 * 0xa4) == '\0') {
      return 1;
    }
    iVar22 = (int)(char)(&DAT_1401f487a)[lVar24];
    uVar17 = (uint)*(byte *)((longlong)&DAT_1401f4878 + lVar24 + 1);
    if (iVar22 == -1) {
      iVar22 = 0;
      if (DAT_1401d4678 == -1) {
        DAT_1401d4678 = 0;
        uVar15 = _DAT_1401aa8e8;
      }
      else if (DAT_1401d47c0 == -1) {
        DAT_1401d47c0 = 0;
        iVar22 = 1;
        uVar15 = _DAT_1401aa8e8;
      }
      else {
        *(undefined1 *)((longlong)&DAT_1401f4880 + lVar24 + 1) = 1;
      }
      (&DAT_1401f487a)[lVar24] = (char)iVar22;
      *(char *)((longlong)&DAT_1401f4878 + lVar24 + 1) = (char)uVar15;
      uVar17 = uVar15;
    }
    if (DAT_1401ab1dc == 0) {
      if (DAT_1401ab2fc < 2) {
        DAT_1401ab2fc = DAT_1401ab2fc + 1;
        _DAT_1401aa8e8 = uVar6 + 1;
      }
      else {
        FUN_140052050(uVar17 + 8);
      }
      lVar24 = (longlong)iVar22 * 0x148;
      FUN_14003db90(&DAT_1401d4650 + (longlong)iVar22 * 0x52,&DAT_1401f4740 + uVar23 * 0x52);
      *(char *)((longlong)&DAT_1401d4788 + lVar24 + 1) = (char)uVar17;
      DAT_1401f5b41 = 0;
      puVar19 = &DAT_1401aba90 + (longlong)(int)uVar17 * 0x3fa8;
      FUN_14007de60(puVar19,uVar17 & 0xffff,0);
      FUN_140085840(puVar19,1);
      FUN_14007e6f0(puVar19);
      FUN_140085560(puVar19,1);
      if (DAT_1401ab303 == '\0') {
        FUN_1400875a0(puVar19,1);
      }
      FUN_14006f490(puVar19,&DAT_1401d4650 + (longlong)iVar22 * 0x52,
                    &DAT_1401a9c40 + (longlong)(int)uVar17 * 0x20);
      FUN_140048500();
      FUN_14014ccf0(&DAT_1401a6d80,"Battle_KeeperInit",2,uVar17 + 1,
                    *(undefined4 *)(&DAT_1401d478c + lVar24));
      DAT_1401ab1dc = 1;
      _DAT_1401ab178 = 0;
      _DAT_1401ab17c = 0;
    }
    lVar24 = (longlong)(int)uVar17;
    DAT_1401ab338 = 0xfff4;
    DAT_1401ab33c = 0xfff4;
    DAT_1401ab340 = 0xfff4;
    DAT_1401ab27a = 1;
    FUN_140048b70(0);
    cVar1 = FUN_140073c40(&DAT_1401aba90 + lVar24 * 0x3fa8,(&DAT_1401d4650)[(longlong)iVar22 * 0x52]
                          ,(int)(short)(&DAT_1401a9c58)[lVar24 * 0x10],
                          (int)(short)(&DAT_1401a9c5a)[lVar24 * 0x10]);
    if (cVar1 == '\x01') {
      FUN_140052050(param_1 + 8);
      DAT_1401ab1df = 0x80;
      DAT_1401aa944 = 0;
      DAT_14019f118 = 0xffff;
      DAT_1401ab1dc = 0;
      FUN_140048500();
      FUN_1400485f0();
      FUN_140050fc0(&DAT_1401f4740 + uVar23 * 0x52);
      return 1;
    }
    break;
  case 0x11:
    if (DAT_1401ab294 == 0) {
      DAT_14019f118 = 0xffff;
      return 1;
    }
    break;
  case 0x16:
    if ((DAT_1401ab458 & 0x8000) != 0) {
      if ((DAT_1401ab458 & 1) != 0) {
        DAT_1401ab2fb = 1;
        return 1;
      }
      return 0;
    }
    cVar1 = FUN_14003c1e0();
    if (cVar1 != '\x01') {
      return 0;
    }
    DAT_1401ab1f0 = 6;
    if (DAT_1401a8788 == 0) {
      FUN_140083130(&DAT_1401d49c0 + (longlong)DAT_1401af314 * 0x39f8);
      DAT_1401ab99c = 0;
      iVar22 = 0;
      if (0 < (int)DAT_1401aa8e4) {
        do {
          cVar1 = FUN_14007e820(&DAT_1401d49c0 + (longlong)iVar22 * 0x39f8,0);
          if (cVar1 != '\x01') {
            DAT_1401ab99c = DAT_1401ab99c + 1;
          }
          iVar22 = iVar22 + 1;
        } while (iVar22 < (int)DAT_1401aa8e4);
        iVar22 = 0;
        if (0 < (int)DAT_1401aa8e4) {
          do {
            iVar16 = iVar22 + 1;
            cVar1 = FUN_14007e820(&DAT_1401d49c0 + (longlong)iVar22 * 0x39f8,0);
            if (cVar1 == '\0') {
              lVar24 = uVar23 * 0x3fa8;
              *(int *)(&DAT_1401af47c + lVar24) = iVar16;
              (&DAT_1401af484)[lVar24] = 1;
              FUN_140051340(&DAT_1401aba90 + lVar24);
              break;
            }
            iVar22 = iVar16;
          } while (iVar16 < (int)DAT_1401aa8e4);
        }
      }
    }
    else {
      FUN_140083130(&DAT_1401d49c0 + (longlong)DAT_1401af314 * 0x39f8);
      iVar22 = 0;
      DAT_1401ab99c = 0;
      DAT_1401ab9a4 = '\x01';
      iVar16 = 0;
      if (0 < (int)_DAT_1401aa8e8) {
        do {
          cVar1 = FUN_14007e820(&DAT_1401aba90 + (longlong)iVar16 * 0x3fa8,0);
          if (cVar1 != '\x01') {
            DAT_1401ab99c = DAT_1401ab99c + 1;
          }
          iVar16 = iVar16 + 1;
        } while (iVar16 < (int)_DAT_1401aa8e8);
      }
      if (0 < DAT_1401aa8f0) {
        do {
          iVar16 = iVar22 + 1;
          cVar1 = FUN_14007e820(&DAT_1401aba90 + (longlong)iVar22 * 0x3fa8,0);
          if (cVar1 == '\0') {
            lVar24 = uVar23 * 0x3fa8;
            *(int *)(&DAT_1401af47c + lVar24) = iVar16;
            (&DAT_1401af484)[lVar24] = 0;
            FUN_140051340(&DAT_1401aba90 + lVar24);
            break;
          }
          iVar22 = iVar16;
        } while (iVar16 < DAT_1401aa8f0);
      }
    }
    DAT_1401ab9a6 = 1;
    FUN_140071020(&DAT_1401aba90 + uVar23 * 0x3fa8,0x5fd,&DAT_1401aa9c8 + uVar23 * 4);
    FUN_1400830e0(&DAT_1401aba90 + uVar23 * 0x3fa8);
    DAT_1401ab458 = DAT_1401ab458 | 0x8000;
    return 0;
  case 0x17:
    cVar1 = FUN_1400748b0(puVar19,&DAT_1401d49c0 + lVar24 * 0x39f8);
    if (cVar1 == '\x01') {
      iVar22 = FUN_140074b60(puVar19,&DAT_1401d49c0 + lVar24 * 0x39f8);
      if (iVar22 - 1U < 24999) {
        uVar9 = FUN_14007a760(iVar22);
        uVar10 = FUN_1401668f0(0x413);
        FUN_1401677e0(&DAT_14019f320,uVar10,uVar9);
        FUN_140144750(0x117);
        FUN_140066e50(0x32,DAT_14019f320,0x40000002);
        FUN_140048d90(iVar22,1);
        FUN_14007e2b0(puVar19,300);
        return 0;
      }
      FUN_140144750(0x116);
      uVar9 = 0x414;
      if (iVar22 != 25000) {
        uVar9 = 0x415;
      }
      uVar9 = FUN_1401668f0(uVar9);
      FUN_140066e50(0x1e,uVar9,0x40000002);
      FUN_14007e2b0(puVar19,300);
      return 0;
    }
    break;
  case 0x18:
    uVar6 = FUN_140074c10(puVar19,&DAT_1401d49c0 + lVar24 * 0x39f8,0);
    uVar3 = (ushort)uVar6;
    DAT_14019f10c = uVar3;
    if ((short)uVar3 < 0) {
      iVar22 = 0;
      if (0 < (int)DAT_1401aa8e4) {
        lVar24 = 0;
        do {
          puVar18 = &DAT_1401d49c0 + (longlong)iVar22 * 0x39f8;
          cVar1 = FUN_14007e820(puVar18,0);
          if (cVar1 != '\x01') {
            *(int *)((longlong)&DAT_1401ab110 + lVar24) = iVar22;
            in_stack_ffffffffffffffa8 = in_stack_ffffffffffffffa8 & 0xffffff00;
            sVar5 = FUN_140089570(puVar19,puVar18,&DAT_1401ab378,&DAT_1401ab37c,
                                  in_stack_ffffffffffffffa8);
            DAT_1401ab334 = (int)sVar5;
            if (0x270e < DAT_1401ab334) {
              DAT_1401ab334 = 9999;
            }
            DAT_1401ab330 = DAT_1401ab330 + DAT_1401ab334;
            FUN_14008b9a0(puVar18);
            FUN_1400851b0(puVar18,DAT_1401ab330);
            FUN_140084d00(puVar18);
            if ((DAT_1401a9a31 == '\0') &&
               (cVar1 = FUN_140086e90(puVar18,DAT_1401ab330,0,0), cVar1 == '\x01')) {
              DAT_1401ab330 = 0xffffffff;
              *(int *)((longlong)&DAT_1401ab0c0 + lVar24) = iVar22;
              DAT_1401ab29a = cVar1;
              SDL_memset(DAT_14020c8f8,0xff,(longlong)(DAT_14020dc08 * DAT_14020dc04 * 2));
            }
            DAT_1401ab330 = 0;
          }
          iVar22 = iVar22 + 1;
          lVar24 = lVar24 + 4;
        } while (iVar22 < (int)DAT_1401aa8e4);
        uVar6 = (uint)DAT_14019f10c;
      }
      uVar3 = (ushort)uVar6;
      DAT_1401ab160 = uVar6 & 0x7fff;
    }
    if (uVar3 != 2) {
      DAT_14019f10c = 0;
      return 0;
    }
    goto switchD_140040908_caseD_5;
  case 0x1a:
    DAT_1401ab33a = 1;
    if (DAT_1401a87ac == 1) {
      FUN_140085370(puVar19,0x40);
    }
    cVar1 = FUN_14003c620(0x140);
    if ((cVar1 == '\x01') && ((DAT_1401ab0b8 & 0x8000) == 0)) {
      FUN_140085480(&DAT_1401aba90 + uVar23 * 0x3fa8,0x40);
      FUN_14007e2b0(&DAT_1401aba90 + uVar23 * 0x3fa8,300);
      DAT_1401a87ac = 0;
      DAT_1401a87bc = 0;
      DAT_1401a87cc = 0;
      DAT_1401ab33a = 0;
      return 0;
    }
    if (((DAT_1401ab0b8 & 1) != 0) && (DAT_1401ab0b8 = 0x8000, DAT_1401a87cc == 0)) {
      bVar25 = DAT_1401a87bc == 0;
      DAT_1401a87bc = 0;
      if (bVar25) {
        DAT_1401a87cc = 1;
      }
      else {
        FUN_140144750(0x2c);
        FUN_140085480(&DAT_1401aba90 + uVar23 * 0x3fa8,0x40);
      }
    }
    puVar18 = &DAT_1401d49c0 + lVar24 * 0x39f8;
    puVar19 = &DAT_1401aba90 + uVar23 * 0x3fa8;
    cVar1 = FUN_1400712c0(puVar19,puVar18,0);
    if (cVar1 == '\x01') {
      DAT_1401ab0b8 = DAT_1401ab0b8 & 0xfff;
      _DAT_14019f110 = sVar5;
      DAT_1401ab28b = cVar1;
      (&DAT_1401ab070)[lVar24] = param_2;
      if ((&DAT_14019f165)[uVar23] != '\0') {
        (&DAT_14019f165)[uVar23] = 0;
      }
      DAT_1401ab33a = 0;
      if ((DAT_1401a9a31 == '\0') &&
         (cVar1 = FUN_140086e90(puVar18,DAT_1401ab330,0,0), cVar1 == '\x01')) {
        DAT_1401ab330 = 0xffffffff;
        (&DAT_1401ab0c0)[lVar24] = param_2;
        DAT_1401ab29a = cVar1;
        FUN_140084a90(puVar18,1);
        SDL_memset(DAT_14020c8f8,0xff,(longlong)(DAT_14020dc08 * DAT_14020dc04 * 2));
        DAT_1401a87ac = 0x8000;
      }
      DAT_1401ab330 = 0;
      FUN_140085370(puVar19,0x40);
      if ((DAT_1401a87ac & 0x8000) != 0) {
        FUN_140085480(puVar19,0x40);
        FUN_14007e2b0(puVar19,300);
        DAT_1401a87ac = 0;
        DAT_1401a87bc = 0;
        DAT_1401a87cc = 0;
        DAT_1401ab33a = 0;
        return 0;
      }
    }
    break;
  case 0x1b:
    cVar1 = FUN_140075450(puVar19,&DAT_1401d49c0 + lVar24 * 0x39f8);
    if (cVar1 == '\x01') {
      _DAT_1401ab320 = FUN_140072980(puVar19);
      if ((DAT_1401a9a31 == '\0') &&
         (cVar1 = FUN_140086e90(&DAT_1401d49c0 + lVar24 * 0x39f8,DAT_1401ab330,0,0), cVar1 == '\x01'
         )) {
        DAT_1401ab330 = 0xffffffff;
        (&DAT_1401ab0c0)[lVar24] = param_2;
        DAT_1401ab29a = cVar1;
        SDL_memset(DAT_14020c8f8,0xff,(longlong)(DAT_14020dc08 * DAT_14020dc04 * 2));
      }
      DAT_14019f118 = 0xffff;
      DAT_1401ab330 = 0;
      return 1;
    }
    break;
  case 0x1c:
    cVar1 = FUN_1400758d0(puVar19,puVar19,0x1965);
    if (cVar1 != '\x01') {
      return 0;
    }
    SDL_memset(&DAT_1401aa8a0,0,0x30);
    uVar3 = FUN_14008b3a0(puVar19,0x1c);
    _DAT_1401aa8a4 = 0x10000000;
    goto LAB_14004101f;
  case 0x1d:
    puVar18 = &DAT_1401d49c0 + lVar24 * 0x39f8;
    cVar1 = FUN_1400758d0(puVar19,puVar18,0x1791);
    if (cVar1 == '\x01') {
      SDL_memset(&DAT_1401aa8a0,0,0x30);
      uVar3 = FUN_14008b3a0(puVar19,0x1d);
      _DAT_1401aa8a4 = 0x8000000;
      DAT_1401aa8ca = (char)(((uint)uVar3 * 4) / 100) + '\x02';
      FUN_140086600(puVar18,&DAT_1401aa8a0);
      FUN_14008b9a0(puVar18);
      FUN_140086600(puVar19,&DAT_1401aa8a0);
      DAT_14019f118 = 0xffff;
      return 1;
    }
    break;
  case 0x1f:
    DAT_1401aa938 = 0;
    if (DAT_1401ab108 == 0) {
      DAT_1401ab108 = 0x80000000;
      in_stack_ffffffffffffffa8 = 0;
      FUN_140153100(&DAT_1401a7860,0,5,0,1,in_stack_ffffffffffffffb0 & 0xffffffff00000000);
      FUN_14007e960(&DAT_1401d49c0 + lVar24 * 0x39f8,&DAT_1401ab370,&DAT_1401ab374);
      FUN_14003c830();
    }
    cVar1 = FUN_140151160(0x4b);
    if (cVar1 != '\0') {
      FUN_140151090(0x4b);
      DAT_14019f118 = 0xffff;
      DAT_1401ab108 = 0;
      DAT_1401ab388 = 0;
      return 1;
    }
    if ((DAT_1401ab108 & 1) != 0) {
      FUN_140144750(0x2e);
      FUN_14003c830();
      DAT_1401ab388 = 1;
      DAT_1401ab108 = 0x80000000;
      puVar18 = &DAT_1401d49c0 + lVar24 * 0x39f8;
      sVar5 = FUN_140089570(puVar19,puVar18,&DAT_1401ab378,&DAT_1401ab37c,
                            in_stack_ffffffffffffffa8 & 0xffffff00);
      DAT_1401ab330 = (int)sVar5;
      FUN_14008b9a0(puVar18);
      FUN_1400851b0(puVar18,DAT_1401ab330);
      FUN_140084d00(puVar18,1);
      if ((DAT_1401a9a31 == '\0') &&
         (cVar1 = FUN_140086e90(puVar18,DAT_1401ab330,0,0), cVar1 == '\x01')) {
        FUN_140151090(0x4a);
        (&DAT_1401ab0c0)[lVar24] = param_2;
        DAT_1401ab29a = 1;
        SDL_memset(DAT_14020c8f8,0xff,(longlong)(DAT_14020dc08 * DAT_14020dc04 * 2));
        DAT_14019f118 = 0xffff;
        DAT_1401ab108 = 0;
        DAT_1401ab330 = 0;
        return 1;
      }
      DAT_1401ab330 = 0;
      return 0;
    }
    break;
  case 0x20:
    cVar1 = FUN_1400758d0(puVar19,puVar19,0x1965);
    if (cVar1 != '\x01') {
      return 0;
    }
    SDL_memset(&DAT_1401aa8a0,0,0x30);
    uVar3 = FUN_14008b3a0(puVar19,0x20);
    _DAT_1401aa8a4 = 0x2000000;
LAB_14004101f:
    DAT_1401aa8ca = (char)(((uint)uVar3 * 4) / 100) + '\x02';
    FUN_140086600(puVar19,&DAT_1401aa8a0);
switchD_140040908_caseD_5:
    DAT_14019f118 = 0xffff;
switchD_140040908_caseD_64:
    return 1;
  case 0x21:
    puVar18 = &DAT_1401d49c0 + lVar24 * 0x39f8;
    cVar1 = FUN_140075c50(puVar19,puVar18,0x1791);
    if (cVar1 == '\x01') {
      DAT_14019f118 = 0xffff;
      DAT_1401aa8d0 = (&DAT_1401d49f0)[lVar24 * 0x73f];
      if ((*(byte *)(DAT_1401aa8d0 + 8) & 0x20) != 0) {
        DAT_14019f118 = 0xffff;
        return 1;
      }
      uVar4 = FUN_14008b3a0(puVar19,0x21);
      cVar1 = FUN_140078490(puVar19,uVar4);
      if (cVar1 == '\x01') {
        FUN_140087130(puVar18,7);
        FUN_14007e240(puVar18,1);
        FUN_14014ccf0(&DAT_1401a6d80,"Battle_Dead",3,param_1 + 1,1,0);
        (&DAT_1401ab0c0)[lVar24] = param_2;
        DAT_1401ab29a = '\x01';
        SDL_memset(DAT_14020c8f8,0xff,(longlong)(DAT_14020dc08 * DAT_14020dc04 * 2));
        return 1;
      }
      return 1;
    }
    break;
  case 0x22:
    cVar1 = FUN_1400758d0(puVar19,puVar19,0x17ba);
    if (cVar1 == '\x01') {
      sVar5 = FUN_140089570(puVar19,puVar19,&DAT_1401ab378,&DAT_1401ab37c,
                            in_stack_ffffffffffffffa8 & 0xffffff00);
      DAT_1401ab334 = (int)sVar5;
      FUN_1400851b0(puVar19);
      FUN_140084d00(puVar19,1);
      FUN_140086e90(puVar19,DAT_1401ab334,0,0);
      DAT_14019f118 = 0xffff;
      DAT_1401ab334 = 0;
      return 1;
    }
    break;
  case 0x23:
    cVar1 = FUN_1400758d0(puVar19,puVar19,0x17ba);
    if (cVar1 == '\x01') {
      sVar5 = FUN_140089570(puVar19,puVar19,&DAT_1401ab378,&DAT_1401ab37c,
                            in_stack_ffffffffffffffa8 & 0xffffff00);
      DAT_1401ab334 = (int)sVar5;
      FUN_1400851b0(puVar19,(int)DAT_1401ab378);
      FUN_140084d00(puVar19,1);
      FUN_140086e90(puVar19,0,DAT_1401ab378,0);
      DAT_14019f118 = 0xffff;
      DAT_1401ab378 = 0;
      return 1;
    }
    break;
  case 0x24:
    cVar1 = FUN_1400758d0(puVar19,puVar19,0x17ba);
    if (cVar1 == '\x01') {
      sVar5 = FUN_140089570(puVar19,puVar19,&DAT_1401ab378,&DAT_1401ab37c,
                            in_stack_ffffffffffffffa8 & 0xffffff00);
      DAT_1401ab334 = (int)sVar5;
      FUN_1400851b0(puVar19,(int)DAT_1401ab37c);
      FUN_140084d00(puVar19,1);
      FUN_140086e90(puVar19,0,0,DAT_1401ab37c);
      DAT_14019f118 = 0xffff;
      DAT_1401ab37c = 0;
      return 1;
    }
    break;
  case 100:
    goto switchD_140040908_caseD_64;
  case 200:
    if (DAT_1401ab9a4 == '\0') {
      FUN_140083640(puVar19,&DAT_1401d49c0 + lVar24 * 0x39f8);
      return 0;
    }
    FUN_140083640(puVar19,&DAT_1401aba90 + lVar24 * 0x3fa8);
    return 0;
  }
  return 0;
}

  
2026-09-08 19:16:21 INFO  (GhidraScript) ReportHdBossDamageBranches.py> FUNCTION 0x140078980L  
2026-09-08 19:16:21 INFO  (GhidraScript) ReportHdBossDamageBranches.py> 
void FUN_140078980(longlong param_1,longlong param_2,undefined4 param_3,float param_4,float param_5)

{
  short *psVar1;
  int iVar2;
  byte bVar3;
  ushort *puVar4;
  undefined8 uVar5;
  longlong lVar6;
  undefined1 local_f8 [4];
  undefined4 local_f4;
  undefined4 local_e0;
  undefined4 local_dc;
  undefined4 local_d4;
  undefined4 local_cc;
  int local_c4;
  int local_c0;
  undefined8 local_b8;
  undefined4 local_98;
  undefined4 local_84;
  undefined2 local_80;
  
  bVar3 = DAT_1401a76e1;
  *(undefined4 *)(param_1 + 0x28) = param_3;
  *(undefined4 *)(param_1 + 0x358c) = 0;
  FUN_14007a8e0(*(undefined8 *)(param_1 + 0x30),param_3);
  *(undefined4 *)(param_2 + 0x14) = *(undefined4 *)(*(longlong *)(param_1 + 0x30) + 0x3c);
  local_f4 = 0;
  local_dc = 0;
  SDL_memset(local_f8,0,0xd8);
  local_b8 = 0xffffffffffffffff;
  local_98 = 0xffffffff;
  local_f4 = 0;
  local_e0 = SDL_GetTicks();
  local_d4 = *(undefined4 *)(param_2 + 0x14);
  local_cc = 0x24;
  FUN_140100260(local_f8,1);
  if (*(char *)(param_1 + 0x39d3) == '\x01') {
    puVar4 = (ushort *)FUN_140105800(local_84,local_80,1);
    if ((int)((uint)(*puVar4 >> (bVar3 & 0x1f)) + (int)*(short *)(param_2 + 0x18)) < 0x350)
    goto LAB_140078a7d;
    local_c4._0_2_ = 0x350 - (*puVar4 >> (bVar3 & 0x1f));
  }
  else {
    if (-1 < *(short *)(param_2 + 0x18) - local_c4) goto LAB_140078a7d;
  }
  *(short *)(param_2 + 0x18) = (short)local_c4;
LAB_140078a7d:
  if (*(short *)(param_2 + 0x1a) - local_c0 < 0) {
    *(undefined2 *)(param_2 + 0x1a) = (undefined2)local_c0;
  }
  SDL_memcpy(param_1 + 0x1598,param_2,0x20);
  SDL_memcpy(param_1 + 0x15b8,param_1 + 0x1598,0x20);
  uVar5 = FUN_140166ab0(**(undefined8 **)(param_1 + 0x30));
  FUN_14008cb70(param_1,uVar5);
  if ((*(byte *)(*(longlong *)(param_1 + 0x30) + 8) & 0x20) != 0) {
    psVar1 = (short *)(*(longlong *)(param_1 + 0x30) + 0x48);
    *psVar1 = *psVar1 + 6;
    psVar1 = (short *)(*(longlong *)(param_1 + 0x30) + 0x44);
    *psVar1 = *psVar1 + 10;
  }
  *(undefined1 *)(param_1 + 0x39b4) = *(undefined1 *)(param_2 + 0x1c);
  if (param_4 != 0.0) {
    *(short *)(*(longlong *)(param_1 + 0x30) + 0x48) =
         (short)(int)((float)*(ushort *)(*(longlong *)(param_1 + 0x30) + 0x48) * param_4);
    *(short *)(*(longlong *)(param_1 + 0x30) + 0x44) =
         (short)(int)((float)*(ushort *)(*(longlong *)(param_1 + 0x30) + 0x44) * param_4);
    *(short *)(*(longlong *)(param_1 + 0x30) + 0x46) =
         (short)(int)((float)*(ushort *)(*(longlong *)(param_1 + 0x30) + 0x46) * param_4);
    *(short *)(*(longlong *)(param_1 + 0x30) + 0x4a) =
         (short)(int)((float)*(ushort *)(*(longlong *)(param_1 + 0x30) + 0x4a) * param_4);
    *(int *)(*(longlong *)(param_1 + 0x30) + 0x58) =
         (int)((float)*(int *)(*(longlong *)(param_1 + 0x30) + 0x58) * param_4);
    *(int *)(*(longlong *)(param_1 + 0x30) + 0x54) =
         (int)((float)*(uint *)(*(longlong *)(param_1 + 0x30) + 0x54) * param_4);
    *(int *)(*(longlong *)(param_1 + 0x30) + 0xa4) =
         (int)((float)*(uint *)(*(longlong *)(param_1 + 0x30) + 0xa4) * param_4);
  }
  if (param_5 != 0.0) {
    *(short *)(*(longlong *)(param_1 + 0x30) + 0x42) =
         (short)(int)((float)*(ushort *)(*(longlong *)(param_1 + 0x30) + 0x42) * param_5);
  }
  *(undefined4 *)(*(longlong *)(param_1 + 0x30) + 0x38) =
       *(undefined4 *)(*(longlong *)(param_1 + 0x30) + 0x58);
  lVar6 = *(longlong *)(param_1 + 0x30);
  *(undefined1 *)(param_1 + 0x399b) = *(undefined1 *)(lVar6 + 0xac);
  iVar2 = *(int *)(lVar6 + 0x3c);
  *(int *)(param_1 + 0x3900) = iVar2;
  if (iVar2 == 0) {
    *(undefined4 *)(param_1 + 0x3900) = *(undefined4 *)(param_2 + 0x14);
  }
  *(undefined4 *)(param_1 + 0x355c) = 0;
  FUN_14007a330(param_1 + 0x15d8,*(undefined4 *)(lVar6 + 0x50));
  lVar6 = *(longlong *)(param_1 + 0x30);
  if (*(uint *)(lVar6 + 0x54) != 0) {
    *(int *)(lVar6 + 0x54) = (int)(longlong)(float)*(uint *)(lVar6 + 0x54);
    lVar6 = *(longlong *)(param_1 + 0x30);
  }
  if (*(uint *)(lVar6 + 0xa4) != 0) {
    *(int *)(lVar6 + 0xa4) = (int)(longlong)(float)*(uint *)(lVar6 + 0xa4);
  }
  return;
}

  
2026-09-08 19:16:21 INFO  (GhidraScript) ReportHdBossDamageBranches.py> FUNCTION 0x14007fb80L  
2026-09-08 19:16:22 INFO  (GhidraScript) ReportHdBossDamageBranches.py> 
undefined8 FUN_14007fb80(longlong param_1)

{
  ushort *puVar1;
  longlong *plVar2;
  short sVar3;
  short sVar4;
  undefined2 uVar5;
  undefined2 uVar6;
  undefined2 *puVar7;
  byte bVar8;
  char cVar9;
  short sVar10;
  undefined8 uVar11;
  longlong lVar12;
  ushort uVar13;
  int iVar14;
  int iVar15;
  int iVar16;
  int iVar17;
  ushort uVar18;
  uint uVar19;
  bool bVar20;
  undefined4 local_res8 [2];
  undefined1 local_res10 [8];
  undefined1 local_res18 [8];
  uint local_res20;
  undefined8 in_stack_ffffffffffffff98;
  undefined4 uVar22;
  ulonglong uVar21;
  undefined4 uVar23;
  ulonglong in_stack_ffffffffffffffa0;
  undefined8 uVar24;
  
  bVar8 = DAT_1401a76e1;
  uVar19 = (uint)DAT_1401a76e1;
  iVar16 = 0;
  local_res8[0] = 0;
  iVar14 = 0x1e0 << (DAT_1401a76e1 & 0x1f);
  iVar15 = (iVar14 >> 4) + -1;
  if (*(char *)(param_1 + 0x39bb) == '\0') {
    (&DAT_14019f194)[*(short *)(param_1 + 4)] = 0;
    return 0;
  }
  if (*(short *)(param_1 + 6) != 0) {
    (&DAT_14019f194)[*(short *)(param_1 + 4)] = 1;
  }
  *(undefined4 *)(param_1 + 0x58c) = *(undefined4 *)(param_1 + 0x3900);
  *(undefined1 *)(param_1 + 0x39b7) = 1;
  *(undefined1 *)(param_1 + 0x39ba) = 1;
  *(undefined4 *)(param_1 + 0x594) = 0x24;
  if ((((*(char *)(param_1 + 0x39b4) == '\x01') || (*(char *)(param_1 + 0x39ce) == '\x01')) &&
      (*(char *)(param_1 + 0x39d1) == '\0')) && (*(char *)(param_1 + 0x39d2) == '\0')) {
    *(undefined1 *)(param_1 + 0x399c) = 0;
    *(undefined2 *)(param_1 + 0x383a) = 1000;
    if (*(char *)(param_1 + 0x39b4) == '\x01') {
      puVar1 = (ushort *)(*(longlong *)(param_1 + 0x18) + 0x30);
      *puVar1 = *puVar1 | 0x8000;
    }
    *(undefined8 *)(param_1 + 0x400) = 0;
    *(undefined2 *)(param_1 + 0x383a) = 0;
    *(undefined2 *)(param_1 + 0x3908) = 0;
    FUN_140078880(param_1 + 0x568);
    FUN_14007e430(param_1);
    *(undefined1 *)(param_1 + 0x39b7) = 0;
    *(undefined1 *)(param_1 + 0x39bb) = 0;
    (&DAT_14019f194)[*(short *)(param_1 + 4)] = 0;
    sVar10 = *(short *)(param_1 + 4);
    *(undefined1 *)(param_1 + 0x39ba) = 1;
    if (*(char *)(param_1 + 0x39b4) == '\x01') {
      if ((&DAT_14019f165)[sVar10] != '\0') {
        (&DAT_14019f165)[sVar10] = 0;
        sVar10 = *(short *)(param_1 + 4);
      }
      if ((&DAT_14019f152)[sVar10] != '\0') {
        (&DAT_14019f152)[sVar10] = 0;
        sVar10 = *(short *)(param_1 + 4);
      }
      if ((&DAT_14019f177)[sVar10] != '\0') {
        (&DAT_14019f177)[sVar10] = 0;
        FUN_140085ef0(param_1,&DAT_14019f101);
        return 1;
      }
    }
    else {
      if ((&DAT_14019f15d)[sVar10] != '\0') {
        (&DAT_14019f15d)[sVar10] = 0;
        sVar10 = *(short *)(param_1 + 4);
      }
      if ((&DAT_14019f14a)[sVar10] != '\0') {
        (&DAT_14019f14a)[sVar10] = 0;
        sVar10 = *(short *)(param_1 + 4);
      }
      if ((&DAT_14019f16f)[sVar10] != '\0') {
        (&DAT_14019f16f)[sVar10] = 0;
      }
    }
    FUN_140085ef0(param_1,1);
    return 1;
  }
  lVar12 = param_1 + 0x568;
  cVar9 = FUN_140100260(lVar12,0);
  if (cVar9 == '\0') {
    return 1;
  }
  uVar11 = FUN_140105800(*(undefined4 *)(param_1 + 0x5dc),0,1);
  *(undefined8 *)(param_1 + 0x33c8) = uVar11;
  FUN_140105cc0(uVar11,1);
  uVar22 = (undefined4)((ulonglong)in_stack_ffffffffffffff98 >> 0x20);
  iVar17 = (int)*(short *)(param_1 + 0x59c);
  if (*(char *)(param_1 + 0x39d9) == '\x01') {
    *(undefined1 *)(param_1 + 0x39d3) = 0;
  }
  else if ((*(char *)(param_1 + 0x39d3) == '\x01') && (*(int *)(param_1 + 0x59c) != 0)) {
    iVar17 = (int)(short)((**(ushort **)(param_1 + 0x33c8) >> (bVar8 & 0x1f)) -
                         *(short *)(param_1 + 0x59c));
  }
  *(uint *)(param_1 + 0x356c) = *(uint *)(param_1 + 0x356c) & 0x80000003;
  cVar9 = *(char *)(param_1 + 0x399d);
  if (cVar9 == '\0') {
    if ((*(byte *)(*(longlong *)(param_1 + 0x30) + 8) & 0x20) != 0) {
      bVar20 = DAT_1401a9ab0 == 0;
LAB_14007fe6c:
      if (bVar20) goto LAB_14007fe6e;
    }
  }
  else if (cVar9 == 'd') {
    if (DAT_1401a9ab0 != 0) {
      bVar20 = DAT_1401a9ab0 == param_1;
      goto LAB_14007fe6c;
    }
LAB_14007fe6e:
    *(undefined1 *)(param_1 + 0x399c) = 100;
    DAT_1401a9ab0 = param_1;
  }
  else {
    *(char *)(param_1 + 0x399c) = cVar9;
  }
  cVar9 = *(char *)(param_1 + 0x399c);
  if (cVar9 == '\t') {
    *(undefined1 *)(param_1 + 0x399c) = 8;
    cVar9 = '\b';
  }
  switch(cVar9) {
  case '\0':
    break;
  case '\x01':
    if (*(short *)(param_1 + 0x383a) <= iVar14) {
      if (*(short *)(param_1 + 0x383a) == 0) {
        FUN_140144750(0x31);
      }
      FUN_140105cc0(*(undefined8 *)(param_1 + 0x33c8),0);
      DAT_14020ca2c = ((int)*(short *)(param_1 + 0x383a) / iVar15) * -2;
      DAT_14020ca30 = ((int)*(short *)(param_1 + 0x383a) / iVar15) * -2;
      DAT_14020ca34 = ((int)*(short *)(param_1 + 0x383a) / iVar15) * -2;
      DAT_14020ca1c =
           (uint)*(ushort *)(*(longlong *)(param_1 + 0x33c8) + 2) +
           (int)*(short *)(param_1 + 0x383a);
      uVar19 = *(uint *)(param_1 + 0x356c);
      *(uint *)(param_1 + 0x356c) = uVar19 & 0x80000023 | 0x20;
      FUN_1401064f0(*(short *)(param_1 + 0x15b0) - iVar17,
                    (((int)*(short *)(param_1 + 0x15b2) -
                     ((int)*(short *)(param_1 + 0x383a) << (bVar8 & 0x1f))) -
                    *(int *)(param_1 + 0x5a0)) + DAT_14020ca2c * -4,
                    **(undefined2 **)(param_1 + 0x33c8),(*(undefined2 **)(param_1 + 0x33c8))[1],
                    CONCAT44(uVar22,uVar19) & 0xffffffff80000023 | 0x20,0);
      *(short *)(param_1 + 0x383a) = *(short *)(param_1 + 0x383a) + (short)iVar15;
      return 0;
    }
    break;
  case '\x02':
    plVar2 = (longlong *)(param_1 + 0x1668);
    if (*(short *)(param_1 + 0x383a) != 100) {
      if (*plVar2 == 0) {
        SDL_memset(plVar2,0,0x68);
        lVar12 = FUN_140102850(*(undefined8 *)(*(longlong *)(param_1 + 0x33c8) + 0x10),local_res18,
                               local_res10,local_res8,0,
                               in_stack_ffffffffffffffa0 & 0xffffffff00000000);
        puVar1 = *(ushort **)(param_1 + 0x33c8);
        *plVar2 = lVar12;
        *(ushort *)(param_1 + 0x1670) = *puVar1;
        *(ushort *)(param_1 + 0x1672) = puVar1[1];
        iVar16 = *(short *)(param_1 + 0x15b0) - iVar17 << (bVar8 & 0x1f);
        iVar15 = (int)*(short *)(param_1 + 0x15b2) - *(int *)(param_1 + 0x5a0) << (bVar8 & 0x1f);
        *(int *)(param_1 + 0x1674) = iVar16;
        *(int *)(param_1 + 0x1678) = iVar15;
        *(uint *)(param_1 + 0x167c) = *puVar1 / 3 + iVar16;
        uVar18 = puVar1[1];
        *(undefined4 *)(param_1 + 0x168c) = 0x3200fa;
        *(uint *)(param_1 + 0x1684) = (uint)(uVar18 >> 1) + iVar15;
        iVar15 = 2 << (bVar8 & 0x1f);
        *(int *)(param_1 + 0x1680) = iVar15;
        *(int *)(param_1 + 0x1688) = iVar15;
        uVar18 = *(ushort *)(param_1 + 0x1694);
        *(undefined4 *)(param_1 + 0x1690) = 0xa0001;
        *(ushort *)(param_1 + 0x1694) = uVar18 | 0x16;
        if ((*(byte *)(param_1 + 0x356c) & 1) != 0) {
          *(ushort *)(param_1 + 0x1694) = uVar18 | 0x17;
        }
        FUN_140104690(&DAT_1401f3b90,0x350 << (bVar8 & 0x1f),iVar14);
        *(undefined2 *)(param_1 + 0x5f8) = 0x31;
        FUN_140144750(0x31);
        *(undefined2 *)(param_1 + 0x383a) = 1;
      }
      cVar9 = FUN_140103e20(&DAT_1401f3b90,DAT_14020c8f8,plVar2);
      if (cVar9 != '\x01') {
        return 0;
      }
      *(undefined2 *)(param_1 + 0x383a) = 100;
      return 0;
    }
    *(undefined2 *)(param_1 + 0x383a) = 0;
    *(undefined2 *)(param_1 + 0x3908) = 0;
    FUN_140078880(lVar12);
    if ((void *)*plVar2 != (void *)0x0) {
      free((void *)*plVar2);
    }
    SDL_memset(plVar2,0,0x68);
    goto LAB_140080235;
  case '\x03':
    if (*(short *)(param_1 + 0x383a) < 0x21) {
      if (*(short *)(param_1 + 0x383a) == 0) {
        FUN_140144750(0x31);
      }
      FUN_140105cc0(*(undefined8 *)(param_1 + 0x33c8),0);
      FUN_140117f70(*(short *)(param_1 + 0x15b0) - iVar17,
                    ((int)*(short *)(param_1 + 0x15b2) + *(short *)(param_1 + 0x383a) * -2) -
                    *(int *)(param_1 + 0x5a0),
                    (((int)(short)(**(ushort **)(param_1 + 0x33c8) >> (bVar8 & 0x1f)) >> 1) - iVar17
                    ) + (int)*(short *)(param_1 + 0x15b0) << (bVar8 & 0x1f),
                    (((uint)((*(ushort **)(param_1 + 0x33c8))[1] >> (bVar8 & 0x1f)) +
                     *(short *)(param_1 + 0x383a) * -2) - *(int *)(param_1 + 0x5a0)) +
                    (int)*(short *)(param_1 + 0x15b2) << (bVar8 & 0x1f));
      if ((*(uint *)(param_1 + 0x356c) & 0x10) != 0) {
        *(uint *)(param_1 + 0x356c) = *(uint *)(param_1 + 0x356c) & 0xffffffef;
      }
      DAT_14020ca2c = -(int)*(short *)(param_1 + 0x383a);
      DAT_14020ca30 = -(int)*(short *)(param_1 + 0x383a);
      DAT_14020ca34 = -(int)*(short *)(param_1 + 0x383a);
      uVar21 = CONCAT44(uVar22,*(undefined4 *)(param_1 + 0x356c)) | 4;
      FUN_1401064f0(*(short *)(param_1 + 0x15b0) - iVar17,
                    ((int)*(short *)(param_1 + 0x15b2) + *(short *)(param_1 + 0x383a) * -2) -
                    *(int *)(param_1 + 0x5a0),**(undefined2 **)(param_1 + 0x33c8),
                    (*(undefined2 **)(param_1 + 0x33c8))[1],uVar21,0);
      uVar23 = (undefined4)(uVar21 >> 0x20);
      iVar14 = *(short *)(param_1 + 0x383a) * 2;
      uVar18 = **(ushort **)(param_1 + 0x33c8) >> (bVar8 & 0x1f);
      FUN_140117f70((int)*(short *)(param_1 + 0x15b0) + ((uint)(uVar18 >> 1) - iVar17),
                    (int)*(short *)(param_1 + 0x15b2) + (iVar14 - *(int *)(param_1 + 0x5a0)),
                    ((short)uVar18 - iVar17) + (int)*(short *)(param_1 + 0x15b0) << (bVar8 & 0x1f),
                    ((uint)((*(ushort **)(param_1 + 0x33c8))[1] >> (bVar8 & 0x1f)) -
                    *(int *)(param_1 + 0x5a0)) + iVar14 + (int)*(short *)(param_1 + 0x15b2) <<
                    (bVar8 & 0x1f));
      sVar10 = *(short *)(param_1 + 0x383a);
      sVar3 = *(short *)(param_1 + 0x383a);
      sVar4 = *(short *)(param_1 + 0x383a);
      uVar22 = *(undefined4 *)(param_1 + 0x356c);
      uVar5 = (*(undefined2 **)(param_1 + 0x33c8))[1];
      uVar6 = **(undefined2 **)(param_1 + 0x33c8);
      iVar14 = (int)*(short *)(param_1 + 0x15b0);
      iVar15 = (*(short *)(param_1 + 0x383a) * 2 - *(int *)(param_1 + 0x5a0)) +
               (int)*(short *)(param_1 + 0x15b2);
LAB_140080699:
      DAT_14020ca34 = -(int)sVar4;
      DAT_14020ca30 = -(int)sVar3;
      DAT_14020ca2c = -(int)sVar10;
      FUN_1401064f0(iVar14 - iVar17,iVar15,uVar6,uVar5,CONCAT44(uVar23,uVar22) | 4,0);
      *(short *)(param_1 + 0x383a) = *(short *)(param_1 + 0x383a) + 2;
      FUN_140117ff0(0);
      return 0;
    }
    *(undefined2 *)(param_1 + 0x383a) = 0;
    *(undefined2 *)(param_1 + 0x3908) = 0;
    FUN_140078880(lVar12);
LAB_140080235:
    FUN_14007e430(param_1);
    sVar10 = *(short *)(param_1 + 4);
    *(undefined1 *)(param_1 + 0x39b7) = 0;
    *(undefined2 *)(param_1 + 0x39ba) = 1;
    goto LAB_14007ff3f;
  case '\x04':
    if (*(short *)(param_1 + 0x383a) < 0x21) {
      if (*(short *)(param_1 + 0x383a) == 0) {
        FUN_140144750(0x31);
      }
      FUN_140105cc0(*(undefined8 *)(param_1 + 0x33c8),0);
      FUN_140117f70(((int)*(short *)(param_1 + 0x15b0) -
                    (int)(short)(*(short *)(param_1 + 0x383a) * 2)) - iVar17,
                    (int)*(short *)(param_1 + 0x15b2) - *(int *)(param_1 + 0x5a0),
                    ((short)((**(ushort **)(param_1 + 0x33c8) >> (bVar8 & 0x1f)) +
                            *(short *)(param_1 + 0x383a) * -2) - iVar17) +
                    (int)*(short *)(param_1 + 0x15b0) << (bVar8 & 0x1f),
                    ((uint)(ushort)(((*(ushort **)(param_1 + 0x33c8))[1] >> (bVar8 & 0x1f)) >> 1) -
                    *(int *)(param_1 + 0x5a0)) + (int)*(short *)(param_1 + 0x15b2) << (bVar8 & 0x1f)
                   );
      if ((*(uint *)(param_1 + 0x356c) & 0x10) != 0) {
        *(uint *)(param_1 + 0x356c) = *(uint *)(param_1 + 0x356c) & 0xffffffef;
      }
      DAT_14020ca2c = -(int)*(short *)(param_1 + 0x383a);
      DAT_14020ca30 = -(int)*(short *)(param_1 + 0x383a);
      DAT_14020ca34 = -(int)*(short *)(param_1 + 0x383a);
      uVar21 = CONCAT44(uVar22,*(undefined4 *)(param_1 + 0x356c)) | 4;
      FUN_1401064f0(((int)*(short *)(param_1 + 0x15b0) + *(short *)(param_1 + 0x383a) * -2) - iVar17
                    ,(int)*(short *)(param_1 + 0x15b2) - *(int *)(param_1 + 0x5a0),
                    **(undefined2 **)(param_1 + 0x33c8),(*(undefined2 **)(param_1 + 0x33c8))[1],
                    uVar21,0);
      uVar23 = (undefined4)(uVar21 >> 0x20);
      uVar18 = (*(ushort **)(param_1 + 0x33c8))[1] >> (bVar8 & 0x1f);
      FUN_140117f70(((short)(*(short *)(param_1 + 0x383a) * 2) - iVar17) +
                    (int)*(short *)(param_1 + 0x15b0),
                    (int)*(short *)(param_1 + 0x15b2) +
                    ((uint)(uVar18 >> 1) - *(int *)(param_1 + 0x5a0)),
                    ((short)((**(ushort **)(param_1 + 0x33c8) >> (bVar8 & 0x1f)) +
                            *(short *)(param_1 + 0x383a) * 2) - iVar17) +
                    (int)*(short *)(param_1 + 0x15b0) << (bVar8 & 0x1f),
                    ((uint)uVar18 - *(int *)(param_1 + 0x5a0)) + (int)*(short *)(param_1 + 0x15b2)
                    << (bVar8 & 0x1f));
      sVar10 = *(short *)(param_1 + 0x383a);
      sVar3 = *(short *)(param_1 + 0x383a);
      sVar4 = *(short *)(param_1 + 0x383a);
      uVar22 = *(undefined4 *)(param_1 + 0x356c);
      uVar5 = (*(undefined2 **)(param_1 + 0x33c8))[1];
      uVar6 = **(undefined2 **)(param_1 + 0x33c8);
      iVar15 = (int)*(short *)(param_1 + 0x15b2) - *(int *)(param_1 + 0x5a0);
      iVar14 = (int)*(short *)(param_1 + 0x15b0) + *(short *)(param_1 + 0x383a) * 2;
      goto LAB_140080699;
    }
    break;
  case '\x05':
    lVar12 = *(longlong *)(param_1 + 0x33c8);
    if ((int)*(short *)(param_1 + 0x383a) < (int)(uint)*(ushort *)(lVar12 + 2)) {
      if (*(short *)(param_1 + 0x383a) == 0) {
        FUN_140144750(0x31);
        lVar12 = *(longlong *)(param_1 + 0x33c8);
      }
      FUN_140105cc0(lVar12,0);
      uVar11 = CONCAT44(uVar22,*(undefined4 *)(param_1 + 0x356c));
      FUN_1401064f0(*(short *)(param_1 + 0x15b0) - iVar17,
                    (int)*(short *)(param_1 + 0x15b2) - *(int *)(param_1 + 0x5a0),
                    **(undefined2 **)(param_1 + 0x33c8),(*(undefined2 **)(param_1 + 0x33c8))[1],
                    uVar11,0);
      uVar18 = *(ushort *)(*(longlong *)(param_1 + 0x33c8) + 2);
      if ((int)(uint)uVar18 < (int)*(short *)(param_1 + 0x383a)) {
        *(ushort *)(param_1 + 0x383a) = uVar18 - 1;
      }
      DAT_14020ca2c = 0xffffffe8;
      DAT_14020ca30 = 0xffffffe8;
      DAT_14020ca34 = 0xffffffe8;
      FUN_1401064f0(*(short *)(param_1 + 0x15b0) - iVar17,
                    (int)*(short *)(param_1 + 0x15b2) - *(int *)(param_1 + 0x5a0),
                    **(undefined2 **)(param_1 + 0x33c8),(int)*(short *)(param_1 + 0x383a),
                    CONCAT44((int)((ulonglong)uVar11 >> 0x20),*(undefined4 *)(param_1 + 0x356c)) |
                    0x10,0);
      FUN_140117ff0(0);
      *(short *)(param_1 + 0x383a) = *(short *)(param_1 + 0x383a) + (0xe << (bVar8 & 0x1f));
      return 0;
    }
    goto LAB_1400810c3;
  case '\x06':
    if (-0x20 < *(short *)(param_1 + 0x383a)) {
      if (*(short *)(param_1 + 0x383a) == 0) {
        FUN_140144750(0x31);
      }
      FUN_140105cc0(*(undefined8 *)(param_1 + 0x33c8),0);
      if ((*(uint *)(param_1 + 0x356c) & 0x10) != 0) {
        *(uint *)(param_1 + 0x356c) = *(uint *)(param_1 + 0x356c) & 0xffffffef;
      }
      sVar10 = *(short *)(param_1 + 0x383a);
      sVar3 = *(short *)(param_1 + 0x383a);
      sVar4 = *(short *)(param_1 + 0x383a);
      uVar23 = *(undefined4 *)(param_1 + 0x356c);
      iVar14 = (int)*(short *)(param_1 + 0x15b2) - *(int *)(param_1 + 0x3f0);
      uVar5 = (*(undefined2 **)(param_1 + 0x33c8))[1];
      uVar6 = **(undefined2 **)(param_1 + 0x33c8);
LAB_1400811e0:
      DAT_14020ca34 = (int)sVar4;
      DAT_14020ca30 = (int)sVar3;
      DAT_14020ca2c = (int)sVar10;
      FUN_1401064f0((int)*(short *)(param_1 + 0x15b0) - (int)*(short *)(param_1 + 0x3898),iVar14,
                    uVar6,uVar5,CONCAT44(uVar22,uVar23) | 4,0);
      *(short *)(param_1 + 0x383a) = *(short *)(param_1 + 0x383a) + -1;
      return 0;
    }
    goto LAB_140080882;
  case '\a':
    if (*(short *)(param_1 + 0x383a) < 0x20) {
      if (*(short *)(param_1 + 0x383a) == 0) {
        FUN_140144750(0x31);
      }
      FUN_140105cc0(*(undefined8 *)(param_1 + 0x33c8),0);
      iVar14 = (int)*(short *)(param_1 + 0x383a);
      local_res20 = uVar19;
      FUN_140117f70((*(short *)(param_1 + 0x15b0) - iVar14) - iVar17 << (bVar8 & 0x1f),
                    ((int)*(short *)(param_1 + 0x15b2) - *(int *)(param_1 + 0x5a0)) - iVar14 <<
                    (bVar8 & 0x1f),
                    ((((int)(short)(**(ushort **)(param_1 + 0x33c8) >> (bVar8 & 0x1f)) >> 1) -
                     iVar14) - iVar17) + (int)*(short *)(param_1 + 0x15b0) << (bVar8 & 0x1f),
                    (((uint)(ushort)(((*(ushort **)(param_1 + 0x33c8))[1] >> (bVar8 & 0x1f)) >> 1) -
                     *(int *)(param_1 + 0x5a0)) - iVar14) + (int)*(short *)(param_1 + 0x15b2) <<
                    (bVar8 & 0x1f));
      if ((*(uint *)(param_1 + 0x356c) & 0x10) != 0) {
        *(uint *)(param_1 + 0x356c) = *(uint *)(param_1 + 0x356c) & 0xffffffef;
      }
      DAT_14020ca2c = -(int)*(short *)(param_1 + 0x383a);
      DAT_14020ca30 = -(int)*(short *)(param_1 + 0x383a);
      DAT_14020ca34 = -(int)*(short *)(param_1 + 0x383a);
      uVar21 = CONCAT44(uVar22,*(undefined4 *)(param_1 + 0x356c)) | 4;
      FUN_1401064f0(((int)*(short *)(param_1 + 0x15b0) - (int)*(short *)(param_1 + 0x383a)) - iVar17
                    ,((int)*(short *)(param_1 + 0x15b2) - (int)*(short *)(param_1 + 0x383a)) -
                     *(int *)(param_1 + 0x5a0),**(undefined2 **)(param_1 + 0x33c8),
                    (ushort)(*(undefined2 **)(param_1 + 0x33c8))[1] >> 1,uVar21,0);
      uVar22 = (undefined4)(uVar21 >> 0x20);
      iVar14 = (int)*(short *)(param_1 + 0x383a);
      uVar18 = (*(ushort **)(param_1 + 0x33c8))[1];
      FUN_140117f70((*(short *)(param_1 + 0x15b0) - iVar14) - iVar17 << (bVar8 & 0x1f),
                    (int)*(short *)(param_1 + 0x15b2) +
                    ((uint)(ushort)((uVar18 >> (bVar8 & 0x1f)) >> 1) - *(int *)(param_1 + 0x5a0)) +
                    iVar14 << (bVar8 & 0x1f),
                    ((short)(((**(ushort **)(param_1 + 0x33c8) >> (bVar8 & 0x1f)) >> 1) -
                            *(short *)(param_1 + 0x383a)) - iVar17) +
                    (int)*(short *)(param_1 + 0x15b0) << (bVar8 & 0x1f),
                    ((uint)(uVar18 >> (bVar8 & 0x1f)) - *(int *)(param_1 + 0x5a0)) +
                    (int)*(short *)(param_1 + 0x15b2) + iVar14 << (bVar8 & 0x1f));
      DAT_14020ca2c = -(int)*(short *)(param_1 + 0x383a);
      DAT_14020ca30 = -(int)*(short *)(param_1 + 0x383a);
      DAT_14020ca34 = -(int)*(short *)(param_1 + 0x383a);
      uVar21 = CONCAT44(uVar22,*(undefined4 *)(param_1 + 0x356c)) | 4;
      FUN_1401064f0(((int)*(short *)(param_1 + 0x15b0) - (int)*(short *)(param_1 + 0x383a)) - iVar17
                    ,((int)*(short *)(param_1 + 0x15b2) - *(int *)(param_1 + 0x5a0)) +
                     (int)*(short *)(param_1 + 0x383a),**(undefined2 **)(param_1 + 0x33c8),
                    (*(undefined2 **)(param_1 + 0x33c8))[1],uVar21,0);
      uVar22 = (undefined4)(uVar21 >> 0x20);
      sVar10 = *(short *)(param_1 + 0x383a);
      uVar18 = **(ushort **)(param_1 + 0x33c8) >> (bVar8 & 0x1f);
      FUN_140117f70(((short)(sVar10 + (uVar18 >> 1)) - iVar17) + (int)*(short *)(param_1 + 0x15b0)
                    << (bVar8 & 0x1f),
                    ((int)*(short *)(param_1 + 0x15b2) - *(int *)(param_1 + 0x5a0)) - (int)sVar10 <<
                    (bVar8 & 0x1f),
                    ((short)(sVar10 + uVar18) - iVar17) + (int)*(short *)(param_1 + 0x15b0) <<
                    (bVar8 & 0x1f),
                    (((uint)(ushort)(((*(ushort **)(param_1 + 0x33c8))[1] >> (bVar8 & 0x1f)) >> 1) -
                     *(int *)(param_1 + 0x5a0)) - (int)sVar10) + (int)*(short *)(param_1 + 0x15b2)
                    << (bVar8 & 0x1f));
      DAT_14020ca2c = -(int)*(short *)(param_1 + 0x383a);
      DAT_14020ca30 = -(int)*(short *)(param_1 + 0x383a);
      DAT_14020ca34 = -(int)*(short *)(param_1 + 0x383a);
      uVar21 = CONCAT44(uVar22,*(undefined4 *)(param_1 + 0x356c)) | 4;
      FUN_1401064f0((*(short *)(param_1 + 0x15b0) - iVar17) + (int)*(short *)(param_1 + 0x383a),
                    ((int)*(short *)(param_1 + 0x15b2) - (int)*(short *)(param_1 + 0x383a)) -
                    *(int *)(param_1 + 0x5a0),**(undefined2 **)(param_1 + 0x33c8),
                    (*(undefined2 **)(param_1 + 0x33c8))[1],uVar21,0);
      uVar22 = (undefined4)(uVar21 >> 0x20);
      sVar10 = *(short *)(param_1 + 0x383a);
      uVar18 = (*(ushort **)(param_1 + 0x33c8))[1] >> (bVar8 & 0x1f);
      uVar13 = **(ushort **)(param_1 + 0x33c8) >> ((byte)local_res20 & 0x1f);
      FUN_140117f70(((short)(sVar10 + (uVar13 >> 1)) - iVar17) + (int)*(short *)(param_1 + 0x15b0)
                    << (bVar8 & 0x1f),
                    (int)*(short *)(param_1 + 0x15b2) +
                    ((uint)(uVar18 >> 1) - *(int *)(param_1 + 0x5a0)) + (int)sVar10 <<
                    (bVar8 & 0x1f),
                    ((short)(uVar13 + sVar10) - iVar17) + (int)*(short *)(param_1 + 0x15b0) <<
                    (bVar8 & 0x1f),
                    ((int)*(short *)(param_1 + 0x15b2) - *(int *)(param_1 + 0x5a0)) + (int)sVar10 +
                    (uint)uVar18 << (bVar8 & 0x1f));
      DAT_14020ca2c = -(int)*(short *)(param_1 + 0x383a);
      DAT_14020ca30 = -(int)*(short *)(param_1 + 0x383a);
      DAT_14020ca34 = -(int)*(short *)(param_1 + 0x383a);
      FUN_1401064f0((*(short *)(param_1 + 0x15b0) - iVar17) + (int)*(short *)(param_1 + 0x383a),
                    *(short *)(param_1 + 0x383a) + 0x10 +
                    ((int)*(short *)(param_1 + 0x15b2) - *(int *)(param_1 + 0x5a0)),
                    **(undefined2 **)(param_1 + 0x33c8),(*(undefined2 **)(param_1 + 0x33c8))[1],
                    CONCAT44(uVar22,*(undefined4 *)(param_1 + 0x356c)) | 4,0);
      *(short *)(param_1 + 0x383a) = *(short *)(param_1 + 0x383a) + 1;
      FUN_140117ff0(0);
      return 0;
    }
    break;
  case '\b':
    plVar2 = (longlong *)(param_1 + 0x1668);
    if (*(short *)(param_1 + 0x383a) != 100) {
      if (*plVar2 == 0) {
        SDL_memset(plVar2,0,0x68);
        lVar12 = FUN_140102850(*(undefined8 *)(*(longlong *)(param_1 + 0x33c8) + 0x10),local_res18,
                               local_res10,local_res8,0,
                               in_stack_ffffffffffffffa0 & 0xffffffff00000000);
        puVar7 = *(undefined2 **)(param_1 + 0x33c8);
        *plVar2 = lVar12;
        *(undefined2 *)(param_1 + 0x1670) = *puVar7;
        *(undefined2 *)(param_1 + 0x1672) = puVar7[1];
        iVar15 = (int)*(short *)(param_1 + 0x15b2) - *(int *)(param_1 + 0x5a0) << (bVar8 & 0x1f);
        *(int *)(param_1 + 0x1674) = *(short *)(param_1 + 0x15b0) - iVar17 << (bVar8 & 0x1f);
        *(int *)(param_1 + 0x1678) = iVar15;
        *(int *)(param_1 + 0x167c) = -0x1e << (bVar8 & 0x1f);
        if (*(char *)(param_1 + 0x39d3) == '\x01') {
          *(int *)(param_1 + 0x167c) = 0x36e << (bVar8 & 0x1f);
        }
        *(int *)(param_1 + 0x1680) = (int)(short)(2 << (bVar8 & 0x1f));
        iVar16 = 10 << (bVar8 & 0x1f);
        *(int *)(param_1 + 0x1684) = iVar15 - iVar16;
        uVar18 = puVar7[1];
        *(undefined4 *)(param_1 + 0x168c) = 0x640064;
        *(uint *)(param_1 + 0x1688) = (uint)uVar18 + iVar16;
        uVar18 = *(ushort *)(param_1 + 0x1694);
        *(undefined4 *)(param_1 + 0x1690) = 0xa0001;
        *(ushort *)(param_1 + 0x1694) = uVar18 | 0x16;
        if ((*(byte *)(param_1 + 0x356c) & 1) != 0) {
          *(ushort *)(param_1 + 0x1694) = uVar18 | 0x17;
        }
        FUN_140104690(&DAT_1401f3b90,0x350 << (bVar8 & 0x1f),iVar14);
        FUN_140144750(0x31);
        *(undefined2 *)(param_1 + 0x383a) = 1;
      }
      goto LAB_140082093;
    }
    *(undefined2 *)(param_1 + 0x383a) = 0;
    *(undefined2 *)(param_1 + 0x3908) = 0;
    FUN_140078880(lVar12);
    if ((void *)*plVar2 != (void *)0x0) {
      free((void *)*plVar2);
    }
    SDL_memset(plVar2,0,0x68);
    goto LAB_14007fecb;
  case '\t':
    if (*(short *)(param_1 + 0x383a) < 0x2d) {
      if (*(short *)(param_1 + 0x383a) == 0) {
        FUN_140144750(0x31);
      }
      FUN_140105cc0(*(undefined8 *)(param_1 + 0x33c8),0);
      iVar14 = (int)*(short *)(param_1 + 0x383a);
      DAT_14020ca0c =
           (int)(((longlong)iVar14 / 3 + ((longlong)iVar14 >> 0x3f) & 0xffffffffU) >> 0x1f) +
           iVar14 / 3 + (iVar14 >> 0x1f) + 1;
      iVar14 = (int)*(short *)(param_1 + 0x383a);
      DAT_14020ca10 =
           0xf - (iVar14 / 3 + (iVar14 >> 0x1f) +
                 (int)(((longlong)iVar14 / 3 + ((longlong)iVar14 >> 0x3f) & 0xffffffffU) >> 0x1f));
      FUN_1401064f0((int)*(short *)(param_1 + 0x15b0) - (int)*(short *)(param_1 + 0x3898),
                    (int)*(short *)(param_1 + 0x15b2) - *(int *)(param_1 + 0x3f0),
                    **(undefined2 **)(param_1 + 0x33c8),(*(undefined2 **)(param_1 + 0x33c8))[1],
                    CONCAT44(uVar22,*(undefined4 *)(param_1 + 0x356c)) | 0x14,0);
      DAT_14020ca10 = 0;
      DAT_14020ca0c = 0;
      *(short *)(param_1 + 0x383a) = *(short *)(param_1 + 0x383a) + 1;
      return 0;
    }
    goto LAB_140080882;
  case '\n':
    lVar12 = *(longlong *)(param_1 + 0x33c8);
    if ((int)*(short *)(param_1 + 0x383a) < (int)(uint)*(ushort *)(lVar12 + 2)) {
      if (*(short *)(param_1 + 0x383a) == 0) {
        FUN_140144750(0x31);
        lVar12 = *(longlong *)(param_1 + 0x33c8);
      }
      FUN_140105cc0(lVar12,0);
      uVar11 = CONCAT44(uVar22,*(undefined4 *)(param_1 + 0x356c));
      FUN_1401064f0(*(short *)(param_1 + 0x15b0) - iVar17,
                    (int)*(short *)(param_1 + 0x15b2) - *(int *)(param_1 + 0x5a0),
                    **(undefined2 **)(param_1 + 0x33c8),(*(undefined2 **)(param_1 + 0x33c8))[1],
                    uVar11,0);
      uVar18 = *(ushort *)(*(longlong *)(param_1 + 0x33c8) + 2);
      if ((int)(uint)uVar18 < (int)*(short *)(param_1 + 0x383a)) {
        *(ushort *)(param_1 + 0x383a) = uVar18 - 1;
      }
      DAT_14020ca2c = 0;
      DAT_14020ca34 = 0x10;
      DAT_14020ca30 = 0;
      FUN_1401064f0(*(short *)(param_1 + 0x15b0) - iVar17,
                    (int)*(short *)(param_1 + 0x15b2) - *(int *)(param_1 + 0x5a0),
                    **(undefined2 **)(param_1 + 0x33c8),*(short *)(param_1 + 0x383a) + 1,
                    CONCAT44((int)((ulonglong)uVar11 >> 0x20),*(undefined4 *)(param_1 + 0x356c)) |
                    0x10,0);
      FUN_140117ff0(0);
      *(short *)(param_1 + 0x383a) = *(short *)(param_1 + 0x383a) + 6;
      return 0;
    }
LAB_1400810c3:
    *(undefined1 *)(param_1 + 0x399c) = 2;
    *(undefined2 *)(param_1 + 0x383a) = 0;
    return 0;
  case '\v':
    if (-0x20 < *(short *)(param_1 + 0x383a)) {
      if (*(short *)(param_1 + 0x383a) == 0) {
        FUN_140144750(0x31);
      }
      FUN_140105cc0(*(undefined8 *)(param_1 + 0x33c8),0);
      DAT_14020ca10 = 0xf;
      if (*(short *)(param_1 + 0x383a) < -0xf) {
        DAT_14020ca10 = *(short *)(param_1 + 0x383a) + 0x1f;
      }
      uVar21 = CONCAT44(uVar22,*(undefined4 *)(param_1 + 0x356c)) | 0x14;
      FUN_1401064f0((int)*(short *)(param_1 + 0x15b0) - (int)*(short *)(param_1 + 0x3898),
                    (int)*(short *)(param_1 + 0x15b2) - *(int *)(param_1 + 0x3f0),
                    **(undefined2 **)(param_1 + 0x33c8),(*(undefined2 **)(param_1 + 0x33c8))[1],
                    uVar21,0);
      uVar22 = (undefined4)(uVar21 >> 0x20);
      DAT_14020ca10 = 0;
      sVar10 = *(short *)(param_1 + 0x383a);
      sVar3 = *(short *)(param_1 + 0x383a);
      sVar4 = *(short *)(param_1 + 0x383a);
      uVar23 = *(undefined4 *)(param_1 + 0x356c);
      uVar5 = (*(undefined2 **)(param_1 + 0x33c8))[1];
      uVar6 = **(undefined2 **)(param_1 + 0x33c8);
      iVar14 = (*(short *)(param_1 + 0x383a) * 10 - *(int *)(param_1 + 0x3f0)) +
               (int)*(short *)(param_1 + 0x15b2);
      goto LAB_1400811e0;
    }
    goto LAB_140080882;
  case '\f':
    if (*(short *)(param_1 + 0x383a) < 0x10) {
      if (*(short *)(param_1 + 0x383a) == 0) {
        FUN_140144750(0x31);
      }
      FUN_140105cc0(*(undefined8 *)(param_1 + 0x33c8),0);
      FUN_140111910((int)(short)(int)((float)*(int *)(param_1 + 0x3ec) * DAT_1401728bc),
                    *(undefined4 *)(param_1 + 0x3f0),*(short *)(param_1 + 0x383a) * 0x60 + 0x400,
                    (0x10 - *(short *)(param_1 + 0x383a)) * 0x40);
      iVar17 = (int)*(short *)(param_1 + 0x15b0) - (int)*(short *)(param_1 + 0x3898);
      iVar14 = (int)*(short *)(param_1 + 0x15b2) - *(int *)(param_1 + 0x3f0);
      uVar19 = *(uint *)(param_1 + 0x356c) | 0x80;
      if ((*(uint *)(param_1 + 0x356c) & 1) == 0) {
        uVar19 = 0x80;
      }
      uVar5 = (*(undefined2 **)(param_1 + 0x33c8))[1];
      uVar6 = **(undefined2 **)(param_1 + 0x33c8);
LAB_1400825c8:
      FUN_1401064f0(iVar17,iVar14,uVar6,uVar5,CONCAT44(uVar22,uVar19),0);
      *(short *)(param_1 + 0x383a) = *(short *)(param_1 + 0x383a) + 1;
      return 0;
    }
    goto LAB_140081d87;
  case '\r':
    if (*(short *)(param_1 + 0x383a) < 0x21) {
      if (*(short *)(param_1 + 0x383a) == 0) {
        FUN_140144750(0x31);
      }
      FUN_140105cc0(*(undefined8 *)(param_1 + 0x33c8),0);
      iVar14 = (int)*(short *)(param_1 + 0x15b2) - *(int *)(param_1 + 0x5a0) << (bVar8 & 0x1f);
      uVar19 = (uint)((*(ushort **)(param_1 + 0x33c8))[1] >> 2);
      FUN_140117f70(((int)*(short *)(param_1 + 0x15b0) -
                    (int)(short)(*(short *)(param_1 + 0x383a) * 2)) - iVar17 << (bVar8 & 0x1f),
                    iVar14,((short)((**(ushort **)(param_1 + 0x33c8) >> (bVar8 & 0x1f)) +
                                   *(short *)(param_1 + 0x383a) * -2) - iVar17) +
                           (int)*(short *)(param_1 + 0x15b0) << (bVar8 & 0x1f),iVar14 + uVar19);
      DAT_14020ca2c = -(int)*(short *)(param_1 + 0x383a);
      DAT_14020ca30 = -(int)*(short *)(param_1 + 0x383a);
      DAT_14020ca34 = -(int)*(short *)(param_1 + 0x383a);
      uVar21 = CONCAT44(uVar22,*(undefined4 *)(param_1 + 0x356c)) & 0xffffffffffffffef | 4;
      FUN_1401064f0(((int)*(short *)(param_1 + 0x15b0) -
                    (int)(short)(*(short *)(param_1 + 0x383a) * 2)) - iVar17,
                    (int)*(short *)(param_1 + 0x15b2) - *(int *)(param_1 + 0x5a0),
                    **(undefined2 **)(param_1 + 0x33c8),(*(undefined2 **)(param_1 + 0x33c8))[1],
                    uVar21,0);
      uVar22 = (undefined4)(uVar21 >> 0x20);
      iVar14 = (int)*(short *)(param_1 + 0x15b2) - *(int *)(param_1 + 0x5a0) << (bVar8 & 0x1f);
      FUN_140117f70(((short)(*(short *)(param_1 + 0x383a) * 2) - iVar17) +
                    (int)*(short *)(param_1 + 0x15b0) << (bVar8 & 0x1f),iVar14 + uVar19,
                    ((short)((**(ushort **)(param_1 + 0x33c8) >> (bVar8 & 0x1f)) +
                            *(short *)(param_1 + 0x383a) * 2) - iVar17) +
                    (int)*(short *)(param_1 + 0x15b0) << (bVar8 & 0x1f),uVar19 * 2 + iVar14);
      DAT_14020ca2c = -(int)*(short *)(param_1 + 0x383a);
      DAT_14020ca30 = -(int)*(short *)(param_1 + 0x383a);
      DAT_14020ca34 = -(int)*(short *)(param_1 + 0x383a);
      uVar21 = CONCAT44(uVar22,*(undefined4 *)(param_1 + 0x356c)) & 0xffffffffffffffef | 4;
      FUN_1401064f0(((int)(short)(*(short *)(param_1 + 0x383a) * 2) +
                    (int)*(short *)(param_1 + 0x15b0)) - iVar17,
                    (int)*(short *)(param_1 + 0x15b2) - *(int *)(param_1 + 0x5a0),
                    **(undefined2 **)(param_1 + 0x33c8),(*(undefined2 **)(param_1 + 0x33c8))[1],
                    uVar21,0);
      uVar22 = (undefined4)(uVar21 >> 0x20);
      iVar14 = (int)*(short *)(param_1 + 0x15b2) - *(int *)(param_1 + 0x5a0) << (bVar8 & 0x1f);
      FUN_140117f70(((int)*(short *)(param_1 + 0x15b0) -
                    (int)(short)(*(short *)(param_1 + 0x383a) * 2)) - iVar17 << (bVar8 & 0x1f),
                    uVar19 * 2 + iVar14,
                    ((short)((**(ushort **)(param_1 + 0x33c8) >> (bVar8 & 0x1f)) +
                            *(short *)(param_1 + 0x383a) * -2) - iVar17) +
                    (int)*(short *)(param_1 + 0x15b0) << (bVar8 & 0x1f),uVar19 * 3 + iVar14);
      DAT_14020ca2c = -(int)*(short *)(param_1 + 0x383a);
      DAT_14020ca30 = -(int)*(short *)(param_1 + 0x383a);
      DAT_14020ca34 = -(int)*(short *)(param_1 + 0x383a);
      uVar21 = CONCAT44(uVar22,*(undefined4 *)(param_1 + 0x356c)) & 0xffffffffffffffef | 4;
      FUN_1401064f0(((int)*(short *)(param_1 + 0x15b0) -
                    (int)(short)(*(short *)(param_1 + 0x383a) * 2)) - iVar17,
                    (int)*(short *)(param_1 + 0x15b2) - *(int *)(param_1 + 0x5a0),
                    **(undefined2 **)(param_1 + 0x33c8),(*(undefined2 **)(param_1 + 0x33c8))[1],
                    uVar21,0);
      uVar22 = (undefined4)(uVar21 >> 0x20);
      iVar14 = (int)*(short *)(param_1 + 0x15b2) - *(int *)(param_1 + 0x5a0) << (bVar8 & 0x1f);
      FUN_140117f70(((short)(*(short *)(param_1 + 0x383a) * 2) - iVar17) +
                    (int)*(short *)(param_1 + 0x15b0) << (bVar8 & 0x1f),uVar19 * 3 + iVar14,
                    ((short)((**(ushort **)(param_1 + 0x33c8) >> (bVar8 & 0x1f)) +
                            *(short *)(param_1 + 0x383a) * 2) - iVar17) +
                    (int)*(short *)(param_1 + 0x15b0) << (bVar8 & 0x1f),
                    (uint)(*(ushort **)(param_1 + 0x33c8))[1] + iVar14);
      DAT_14020ca2c = -(int)*(short *)(param_1 + 0x383a);
      DAT_14020ca30 = -(int)*(short *)(param_1 + 0x383a);
      DAT_14020ca34 = -(int)*(short *)(param_1 + 0x383a);
      FUN_1401064f0(((int)(short)(*(short *)(param_1 + 0x383a) * 2) +
                    (int)*(short *)(param_1 + 0x15b0)) - iVar17,
                    (int)*(short *)(param_1 + 0x15b2) - *(int *)(param_1 + 0x5a0),
                    **(undefined2 **)(param_1 + 0x33c8),(*(undefined2 **)(param_1 + 0x33c8))[1],
                    CONCAT44(uVar22,*(undefined4 *)(param_1 + 0x356c)) & 0xffffffffffffffef | 4,0);
      *(short *)(param_1 + 0x383a) = *(short *)(param_1 + 0x383a) + 2;
      FUN_140117ff0(0);
      return 0;
    }
    break;
  case '\x0e':
    if (*(short *)(param_1 + 0x383a) < 0x21) {
      if (*(short *)(param_1 + 0x383a) == 0) {
        FUN_140144750(0x31);
      }
      FUN_140105cc0(*(undefined8 *)(param_1 + 0x33c8),0);
      sVar10 = *(short *)(param_1 + 0x383a);
      iVar14 = (int)*(short *)(param_1 + 0x15b2);
      iVar15 = (int)(short)(sVar10 * 2);
      uVar18 = (*(ushort **)(param_1 + 0x33c8))[1];
      uVar13 = **(ushort **)(param_1 + 0x33c8);
      if (sVar10 < 9) {
        FUN_140117f70((*(short *)(param_1 + 0x15b0) - iVar15) - iVar17 << (bVar8 & 0x1f),
                      iVar14 - *(int *)(param_1 + 0x5a0) << (bVar8 & 0x1f),
                      ((short)((uVar13 >> (bVar8 & 0x1f)) + sVar10 * -2) - iVar17) +
                      (int)*(short *)(param_1 + 0x15b0) << (bVar8 & 0x1f),
                      ((uint)(ushort)((uVar18 >> (bVar8 & 0x1f)) >> 1) - *(int *)(param_1 + 0x5a0))
                      + iVar14 << (bVar8 & 0x1f));
        iVar14 = -(int)sVar10;
        uVar21 = CONCAT44(uVar22,*(undefined4 *)(param_1 + 0x356c)) & 0xffffffffffffffef | 4;
        DAT_14020ca2c = iVar14;
        DAT_14020ca30 = iVar14;
        DAT_14020ca34 = iVar14;
        FUN_1401064f0((*(short *)(param_1 + 0x15b0) - iVar15) - iVar17,
                      (int)*(short *)(param_1 + 0x15b2) - *(int *)(param_1 + 0x5a0),
                      **(undefined2 **)(param_1 + 0x33c8),(*(undefined2 **)(param_1 + 0x33c8))[1],
                      uVar21,0);
        uVar22 = (undefined4)(uVar21 >> 0x20);
        iVar16 = (int)*(short *)(param_1 + 0x15b2) - *(int *)(param_1 + 0x5a0) << (bVar8 & 0x1f);
        uVar18 = (*(ushort **)(param_1 + 0x33c8))[1];
        FUN_140117f70((*(short *)(param_1 + 0x15b0) - iVar15) - iVar17 << (bVar8 & 0x1f),
                      iVar16 + (uint)(uVar18 >> 1),
                      ((short)((**(ushort **)(param_1 + 0x33c8) >> (bVar8 & 0x1f)) + sVar10 * 2) -
                      iVar17) + (int)*(short *)(param_1 + 0x15b0) << (bVar8 & 0x1f),
                      (uint)uVar18 + iVar16);
        DAT_14020ca2c = iVar14;
        DAT_14020ca30 = iVar14;
        DAT_14020ca34 = iVar14;
        FUN_1401064f0((*(short *)(param_1 + 0x15b0) - iVar17) + iVar15,
                      (int)*(short *)(param_1 + 0x15b2) - *(int *)(param_1 + 0x5a0),
                      **(undefined2 **)(param_1 + 0x33c8),(*(undefined2 **)(param_1 + 0x33c8))[1],
                      CONCAT44(uVar22,*(undefined4 *)(param_1 + 0x356c)) & 0xffffffffffffffef | 4,0)
        ;
        if (*(short *)(param_1 + 0x383a) != 8) {
          *(short *)(param_1 + 0x383a) = *(short *)(param_1 + 0x383a) + 4;
          FUN_140117ff0(0);
          return 0;
        }
        *(short *)(param_1 + 0x3836) = *(short *)(param_1 + 0x3836) + 1;
        if (*(short *)(param_1 + 0x3836) == 8) {
          *(undefined2 *)(param_1 + 0x383a) = 9;
          FUN_140117ff0(0);
          return 0;
        }
      }
      else {
        iVar14 = iVar14 - *(int *)(param_1 + 0x5a0) << (bVar8 & 0x1f);
        FUN_140117f70((*(short *)(param_1 + 0x15b0) - iVar15) - iVar17 << (bVar8 & 0x1f),iVar14,
                      ((short)((uVar13 >> (bVar8 & 0x1f)) + sVar10 * -2) - iVar17) +
                      (int)*(short *)(param_1 + 0x15b0) << (bVar8 & 0x1f),
                      (uint)(uVar18 >> 1) + iVar14);
        DAT_14020ca2c = -(int)*(short *)(param_1 + 0x383a);
        DAT_14020ca30 = -(int)*(short *)(param_1 + 0x383a);
        DAT_14020ca34 = -(int)*(short *)(param_1 + 0x383a);
        uVar21 = CONCAT44(uVar22,*(undefined4 *)(param_1 + 0x356c)) & 0xffffffffffffffef | 4;
        FUN_1401064f0(((int)*(short *)(param_1 + 0x15b0) -
                      (int)(short)(*(short *)(param_1 + 0x383a) * 2)) - iVar17,
                      (int)*(short *)(param_1 + 0x15b2) - *(int *)(param_1 + 0x5a0),
                      **(undefined2 **)(param_1 + 0x33c8),(*(undefined2 **)(param_1 + 0x33c8))[1],
                      uVar21,0);
        uVar22 = (undefined4)(uVar21 >> 0x20);
        uVar18 = (*(ushort **)(param_1 + 0x33c8))[1];
        iVar14 = (int)*(short *)(param_1 + 0x15b2) - *(int *)(param_1 + 0x5a0) << (bVar8 & 0x1f);
        FUN_140117f70(((short)(*(short *)(param_1 + 0x383a) * 2) - iVar17) +
                      (int)*(short *)(param_1 + 0x15b0) << (bVar8 & 0x1f),
                      iVar14 + (uint)(uVar18 >> 1),
                      ((short)((**(ushort **)(param_1 + 0x33c8) >> (bVar8 & 0x1f)) +
                              *(short *)(param_1 + 0x383a) * 2) - iVar17) +
                      (int)*(short *)(param_1 + 0x15b0) << (bVar8 & 0x1f),(uint)uVar18 + iVar14);
        DAT_14020ca2c = -(int)*(short *)(param_1 + 0x383a);
        DAT_14020ca30 = -(int)*(short *)(param_1 + 0x383a);
        DAT_14020ca34 = -(int)*(short *)(param_1 + 0x383a);
        FUN_1401064f0(((int)(short)(*(short *)(param_1 + 0x383a) * 2) +
                      (int)*(short *)(param_1 + 0x15b0)) - iVar17,
                      (int)*(short *)(param_1 + 0x15b2) - *(int *)(param_1 + 0x5a0),
                      **(undefined2 **)(param_1 + 0x33c8),(*(undefined2 **)(param_1 + 0x33c8))[1],
                      CONCAT44(uVar22,*(undefined4 *)(param_1 + 0x356c)) & 0xffffffffffffffef | 4,0)
        ;
        *(short *)(param_1 + 0x383a) = *(short *)(param_1 + 0x383a) + 1;
      }
      FUN_140117ff0(0);
      return 0;
    }
    goto LAB_140080882;
  case '\x0f':
    if (-0x20 < *(short *)(param_1 + 0x383a)) {
      if (*(short *)(param_1 + 0x383a) == 0) {
        FUN_140144750(0x31);
      }
      FUN_140105cc0(*(undefined8 *)(param_1 + 0x33c8),0);
      if (-0x10 < *(short *)(param_1 + 0x383a)) {
        DAT_14020ca10 = *(short *)(param_1 + 0x383a) + 0xf;
      }
      uVar21 = CONCAT44(uVar22,*(undefined4 *)(param_1 + 0x356c)) | 0x14;
      FUN_1401064f0((int)*(short *)(param_1 + 0x15b0) - (int)*(short *)(param_1 + 0x3898),
                    (int)*(short *)(param_1 + 0x15b2) - *(int *)(param_1 + 0x3f0),
                    **(undefined2 **)(param_1 + 0x33c8),(*(undefined2 **)(param_1 + 0x33c8))[1],
                    uVar21,0);
      DAT_14020ca10 = 0;
      DAT_14020ca2c = (int)*(short *)(param_1 + 0x383a);
      DAT_14020ca30 = (int)*(short *)(param_1 + 0x383a);
      DAT_14020ca34 = (int)*(short *)(param_1 + 0x383a);
      FUN_1401064f0(((int)(short)(*(short *)(param_1 + 0x383a) * 2) -
                    (int)*(short *)(param_1 + 0x3898)) + (int)*(short *)(param_1 + 0x15b0),
                    (int)*(short *)(param_1 + 0x15b2) - *(int *)(param_1 + 0x3f0),
                    **(undefined2 **)(param_1 + 0x33c8),(*(undefined2 **)(param_1 + 0x33c8))[1],
                    CONCAT44((int)(uVar21 >> 0x20),*(undefined4 *)(param_1 + 0x356c)) | 4,0);
      *(short *)(param_1 + 0x383a) = *(short *)(param_1 + 0x383a) + -1;
      return 0;
    }
LAB_140080882:
    *(undefined2 *)(param_1 + 0x3836) = 0;
    break;
  case '\x10':
    SDL_memset(param_1 + 0x1648,0,0x20);
    uVar22 = (undefined4)((ulonglong)in_stack_ffffffffffffff98 >> 0x20);
    *(undefined4 *)(param_1 + 0x1650) = 0x1cf;
    *(int *)(param_1 + 0x1648) =
         (int)*(short *)(param_1 + 0x15b0) - (int)*(short *)(param_1 + 0x3898);
    sVar10 = *(short *)(param_1 + 0x383a);
    *(int *)(param_1 + 0x164c) = (int)*(short *)(param_1 + 0x15b2) - *(int *)(param_1 + 0x3f0);
    *(undefined4 *)(param_1 + 0x1654) = 0x84;
    if (0 < sVar10) {
      do {
        FUN_140103a30(&DAT_1401f3b90,param_1 + 0x1648);
        uVar22 = (undefined4)((ulonglong)in_stack_ffffffffffffff98 >> 0x20);
        sVar10 = *(short *)(param_1 + 0x383a);
        iVar16 = iVar16 + 1;
      } while (iVar16 < sVar10);
    }
    if (sVar10 == 0) {
      FUN_140144750(0x31);
    }
    FUN_140105cc0(*(undefined8 *)(param_1 + 0x33c8),0);
    iVar14 = (0x200 - *(int *)(param_1 + 0x1658)) * 2;
    FUN_1401118e0((int)*(short *)(param_1 + 0x3898) << (bVar8 & 0x1f),
                  *(int *)(param_1 + 0x3f0) << (bVar8 & 0x1f),iVar14,iVar14,CONCAT44(uVar22,0x200));
    uVar19 = *(uint *)(param_1 + 0x356c) | 0x80;
    if ((*(uint *)(param_1 + 0x356c) & 1) == 0) {
      uVar19 = 0x80;
    }
    FUN_1401064f0(*(int *)(param_1 + 0x1658) + *(int *)(param_1 + 0x1648),
                  *(int *)(param_1 + 0x165c) + *(int *)(param_1 + 0x164c),
                  **(undefined2 **)(param_1 + 0x33c8),(*(undefined2 **)(param_1 + 0x33c8))[1],uVar19
                  ,0);
    *(short *)(param_1 + 0x383a) = *(short *)(param_1 + 0x383a) + 2;
    *(short *)(param_1 + 0x3836) = *(short *)(param_1 + 0x3836) + 2;
    if (*(int *)(param_1 + 0x1658) + *(int *)(param_1 + 0x1648) < *(int *)(param_1 + 0x1650)) {
      return 0;
    }
LAB_140081d87:
    *(undefined2 *)(param_1 + 0x3836) = 0;
LAB_140081d8f:
    *(undefined2 *)(param_1 + 0x383a) = 0;
    *(undefined2 *)(param_1 + 0x3908) = 0;
    FUN_140078880(lVar12);
    FUN_14007e430(param_1);
    *(undefined1 *)(param_1 + 0x39b7) = 0;
    *(undefined1 *)(param_1 + 0x39bb) = 0;
    (&DAT_14019f194)[*(short *)(param_1 + 4)] = 0;
    *(undefined1 *)(param_1 + 0x39ba) = 1;
LAB_140082624:
    sVar10 = *(short *)(param_1 + 4);
    if ((&DAT_14019f15d)[sVar10] != '\0') {
      (&DAT_14019f15d)[sVar10] = 0;
      sVar10 = *(short *)(param_1 + 4);
    }
    if ((&DAT_14019f14a)[sVar10] != '\0') {
      (&DAT_14019f14a)[sVar10] = 0;
      sVar10 = *(short *)(param_1 + 4);
    }
    if ((&DAT_14019f16f)[sVar10] == '\0') {
      return 1;
    }
    (&DAT_14019f16f)[sVar10] = 0;
    return 1;
  default:
    goto switchD_14007feb1_caseD_11;
  case '2':
    if (*(short *)(param_1 + 0x383a) < 0xf) {
      if (*(short *)(param_1 + 0x383a) == 0) {
        *(undefined2 *)(param_1 + 0x520) = 0x31;
        FUN_140144750(*(undefined2 *)(param_1 + 0x5f8));
      }
      FUN_140105cc0(*(undefined8 *)(param_1 + 0x33c8),0);
      DAT_14020ca10 = 0xf - *(short *)(param_1 + 0x383a);
      uVar19 = *(uint *)(param_1 + 0x356c) | 0x16;
      uVar5 = (*(undefined2 **)(param_1 + 0x33c8))[1];
      uVar6 = **(undefined2 **)(param_1 + 0x33c8);
      iVar14 = ((int)*(short *)(param_1 + 0x15b2) -
               *(int *)(&DAT_14019f920 + (longlong)*(short *)(param_1 + 0x383a) * 4)) -
               *(int *)(param_1 + 0x5a0);
      iVar17 = *(short *)(param_1 + 0x15b0) - iVar17;
      goto LAB_1400825c8;
    }
    *(undefined2 *)(param_1 + 0x383a) = 0;
    *(undefined2 *)(param_1 + 0x3908) = 0;
    FUN_140078880(lVar12);
    FUN_14007e430(param_1);
    *(undefined1 *)(param_1 + 0x39b7) = 0;
    *(undefined2 *)(param_1 + 0x39ba) = 1;
    (&DAT_14019f194)[*(short *)(param_1 + 4)] = 0;
    goto LAB_140082624;
  case '3':
    sVar10 = *(short *)(param_1 + 0x383a);
    if (sVar10 < 100) {
      if (sVar10 == 0) {
        puVar1 = *(ushort **)(param_1 + 0x33c8);
        *(undefined4 *)(param_1 + 0x162c) = 0x400;
        *(undefined4 *)(param_1 + 0x1630) = 0x400;
        *(uint *)(param_1 + 0x1614) = (uint)(*puVar1 >> 1);
        *(uint *)(param_1 + 0x1618) = (uint)puVar1[1];
        *(ushort *)(param_1 + 0x1610) = *puVar1;
        *(ushort *)(param_1 + 0x1612) = puVar1[1];
        uVar18 = *puVar1;
        *(int *)(param_1 + 0x1620) = (int)*(short *)(param_1 + 0x15b2) << (bVar8 & 0x1f);
        *(undefined2 *)(param_1 + 0x1634) = 0x16;
        *(uint *)(param_1 + 0x161c) =
             ((int)*(short *)(param_1 + 0x15b0) << (bVar8 & 0x1f)) - (uint)(uVar18 >> 1);
        if ((*(byte *)(param_1 + 0x356c) & 1) != 0) {
          *(undefined2 *)(param_1 + 0x1634) = 0x17;
        }
        *(undefined4 *)(param_1 + 0x1644) = 0x5a;
        uVar11 = FUN_140102850(*(undefined8 *)(puVar1 + 8),local_res18,local_res10,local_res8,0,
                               in_stack_ffffffffffffffa0 & 0xffffffff00000000);
        *(undefined8 *)(param_1 + 0x1608) = uVar11;
        *(undefined2 *)(param_1 + 0x520) = 0x31;
        FUN_140144750(*(undefined2 *)(param_1 + 0x5f8));
        sVar10 = *(short *)(param_1 + 0x383a);
      }
      *(int *)(param_1 + 0x162c) = *(int *)(param_1 + 0x162c) + 4;
      *(int *)(param_1 + 0x1630) = *(int *)(param_1 + 0x1630) + 4;
      *(short *)(param_1 + 0x383a) = sVar10 + 2;
      *(undefined4 *)(param_1 + 0x1638) = 5;
      *(undefined4 *)(param_1 + 0x163c) = 5;
      *(undefined4 *)(param_1 + 0x1640) = 5;
      FUN_140104920(&DAT_1401f3b90,DAT_14020c8f8,param_1 + 0x1608);
      return 0;
    }
    goto LAB_140081d8f;
  case 'd':
    sVar10 = *(short *)(param_1 + 0x383a);
    if (sVar10 == 100) {
      if (*(void **)(param_1 + 0x1668) != (void *)0x0) {
        free(*(void **)(param_1 + 0x1668));
      }
      *(undefined2 *)(param_1 + 0x383a) = 0;
      *(undefined2 *)(param_1 + 0x3908) = 0;
      FUN_140078880(lVar12);
      SDL_memset(param_1 + 0x1668,0,0x68);
      FUN_14007e430(param_1);
      sVar10 = *(short *)(param_1 + 4);
      *(undefined1 *)(param_1 + 0x39b7) = 0;
      *(undefined1 *)(param_1 + 0x39ba) = 1;
      if ((&DAT_14019f15d)[sVar10] != '\0') {
        (&DAT_14019f15d)[sVar10] = 0;
        sVar10 = *(short *)(param_1 + 4);
      }
      if ((&DAT_14019f14a)[sVar10] != '\0') {
        (&DAT_14019f14a)[sVar10] = 0;
        sVar10 = *(short *)(param_1 + 4);
      }
      if ((&DAT_14019f16f)[sVar10] != '\0') {
        (&DAT_14019f16f)[sVar10] = 0;
        sVar10 = *(short *)(param_1 + 4);
      }
      *(undefined1 *)(param_1 + 0x39bb) = 0;
      DAT_1401a9ab0 = 0;
      (&DAT_14019f194)[sVar10] = 0;
      return 1;
    }
    if (sVar10 == 0) {
      if (5 < *(int *)(param_1 + 0x3558)) {
LAB_1400821dd:
        *(undefined4 *)(param_1 + 0x3838) = 0x10000;
        *(undefined4 *)(param_1 + 0x3558) = 0;
        return 0;
      }
LAB_140081e00:
      if (*(short *)(param_1 + 0x3838) == 0x18) {
        FUN_140144750(0xeb);
      }
      FUN_140105cc0(*(undefined8 *)(param_1 + 0x33c8),0);
      DAT_14020ca2c = (int)*(short *)(param_1 + 0x3838);
      DAT_14020ca30 = (int)*(short *)(param_1 + 0x3838);
      DAT_14020ca34 = (int)*(short *)(param_1 + 0x3838);
      FUN_1401064f0((int)*(short *)(param_1 + 0x15b0) - (int)*(short *)(param_1 + 0x3898),
                    (int)*(short *)(param_1 + 0x15b2) - *(int *)(param_1 + 0x3f0),
                    **(undefined2 **)(param_1 + 0x33c8),(*(undefined2 **)(param_1 + 0x33c8))[1],
                    CONCAT44(uVar22,*(undefined4 *)(param_1 + 0x356c)) | 4,0);
      sVar10 = 4;
      if ((*(uint *)(param_1 + 0x3558) & 1) != 0) {
        sVar10 = -1;
      }
      sVar10 = sVar10 + *(short *)(param_1 + 0x3838);
      *(short *)(param_1 + 0x3838) = sVar10;
      if ((sVar10 < 0x18) && (-8 < sVar10)) {
        return 0;
      }
      *(uint *)(param_1 + 0x3558) = *(uint *)(param_1 + 0x3558) + 1;
      return 0;
    }
    if (*(longlong *)(param_1 + 0x1668) == 0) {
      SDL_memset(param_1 + 0x1668,0,0x68);
      uVar11 = FUN_140102850(*(undefined8 *)(*(longlong *)(param_1 + 0x33c8) + 0x10),local_res18,
                             local_res10,local_res8,0,in_stack_ffffffffffffffa0 & 0xffffffff00000000
                            );
      puVar7 = *(undefined2 **)(param_1 + 0x33c8);
      *(undefined8 *)(param_1 + 0x1668) = uVar11;
      iVar15 = 1 << (bVar8 & 0x1f);
      *(undefined2 *)(param_1 + 0x1670) = *puVar7;
      *(undefined2 *)(param_1 + 0x1672) = puVar7[1];
      *(undefined4 *)(param_1 + 0x167c) = 0;
      *(int *)(param_1 + 0x1674) = *(short *)(param_1 + 0x15b0) - iVar17 << (bVar8 & 0x1f);
      *(int *)(param_1 + 0x1678) =
           (int)*(short *)(param_1 + 0x15b2) - *(int *)(param_1 + 0x5a0) << (bVar8 & 0x1f);
      *(int *)(param_1 + 0x1684) = iVar15;
      if (*(char *)(param_1 + 0x39d3) == '\x01') {
        *(int *)(param_1 + 0x167c) = 0x1c2 << (bVar8 & 0x1f);
      }
      *(int *)(param_1 + 0x1688) = iVar15;
      *(undefined4 *)(param_1 + 0x168c) = 0x180064;
      *(int *)(param_1 + 0x1680) = 0x1a8 << (bVar8 & 0x1f);
      *(ushort *)(param_1 + 0x1690) = (ushort)puVar7[1] >> 2;
      *(undefined4 *)(param_1 + 0x1692) = 0x560028;
      if ((*(byte *)(param_1 + 0x356c) & 1) != 0) {
        *(undefined2 *)(param_1 + 0x1694) = 0x57;
      }
      *(undefined4 *)(param_1 + 0x1698) = 0xf;
      *(undefined4 *)(param_1 + 0x169c) = 0xf;
      *(undefined4 *)(param_1 + 0x16a0) = 0xf;
      FUN_140104690(&DAT_1401f3b90,0x350 << (bVar8 & 0x1f),iVar14);
      FUN_140144750(0x31);
      sVar10 = 0x65;
    }
    sVar10 = sVar10 + 1;
    *(short *)(param_1 + 0x383a) = sVar10;
    lVar12 = (longlong)(int)sVar10;
    *(int *)(param_1 + 0x1674) =
         ((int)(short)(sVar10 + ((short)((ulonglong)(lVar12 * 0x55555556) >> 0x20) +
                                (short)((lVar12 / 3 + (lVar12 >> 0x3f) & 0xffffffffU) >> 0x1f)) * -3
                      ) + (int)*(short *)(param_1 + 0x15b0)) - iVar17 << (bVar8 & 0x1f);
LAB_140082093:
    cVar9 = FUN_140103e20(&DAT_1401f3b90,DAT_14020c8f8,param_1 + 0x1668);
    if (cVar9 == '\x01') {
      *(undefined2 *)(param_1 + 0x383a) = 100;
      return 0;
    }
switchD_14007feb1_caseD_11:
    return 0;
  case 'e':
    sVar10 = *(short *)(param_1 + 0x383a);
    if (sVar10 != 1000) {
      if (((*(byte *)(*(longlong *)(param_1 + 0x30) + 8) & 0x20) != 0) &&
         ((&DAT_14019f15d)[*(short *)(param_1 + 4)] != '\x01')) {
        (&DAT_14019f15d)[*(short *)(param_1 + 4)] = 1;
        sVar10 = *(short *)(param_1 + 0x383a);
      }
      if (sVar10 != 0) {
        if (2 < DAT_1401ab18c) {
          DAT_1401ab18c = DAT_1401ab18c + -1;
          FUN_140144560(&DAT_1402bcca0,(DAT_1401ab18c * 0x7f) / 0xb);
          sVar10 = *(short *)(param_1 + 0x383a);
        }
        *(short *)(param_1 + 0x383a) = sVar10 + 1;
        FUN_140117f70((int)*(short *)(param_1 + 0x15b0) - (int)*(short *)(param_1 + 0x3898) <<
                      (bVar8 & 0x1f),
                      (int)*(short *)(param_1 + 0x15b2) - *(int *)(param_1 + 0x3f0) <<
                      (bVar8 & 0x1f),
                      ((uint)**(ushort **)(param_1 + 0x33c8) -
                      ((int)*(short *)(param_1 + 0x3898) << (bVar8 & 0x1f))) +
                      (int)*(short *)(param_1 + 0x15b0),
                      (int)*(short *)(param_1 + 0x15b2) << (bVar8 & 0x1f));
        FUN_140105cc0(*(undefined8 *)(param_1 + 0x33c8),0);
        sVar10 = *(short *)(param_1 + 0x383a);
        lVar12 = (longlong)(int)sVar10;
        uVar11 = CONCAT44(uVar22,*(undefined4 *)(param_1 + 0x356c));
        FUN_1401064f0(((int)(short)(sVar10 + ((short)((ulonglong)(lVar12 * 0x55555556) >> 0x20) +
                                             (short)((lVar12 / 3 + (lVar12 >> 0x3f) & 0xffffffffU)
                                                    >> 0x1f)) * -3) -
                      (int)*(short *)(param_1 + 0x3898)) + (int)*(short *)(param_1 + 0x15b0),
                      ((int)*(short *)(param_1 + 0x15b2) - *(int *)(param_1 + 0x3f0)) + (int)sVar10,
                      **(undefined2 **)(param_1 + 0x33c8),(*(undefined2 **)(param_1 + 0x33c8))[1],
                      uVar11,0);
        uVar22 = (undefined4)((ulonglong)uVar11 >> 0x20);
        if ((int)(uint)(*(ushort *)(*(longlong *)(param_1 + 0x33c8) + 2) >> (bVar8 & 0x1f)) <=
            (int)*(short *)(param_1 + 0x383a)) {
          *(undefined2 *)(param_1 + 0x383a) = 1000;
        }
        FUN_140117ff0(0);
        *(undefined4 *)(param_1 + 0x73c) = 0x1cb6;
        *(undefined4 *)(param_1 + 0x744) = 0;
        cVar9 = FUN_140100260(param_1 + 0x718,0);
        if (cVar9 != '\0') {
          uVar11 = FUN_140105800(*(undefined4 *)(param_1 + 0x78c),*(undefined2 *)(param_1 + 0x790),1
                                );
          *(undefined8 *)(param_1 + 0x33c8) = uVar11;
          FUN_140105cc0(uVar11,1);
          uVar23 = 0;
          uVar11 = CONCAT44(uVar22,*(undefined4 *)(param_1 + 0x754));
          FUN_1401064f0((int)*(short *)(param_1 + 0x15b0) - (int)*(short *)(param_1 + 0x74c),
                        (int)*(short *)(param_1 + 0x15b2) - *(int *)(param_1 + 0x750),
                        **(undefined2 **)(param_1 + 0x33c8),(*(undefined2 **)(param_1 + 0x33c8))[1],
                        uVar11,0);
          uVar22 = (undefined4)((ulonglong)uVar11 >> 0x20);
          sVar10 = *(short *)(param_1 + 0x383a);
          if ((int)sVar10 % 0x1e == 1) {
            FUN_140144750(0x229);
            sVar10 = *(short *)(param_1 + 0x383a);
          }
          if ((int)sVar10 == ((int)sVar10 / 0x23) * 0x23) {
            uVar24 = CONCAT44(uVar23,5);
            uVar11 = CONCAT44(uVar22,5);
            DAT_1401ab33f = 1;
            FUN_140049020(0,0,0,0x19,uVar11,uVar24,3);
            uVar22 = (undefined4)((ulonglong)uVar11 >> 0x20);
            uVar23 = (undefined4)((ulonglong)uVar24 >> 0x20);
            FUN_140144750(0x233);
            sVar10 = *(short *)(param_1 + 0x383a);
          }
          if ((int)sVar10 != ((int)sVar10 / 0x2d) * 0x2d) {
            return 0;
          }
          DAT_1401ab33f = 1;
          FUN_140049020(0,0,0,0x19,CONCAT44(uVar22,5),CONCAT44(uVar23,5),2);
          FUN_140144750(0x233);
          return 0;
        }
        return 1;
      }
      if (5 < *(int *)(param_1 + 0x3558)) {
        FUN_140144750(0x31);
        goto LAB_1400821dd;
      }
      goto LAB_140081e00;
    }
    DAT_1401ab18c = DAT_1401a6e88;
    FUN_140144560(&DAT_1402bcca0,(DAT_1401a6e88 * 0x7f) / 0xb);
    *(undefined2 *)(param_1 + 0x383a) = 0;
    *(undefined2 *)(param_1 + 0x3908) = 0;
    FUN_140078880(lVar12);
    FUN_140078880(param_1 + 0x718);
    SDL_memset(param_1 + 0x1668,0,0x68);
    goto LAB_14007fecb;
  }
  *(undefined2 *)(param_1 + 0x383a) = 0;
  *(undefined2 *)(param_1 + 0x3908) = 0;
  FUN_140078880(lVar12);
LAB_14007fecb:
  FUN_14007e430(param_1);
  sVar10 = *(short *)(param_1 + 4);
  *(undefined1 *)(param_1 + 0x39b7) = 0;
  *(undefined1 *)(param_1 + 0x39ba) = 1;
  if ((&DAT_14019f15d)[sVar10] != '\0') {
    (&DAT_14019f15d)[sVar10] = 0;
    sVar10 = *(short *)(param_1 + 4);
  }
  if ((&DAT_14019f14a)[sVar10] != '\0') {
    (&DAT_14019f14a)[sVar10] = 0;
    sVar10 = *(short *)(param_1 + 4);
  }
  if ((&DAT_14019f16f)[sVar10] != '\0') {
    (&DAT_14019f16f)[sVar10] = 0;
    sVar10 = *(short *)(param_1 + 4);
  }
  *(undefined1 *)(param_1 + 0x39bb) = 0;
LAB_14007ff3f:
  (&DAT_14019f194)[sVar10] = 0;
  return 1;
}

  
2026-09-08 19:16:22 INFO  (GhidraScript) ReportHdBossDamageBranches.py> FUNCTION 0x140085890L  
2026-09-08 19:16:22 INFO  (GhidraScript) ReportHdBossDamageBranches.py> 
ulonglong FUN_140085890(longlong param_1,byte *param_2,longlong param_3)

{
  longlong *plVar1;
  ushort uVar2;
  longlong lVar3;
  longlong lVar4;
  short sVar5;
  uint uVar6;
  uint uVar7;
  ulonglong uVar8;
  undefined8 *puVar9;
  char *pcVar10;
  int iVar11;
  int iVar12;
  bool bVar13;
  bool bVar14;
  
  uVar2 = *(ushort *)(param_2 + 0x1a);
  uVar8 = (ulonglong)uVar2;
  plVar1 = (longlong *)(param_1 + 0x3408);
  if ((uVar2 >> 0xd & 1) != 0) {
    *(ushort *)(param_1 + 0x35b0) = *(ushort *)(param_1 + 0x35b0) | 0x20;
    return (ulonglong)(byte)(uVar2 >> 8) << 8;
  }
  if ((uVar2 == 0) || ((*param_2 & 0x80) != 0)) {
LAB_140085989:
    return uVar8 & 0xffffffffffffff00;
  }
  iVar11 = 10;
  if (*(char *)(param_1 + 0x39b4) == '\x01') {
    if (param_2[0x2c] == 0) {
      lVar3 = *(longlong *)(param_1 + 0x10);
      lVar4 = *(longlong *)(param_3 + 0x30);
      if (lVar4 == 0) {
        iVar11 = (uint)*(ushort *)(*(longlong *)(param_3 + 0x10) + 0x38) -
                 (uint)*(ushort *)(lVar3 + 0x38);
        uVar2 = *(ushort *)(*(longlong *)(param_3 + 0x10) + 0x20);
        bVar13 = uVar2 < *(ushort *)(lVar3 + 0x20);
        bVar14 = uVar2 == *(ushort *)(lVar3 + 0x20);
      }
      else {
        iVar11 = (uint)*(ushort *)(lVar4 + 0x42) - (uint)*(ushort *)(lVar3 + 0x38);
        bVar13 = *(ushort *)(lVar4 + 0x4c) < *(ushort *)(lVar3 + 0x28);
        bVar14 = *(ushort *)(lVar4 + 0x4c) == *(ushort *)(lVar3 + 0x28);
      }
      iVar12 = 0xf;
      if (bVar13 || bVar14) {
        iVar12 = 10;
      }
      if (iVar11 < -5) {
        iVar11 = -5;
      }
      else if (5 < iVar11) {
        iVar11 = 5;
      }
      iVar11 = FUN_140167e10(iVar11 + iVar12);
      uVar8 = (ulonglong)(iVar11 + 1U);
      if ((int)(iVar11 + 1U) < (int)(uint)*(ushort *)(*(longlong *)(param_1 + 0x10) + 0x28))
      goto LAB_140085989;
    }
  }
  else if (param_2[0x2c] == 0) {
    lVar3 = *(longlong *)(param_1 + 0x30);
    uVar7 = 1;
    lVar4 = *(longlong *)(param_3 + 0x30);
    uVar6 = (uint)*(ushort *)(lVar3 + 0x4c);
    if (*(ushort *)(lVar3 + 0x4c) == 0) {
      uVar6 = 1;
    }
    if (lVar4 == 0) {
      uVar2 = *(ushort *)(*(longlong *)(param_3 + 0x10) + 0x20);
      if (*(ushort *)(lVar3 + 0x4a) < uVar2) {
        iVar11 = (uint)uVar2 - (uint)*(ushort *)(lVar3 + 0x4a);
      }
      uVar2 = *(ushort *)(*(longlong *)(param_3 + 0x10) + 0x38);
    }
    else {
      if (*(ushort *)(lVar4 + 0x4c) != 0) {
        uVar7 = (uint)*(ushort *)(lVar4 + 0x4c);
      }
      if (uVar6 < uVar7) {
        iVar11 = uVar7 - uVar6;
      }
      uVar2 = *(ushort *)(lVar4 + 0x42);
    }
    iVar12 = (uint)uVar2 - (uint)*(ushort *)(lVar3 + 0x42);
    if (iVar12 < -5) {
      iVar12 = -5;
    }
    else if (5 < iVar12) {
      iVar12 = 5;
    }
    uVar7 = iVar12 + iVar11;
    uVar8 = (ulonglong)uVar7;
    uVar6 = uVar7 - 10;
    if ((*(byte *)(lVar3 + 8) & 0x20) == 0) {
      uVar6 = uVar7;
    }
    if (((int)uVar6 < 1) ||
       (uVar8 = FUN_140167e10(),
       (int)uVar8 < (int)(uint)*(ushort *)(*(longlong *)(param_1 + 0x30) + 0x4c)))
    goto LAB_140085989;
  }
  uVar6 = *(uint *)(param_1 + 0x34e8);
  while (uVar6 != *(ushort *)(param_2 + 0x1a)) {
    plVar1 = (longlong *)*plVar1;
    bVar13 = false;
    if (plVar1 == (longlong *)0x0) goto LAB_140085a80;
    uVar6 = *(uint *)(plVar1 + 0x1c);
  }
  *(ushort *)((longlong)plVar1 + 0xe6) = (ushort)param_2[0x2a];
  *(undefined2 *)((longlong)plVar1 + 0xec) = *(undefined2 *)(param_2 + 10);
  bVar13 = true;
LAB_140085a80:
  if ((*(short *)(param_2 + 0x1a) < 0) || (bVar13)) {
    return 1;
  }
  puVar9 = (undefined8 *)malloc(0xf0);
  SDL_memset(puVar9,0,0xf0);
  *puVar9 = *(undefined8 *)(param_1 + 0x3408);
  *(undefined8 **)(param_1 + 0x3408) = puVar9;
  sVar5 = FUN_140167e10(param_2[0x2a]);
  *(short *)((longlong)puVar9 + 0xe6) = sVar5;
  if (sVar5 == 0) {
    *(undefined2 *)((longlong)puVar9 + 0xe6) = 1;
  }
  *(uint *)(puVar9 + 0x1c) = (uint)*(ushort *)(param_2 + 0x1a);
  *(undefined2 *)((longlong)puVar9 + 0xec) = *(undefined2 *)(param_2 + 10);
  uVar2 = *(ushort *)(param_2 + 0x1a);
  if (0x20 < uVar2) {
    if (uVar2 == 0x40) {
      *(undefined4 *)((longlong)puVar9 + 0x2c) = 11000;
      *(undefined4 *)((longlong)puVar9 + 0x34) = 3;
      *(undefined2 *)((longlong)puVar9 + 0xea) = 6;
      *(uint *)(param_1 + 0x35a0) = *(uint *)(param_1 + 0x35a0) | 0x40;
      return 1;
    }
    if (uVar2 == 0x80) {
      *(undefined4 *)((longlong)puVar9 + 0x2c) = 11000;
      *(undefined2 *)((longlong)puVar9 + 0xea) = 7;
      *(undefined4 *)((longlong)puVar9 + 0x34) = 2;
      *(uint *)(param_1 + 0x35a0) = *(uint *)(param_1 + 0x35a0) | 0x80;
      return 1;
    }
    if (uVar2 == 0x100) {
      *(undefined4 *)((longlong)puVar9 + 0x2c) = 11000;
      *(undefined4 *)((longlong)puVar9 + 0x34) = 8;
      *(undefined2 *)((longlong)puVar9 + 0xea) = 10;
      *(uint *)(param_1 + 0x35a0) = *(uint *)(param_1 + 0x35a0) | 0x100;
      return 1;
    }
    if (uVar2 != 0x200) {
      if (uVar2 != 0x1000) {
        return 1;
      }
      *(uint *)(param_1 + 0x35a0) = *(uint *)(param_1 + 0x35a0) | 0x1000;
      *(undefined2 *)((longlong)puVar9 + 0xea) = 1;
      return 1;
    }
    *(undefined4 *)((longlong)puVar9 + 0x2c) = 11000;
    *(undefined4 *)((longlong)puVar9 + 0x34) = 6;
    *(uint *)(param_1 + 0x35a0) = *(uint *)(param_1 + 0x35a0) | 0x200;
    *(undefined2 *)((longlong)puVar9 + 0xea) = 0xb;
    if (*(char *)(param_1 + 0x39b4) != '\x01') {
      return 1;
    }
    sVar5 = *(short *)(*(longlong *)(param_1 + 0x10) + 0x32);
    *(short *)(*(longlong *)(param_1 + 0x10) + 0x32) =
         sVar5 - (((short)((sVar5 * 10) / 100) + (sVar5 >> 0xf)) -
                 (short)((longlong)(sVar5 * 10) * 0x51eb851f >> 0x3f));
    sVar5 = *(short *)(*(longlong *)(param_1 + 0x10) + 0x34);
    *(short *)(*(longlong *)(param_1 + 0x10) + 0x34) =
         sVar5 - (((short)((sVar5 * 10) / 100) + (sVar5 >> 0xf)) -
                 (short)((longlong)(sVar5 * 10) * 0x51eb851f >> 0x3f));
    uVar2 = *(ushort *)(*(longlong *)(param_1 + 0x10) + 0x22);
    *(ushort *)(*(longlong *)(param_1 + 0x10) + 0x22) =
         uVar2 - (short)((((uint)uVar2 + (uint)uVar2 * 4) * 2) / 100);
    uVar2 = *(ushort *)(*(longlong *)(param_1 + 0x10) + 0x20);
    *(ushort *)(*(longlong *)(param_1 + 0x10) + 0x20) =
         uVar2 - (short)((((uint)uVar2 + (uint)uVar2 * 4) * 2) / 100);
    return 1;
  }
  if (uVar2 == 0x20) {
    *(undefined4 *)((longlong)puVar9 + 0x2c) = 11000;
    *(undefined4 *)((longlong)puVar9 + 0x34) = 4;
    *(undefined2 *)((longlong)puVar9 + 0xea) = 9;
    *(uint *)(param_1 + 0x35a0) = *(uint *)(param_1 + 0x35a0) | 0x20;
  }
  else if (uVar2 == 1) {
    *(undefined4 *)((longlong)puVar9 + 0x2c) = 11000;
    *(undefined2 *)((longlong)puVar9 + 0xea) = 2;
    *(undefined4 *)((longlong)puVar9 + 0x34) = 1;
    *(uint *)(param_1 + 0x35a0) = *(uint *)(param_1 + 0x35a0) | 1;
    *(ushort *)(param_1 + 0x35b0) = *(ushort *)(param_1 + 0x35b0) | 0x40;
  }
  else if (uVar2 == 2) {
    *(undefined4 *)((longlong)puVar9 + 0x2c) = 11000;
    *(undefined4 *)((longlong)puVar9 + 0x34) = 7;
    *(undefined2 *)((longlong)puVar9 + 0xea) = 8;
    *(uint *)(param_1 + 0x35a0) = *(uint *)(param_1 + 0x35a0) | 2;
    *(ushort *)(param_1 + 0x35b0) = *(ushort *)(param_1 + 0x35b0) | 2;
  }
  else {
    if (uVar2 == 4) {
      *(uint *)(param_1 + 0x35a0) = *(uint *)(param_1 + 0x35a0) | 4;
      *(undefined2 *)((longlong)puVar9 + 0xea) = 3;
    }
    else {
      if (uVar2 != 8) {
        if (uVar2 != 0x10) {
          return 1;
        }
        *(undefined4 *)((longlong)puVar9 + 0x2c) = 11000;
        *(undefined4 *)((longlong)puVar9 + 0x34) = 5;
        pcVar10 = "Battle_StopSkill";
        *(undefined2 *)((longlong)puVar9 + 0xea) = 5;
        *(uint *)(param_1 + 0x35a0) = *(uint *)(param_1 + 0x35a0) | 0x10;
        *(ushort *)(param_1 + 0x35b0) = *(ushort *)(param_1 + 0x35b0) | 0x100;
        goto LAB_140085bac;
      }
      *(undefined4 *)((longlong)puVar9 + 0x2c) = 11000;
      *(undefined2 *)((longlong)puVar9 + 0xea) = 4;
      *(undefined4 *)((longlong)puVar9 + 0x34) = 0;
      *(uint *)(param_1 + 0x35a0) = *(uint *)(param_1 + 0x35a0) | 8;
    }
    *(ushort *)(param_1 + 0x35b0) = *(ushort *)(param_1 + 0x35b0) | 0x40;
  }
  pcVar10 = "Battle_Freeze";
LAB_140085bac:
  FUN_14014ccf0(&DAT_1401a6d80,pcVar10,2,*(short *)(param_1 + 4) + 1,(int)*(short *)(param_1 + 6));
  return 1;
}

  
2026-09-08 19:16:22 INFO  (GhidraScript) ReportHdBossDamageBranches.py> FUNCTION 0x140086600L  
2026-09-08 19:16:23 INFO  (GhidraScript) ReportHdBossDamageBranches.py> 
undefined8 FUN_140086600(longlong param_1,uint *param_2)

{
  uint uVar1;
  undefined8 *puVar2;
  void *pvVar3;
  undefined8 uVar4;
  undefined8 *puVar5;
  
  uVar1 = param_2[1];
  puVar2 = (undefined8 *)(param_1 + 0x3408);
  if (uVar1 == 0) {
    if ((*param_2 & 8) == 0) {
      return 0;
    }
  }
  else if ((uVar1 >> 0x1a & 1) != 0) {
    *(uint *)(param_1 + 0x35a0) = *(uint *)(param_1 + 0x35a0) | 0x2000000;
    *(ushort *)(param_1 + 0x3994) = (ushort)*(byte *)((longlong)param_2 + 0x2a);
    return 1;
  }
  do {
    puVar5 = puVar2;
    if (((*(uint *)(puVar5 + 0x1c) != 0) && (*(uint *)(puVar5 + 0x1c) == uVar1)) ||
       ((*(ushort *)(puVar5 + 0x1d) != 0 && ((uint)*(ushort *)(puVar5 + 0x1d) == *param_2)))) {
      *(ushort *)((longlong)puVar5 + 0xe6) = (ushort)*(byte *)((longlong)param_2 + 0x2a);
      goto LAB_140086708;
    }
    puVar2 = (undefined8 *)*puVar5;
  } while ((undefined8 *)*puVar5 != (undefined8 *)0x0);
  pvVar3 = malloc(0xf0);
  *puVar5 = pvVar3;
  SDL_memset(pvVar3,0,0xf0);
  puVar5 = (undefined8 *)*puVar5;
  *puVar5 = 0;
  *(ushort *)((longlong)puVar5 + 0xe6) = (ushort)*(byte *)((longlong)param_2 + 0x2a);
  *(undefined2 *)((longlong)puVar5 + 0xec) = *(undefined2 *)((longlong)param_2 + 10);
  if (param_2[1] != 0) {
    *(uint *)(puVar5 + 0x1c) = param_2[1];
  }
  if ((*param_2 & 8) != 0) {
    *(short *)(puVar5 + 0x1d) = (short)param_2[7];
  }
LAB_140086708:
  switch((short)param_2[7]) {
  case 1:
    uVar4 = 0x487;
    break;
  case 2:
    uVar4 = 0x488;
    break;
  default:
    goto switchD_14008672b_caseD_3;
  case 5:
    uVar4 = 0x489;
    break;
  case 6:
    uVar4 = 0x48a;
    break;
  case 7:
    uVar4 = 0x48b;
    break;
  case 9:
    uVar4 = 0x48c;
  }
  uVar4 = FUN_1401668f0(uVar4);
  SDL_snprintf(param_1 + 0x1498,0x100,uVar4,*(undefined8 *)(param_1 + 0x33f8));
  FUN_140066e50(0x28,param_1 + 0x1498,0x40000002);
  FUN_140144750(0x117);
switchD_14008672b_caseD_3:
  uVar1 = param_2[1];
  if (uVar1 < 0x10000001) {
    if (uVar1 == 0x10000000) {
      *(undefined4 *)((longlong)puVar5 + 0x34) = 0;
      *(ushort *)(param_1 + 0x35b0) = *(ushort *)(param_1 + 0x35b0) | 0x80;
      if (*(char *)(param_1 + 0x39b4) == '\0') {
        return 1;
      }
      uVar4 = 0x490;
    }
    else if (uVar1 == 0x80000) {
      *(undefined4 *)((longlong)puVar5 + 0x34) = 0;
      uVar4 = 0x494;
      *(uint *)(param_1 + 0x35a0) = *(uint *)(param_1 + 0x35a0) | 0x100000;
    }
    else if (uVar1 == 0x100000) {
      *(undefined4 *)((longlong)puVar5 + 0x34) = 0;
      uVar4 = 0x493;
      *(uint *)(param_1 + 0x35a0) = *(uint *)(param_1 + 0x35a0) | 0x8000000;
    }
    else if (uVar1 == 0x2000000) {
      *(undefined4 *)((longlong)puVar5 + 0x34) = 0;
      *(uint *)(param_1 + 0x35a0) = *(uint *)(param_1 + 0x35a0) | 0x4000000;
      if (*(char *)(param_1 + 0x39b4) == '\0') {
        return 1;
      }
      uVar4 = 0x491;
    }
    else {
      if (uVar1 != 0x8000000) {
        return 1;
      }
      *(undefined4 *)((longlong)puVar5 + 0x34) = 0;
      uVar4 = 0x492;
      *(uint *)(param_1 + 0x35a0) = *(uint *)(param_1 + 0x35a0) | 0x1000000;
    }
  }
  else if (uVar1 == 0x20000000) {
    *(undefined4 *)((longlong)puVar5 + 0x34) = 0;
    uVar4 = 0x48f;
    *(uint *)(param_1 + 0x35a0) = *(uint *)(param_1 + 0x35a0) | 0x40000000;
  }
  else if (uVar1 == 0x40000000) {
    *(undefined4 *)((longlong)puVar5 + 0x34) = 0;
    uVar4 = 0x48e;
    *(uint *)(param_1 + 0x35a0) = *(uint *)(param_1 + 0x35a0) | 0x20000000;
  }
  else {
    if (uVar1 != 0x80000000) {
      return 1;
    }
    *(undefined4 *)((longlong)puVar5 + 0x34) = 0;
    uVar4 = 0x48d;
    *(uint *)(param_1 + 0x35a0) = *(uint *)(param_1 + 0x35a0) | 0x10000000;
  }
  uVar4 = FUN_1401668f0(uVar4);
  SDL_snprintf(param_1 + 0x1498,0x100,uVar4,*(undefined8 *)(param_1 + 0x33f8));
  FUN_140066e50(0x28,param_1 + 0x1498,0x40000002);
  FUN_140144750(0x117);
  return 1;
}

  
2026-09-08 19:16:23 INFO  (GhidraScript) ReportHdBossDamageBranches.py> FUNCTION 0x140089570L  
2026-09-08 19:16:23 INFO  (GhidraScript) ReportHdBossDamageBranches.py> 
/* WARNING: Globals starting with '_' overlap smaller symbols at the same address */

uint FUN_140089570(longlong param_1,longlong param_2,short *param_3,short *param_4,ushort param_5)

{
  ushort *puVar1;
  byte *pbVar2;
  byte bVar3;
  longlong *plVar4;
  ulonglong uVar5;
  char cVar6;
  char cVar7;
  ushort uVar8;
  short sVar9;
  longlong lVar10;
  short sVar11;
  int iVar12;
  ushort uVar13;
  ulonglong uVar14;
  ushort uVar15;
  ushort uVar16;
  uint uVar17;
  int iVar18;
  short sVar19;
  ulonglong uVar20;
  ulonglong uVar21;
  bool bVar22;
  uint local_res8;
  short local_68;
  short local_64;
  short local_60;
  undefined8 local_58;
  undefined1 local_50 [8];
  char local_48;
  
  uVar15 = *(ushort *)(param_1 + 0x3886);
  uVar17 = (uint)uVar15;
  uVar14 = 0;
  cVar6 = (char)param_5;
  uVar16 = 0;
  *param_3 = 0;
  local_60 = 0;
  sVar19 = 0;
  local_68 = 0;
  iVar12 = 0;
  uVar20 = 0;
  local_64 = 0;
  local_58 = 0;
  *param_4 = 0;
  if ((char)param_5 == '\0') {
    *(undefined2 *)(param_2 + 0x38b6 + (ulonglong)*(ushort *)(param_2 + 0x3972) * 2) = 0x235e;
  }
  pbVar2 = (byte *)(param_1 + 0x15d8);
  if (((*pbVar2 & 0x80) == 0) &&
     (plVar4 = *(longlong **)(param_2 + 0x3408), plVar4 != (longlong *)0x0)) {
    bVar3 = *(byte *)(plVar4 + 0x1c);
    while( true ) {
      if ((bVar3 & 4) != 0) {
        return 0;
      }
      plVar4 = (longlong *)*plVar4;
      if (plVar4 == (longlong *)0x0) break;
      bVar3 = *(byte *)(plVar4 + 0x1c);
    }
  }
  if ((char)param_5 == '\0') {
    cVar7 = FUN_140086600(param_2,pbVar2);
    if (cVar7 == '\x01') {
      if (((*(short *)(param_1 + 0x388c) == 0) && (*(short *)(param_1 + 0x388e) == 0)) &&
         (*(short *)(param_1 + 0x3890) == 0)) {
        return 0xffffffff;
      }
    }
    else if ((((*(short *)(param_1 + 0x388c) == 0) && (*(short *)(param_1 + 0x388e) == 0)) &&
             (*(short *)(param_1 + 0x3890) == 0)) &&
            (((*(byte *)(param_2 + 0x35b0) & 0x40) != 0 || (*(char *)(param_2 + 0x39c4) == '\x01')))
            ) {
      FUN_140085e10(param_2,8);
    }
  }
  lVar10 = *(longlong *)(param_2 + 0x18);
  if (lVar10 == 0) {
    uVar5 = *(ulonglong *)(param_2 + 0x30);
    uVar21 = uVar20;
    if (uVar5 != 0) {
      uVar13 = *(ushort *)(uVar5 + 0x46);
      SDL_memcpy(local_50,uVar5 + 0xae,9);
      if (*(short *)(param_1 + 0x15f2) != 0) {
        if ((*(short *)(param_1 + 0x15e2) != 0) && ((ushort)(*(ushort *)(param_1 + 0x15e4) - 1) < 9)
           ) {
          FUN_140085150(param_1,local_50[(ulonglong)*(ushort *)(param_1 + 0x15e4) - 1],
                        param_1 + 0x15e2);
        }
        if ((char)param_5 == '\0') {
          cVar7 = FUN_140085890(param_2,param_1 + 0x15d8,param_1);
          if (cVar7 == '\x01') {
            FUN_14008b9a0(param_2);
          }
          else if ((*(short *)(param_1 + 0x15e2) == 0) && (DAT_1401f9d7c != '\x01')) {
            if (*(int *)(param_2 + 0x35a0) < 0) {
              sVar9 = FUN_140167e10(10);
              uVar8 = sVar9 + 1;
            }
            else {
              if (*(char *)(param_2 + 0x399b) == '\0') goto LAB_140089833;
              uVar8 = FUN_140167e10(10);
            }
            if (uVar8 < 10) {
              *(ushort *)(param_2 + 0x35b0) = *(ushort *)(param_2 + 0x35b0) | 1;
              DAT_1401f9f48 = 1;
              DAT_1401f9f49 = 0;
            }
          }
        }
LAB_140089833:
        if ((*(short *)(param_1 + 0x15f2) != 0) && (*(short *)(param_1 + 0x15e2) == 0)) {
          return 0xffffffff;
        }
      }
      bVar22 = (char)param_5 == '\0';
      uVar21 = uVar5;
      param_5 = uVar13;
      if (bVar22) {
        FUN_140087130(param_2,*(undefined1 *)(param_1 + 0x15f6));
      }
    }
  }
  else {
    uVar13 = *(ushort *)(lVar10 + 0x34);
    local_58 = lVar10;
    SDL_memcpy(local_50,lVar10 + 0x58,9);
    bVar22 = (char)param_5 == '\0';
    uVar21 = uVar14;
    param_5 = uVar13;
    if (bVar22) {
      FUN_140085890(param_2,pbVar2,param_1);
      uVar21 = uVar20;
      if (*(char *)(param_2 + 0x39d0) == '\0') {
        if (*(char *)(param_1 + 0x15f6) == 'd') {
          if ((DAT_1401a9ab0 == 0) || (DAT_1401a9ab0 == param_2)) {
            *(undefined1 *)(param_2 + 0x399c) = 100;
            DAT_1401a9ab0 = param_2;
          }
        }
        else {
          *(char *)(param_2 + 0x399c) = *(char *)(param_1 + 0x15f6);
        }
        if (*(char *)(param_2 + 0x399d) != '\0') {
          *(char *)(param_2 + 0x399c) = *(char *)(param_2 + 0x399d);
        }
      }
    }
  }
  if (*(char *)(param_1 + 0x39a6) == '\x01') {
    if (local_58 != 0) {
      local_60 = (short)(((int)*(short *)(param_1 + 0x388c) * *(int *)(local_58 + 0x10)) / 100);
      local_68 = (short)(((int)*(short *)(param_1 + 0x388e) * *(int *)(local_58 + 0x14)) / 100);
      local_64 = (short)(((int)*(short *)(param_1 + 0x3890) * *(int *)(local_58 + 0x18)) / 100);
    }
  }
  else {
    local_60 = *(short *)(param_1 + 0x388c);
    local_68 = *(short *)(param_1 + 0x388e);
    local_64 = *(short *)(param_1 + 0x3890);
  }
  if ((*(byte *)(param_1 + 0x15d8) & 0x80) != 0) {
    if (cVar6 == '\0') {
      FUN_140085e10(param_2,*(undefined2 *)(param_1 + 0x15f2));
    }
    *param_3 = local_68;
    *param_4 = local_64;
    if (local_60 == 0) {
      return 0xffffffff;
    }
    if (cVar6 == '\0') {
      *(undefined2 *)(param_2 + 0x38b6 + (ulonglong)*(ushort *)(param_2 + 0x3972) * 2) = 0x246f;
    }
    return (uint)(ushort)-local_60;
  }
  local_res8 = 0;
  uVar20 = uVar14;
  if ((*(ushort *)(param_1 + 0x3962) < 0x1b) &&
     (uVar20 = 0, (0x5000002U >> (*(ushort *)(param_1 + 0x3962) & 0x1f) & 1) != 0)) {
    lVar10 = *(longlong *)(param_1 + 0x10);
    if ((*(byte *)(param_1 + 0x35ac) & 9) != 0) {
      uVar15 = *(ushort *)(lVar10 + 0x32);
    }
    if ((*(char *)(param_1 + 0x39d1) == '\x01') || (*(char *)(param_1 + 0x39d2) == '\x01')) {
      if (*(short *)(param_1 + 0x15e2) == 0) {
        lVar10 = *(longlong *)(param_1 + 0x10);
        uVar15 = *(ushort *)(lVar10 + 0x32);
      }
    }
    else {
      sVar9 = FUN_14007ab60(*(undefined4 *)(param_1 + 0x3f98),0);
      local_res8 = (uint)sVar9;
      lVar10 = *(longlong *)(param_1 + 0x10);
    }
    uVar13 = *(ushort *)(lVar10 + 0x38) / 3 + 3;
    if (cVar6 == '\0') {
      uVar13 = FUN_140167e10(uVar13);
    }
    else {
      uVar13 = uVar13 >> 1;
    }
    sVar9 = uVar15 + uVar13 + 1;
    cVar7 = FUN_140086980(param_1,*(undefined2 *)(param_1 + 0x15e4));
    if (cVar7 == '\x01') {
      sVar19 = (short)((sVar9 * 0x1e) / 100);
    }
    iVar18 = sVar9 * 0x1e;
    if ((*(uint *)(param_1 + 0x35a0) >> 0x1c & 1) != 0) {
      sVar19 = sVar19 + (((short)(iVar18 / 100) + (sVar9 >> 0xf)) -
                        (short)((longlong)iVar18 * 0x51eb851f >> 0x3f));
    }
    if (((*(uint *)(param_1 + 0x35a0) >> 0x18 & 1) == 0) ||
       ((*(uint *)(param_1 + 0x35ac) & 0x100) != 0)) {
      sVar11 = 0;
    }
    else {
      sVar11 = (short)(iVar18 / 100);
    }
    sVar9 = sVar9 + (sVar19 - sVar11);
    if ((((DAT_1401f9d7c == '\x01') && (cVar6 == '\0')) && (*(char *)(param_1 + 0x39d1) == '\0')) &&
       (*(char *)(param_1 + 0x39d2) == '\0')) {
      sVar9 = *(short *)(*(longlong *)(param_1 + 0x10) + 0x32);
      sVar19 = FUN_140167e10(*(ushort *)(*(longlong *)(param_1 + 0x10) + 0x38) / 3 + 3);
      iVar18 = *(int *)(param_1 + 0x28);
      sVar9 = sVar9 + sVar19 + 1;
      if (iVar18 == 1) {
        if (*(char *)(param_2 + 0x39d0) == '\0') {
          *(undefined1 *)(param_2 + 0x399c) = 7;
          cVar7 = *(char *)(param_2 + 0x399c);
          if (*(char *)(param_2 + 0x399d) != '\0') {
            cVar7 = *(char *)(param_2 + 0x399d);
          }
          *(char *)(param_2 + 0x399c) = cVar7;
        }
      }
      else if (iVar18 == 2) {
        if ((uVar21 == 0) || ((*(byte *)(uVar21 + 8) & 0x20) == 0)) {
          if (*(char *)(param_2 + 0x39b4) == '\x01') {
            if (*(longlong *)(param_2 + 0x18) != 0) {
              iVar12 = *(int *)(*(longlong *)(param_2 + 0x18) + 4);
            }
          }
          else if (*(longlong *)(param_2 + 0x30) == 0) {
            iVar12 = 0;
          }
          else {
            iVar12 = *(int *)(*(longlong *)(param_2 + 0x30) + 0x58);
            if (*(int *)(param_2 + 0x358c) != 0) {
              iVar12 = *(int *)(param_2 + 0x358c);
            }
          }
          if ((int)sVar9 <= (int)(iVar12 + (uint)param_5)) {
            sVar9 = param_5 + (short)iVar12;
          }
          if (*(char *)(param_2 + 0x39b4) == '\x01') {
            if ((*(longlong *)(param_2 + 0x18) != 0) && (*(char *)(param_2 + 0x39ba) == '\0')) {
              DAT_1401ab1f2 = DAT_1401ab1f2 + '\x01';
              *(undefined1 *)(param_2 + 0x39ba) = 1;
              puVar1 = (ushort *)(*(longlong *)(param_2 + 0x18) + 0x30);
              *puVar1 = *puVar1 & 0x8000;
            }
          }
          else if (*(longlong *)(param_2 + 0x30) != 0) {
            *(undefined4 *)(*(longlong *)(param_2 + 0x30) + 0x38) = 0;
            *(undefined4 *)(*(longlong *)(param_2 + 0x30) + 0x58) = 0;
          }
          if (*(char *)(param_2 + 0x39d0) == '\0') {
            *(undefined1 *)(param_2 + 0x399c) = 8;
            if (*(char *)(param_2 + 0x399d) != '\0') {
              *(char *)(param_2 + 0x399c) = *(char *)(param_2 + 0x399d);
            }
          }
        }
      }
      else if (iVar18 == 8) {
        sVar9 = (short)((sVar9 * 0x55) / 100);
        if (*(char *)(param_2 + 0x39d0) == '\0') {
          *(undefined1 *)(param_2 + 0x399c) = 0xd;
          if (*(char *)(param_2 + 0x399d) != '\0') {
            *(char *)(param_2 + 0x399c) = *(char *)(param_2 + 0x399d);
          }
        }
      }
      else if ((iVar18 == 0x11) &&
              ((sVar9 = (short)((sVar9 * 0x96) / 100), uVar21 == 0 ||
               ((*(byte *)(uVar21 + 8) & 0x20) == 0)))) {
        sVar19 = FUN_140167e10(3);
        if (sVar19 == 0) {
          *(undefined2 *)(param_1 + 0x15f2) = 0x100;
        }
        else if (sVar19 == 1) {
          *(undefined2 *)(param_1 + 0x15f2) = 0x40;
        }
        else if (sVar19 == 2) {
          *(undefined2 *)(param_1 + 0x15f2) = 1;
        }
        *(undefined1 *)(param_1 + 0x1602) = 3;
        FUN_140085890(param_2,param_1 + 0x15d8,param_1);
        if (*(char *)(param_2 + 0x39d0) == '\0') {
          *(undefined1 *)(param_2 + 0x399c) = 1;
          if (*(char *)(param_2 + 0x399d) != '\0') {
            *(char *)(param_2 + 0x399c) = *(char *)(param_2 + 0x399d);
          }
        }
      }
    }
    if ((int)(uint)param_5 < (int)sVar9) {
      uVar17 = (uint)(ushort)(sVar9 - param_5);
    }
    else {
      uVar17 = 1;
    }
    if ((*(byte *)(param_1 + 0x35ac) & 9) != 0) {
      sVar19 = (short)uVar17;
      iVar12 = ((sVar19 * 0x28) / 100 & 0xffffU) * (uint)*(ushort *)(param_1 + 0x35bc);
      iVar18 = sVar19 * 0x3c;
      uVar17 = (uint)(ushort)((((short)(iVar12 / 100) + (short)(iVar12 >> 0x1f)) -
                              (short)((longlong)iVar12 * 0x51eb851f >> 0x3f)) +
                             (((short)(iVar18 / 100) + (sVar19 >> 0xf)) -
                             (short)((longlong)iVar18 * 0x51eb851f >> 0x3f)));
    }
    if ((*(byte *)(param_1 + 0x35a8) & 4) != 0) {
      uVar17 = (uint)((double)(int)(short)uVar17 * _DAT_140174138);
    }
    uVar15 = *(ushort *)(param_1 + 0x15e4);
    if (8 < (ushort)(uVar15 - 1)) {
LAB_140089ee9:
      uVar20 = (ulonglong)local_res8;
      goto LAB_140089ef1;
    }
    sVar9 = (short)uVar17;
    sVar19 = (short)local_res8;
    if (*(short *)(param_1 + 0x15e2) == 0) {
      cVar7 = local_50[(ulonglong)uVar15 - 1];
      uVar20 = (ulonglong)local_res8;
      if (-0xb < cVar7) {
        iVar12 = (int)cVar7 * (int)sVar9;
        uVar17 = (uint)(ushort)(sVar9 + (((short)(iVar12 / 10) + (short)(iVar12 >> 0x1f)) -
                                        (short)((longlong)iVar12 * 0x66666667 >> 0x3f)));
        goto LAB_140089ef1;
      }
      bVar22 = true;
      uVar17 = ((int)(char)(cVar7 + '\n') * (int)sVar9) / 10;
    }
    else {
      if (*(char *)(param_1 + 0x39d1) != '\0') goto LAB_140089ee9;
      FUN_140085150(param_1,local_50[(ulonglong)uVar15 - 1],param_1 + 0x15e2);
      sVar9 = sVar9 + *(short *)(param_1 + 0x15e2);
      uVar20 = (ulonglong)local_res8;
      if (-0xb < local_48) {
        iVar12 = (int)local_48 * (int)sVar9;
        uVar17 = (uint)(ushort)(sVar9 + (((short)(iVar12 / 10) + (short)(iVar12 >> 0x1f)) -
                                        (short)((longlong)iVar12 * 0x66666667 >> 0x3f)));
        goto LAB_140089ef1;
      }
      bVar22 = true;
      uVar17 = ((int)(char)(local_48 + '\n') * (int)sVar9) / 10;
    }
  }
  else {
LAB_140089ef1:
    sVar19 = (short)uVar20;
    bVar22 = false;
  }
  sVar9 = *(short *)(param_1 + 0x3962);
  uVar15 = (ushort)uVar17;
  if (sVar9 == 0x1b) {
    uVar15 = ((short)(((uint)*(ushort *)(param_1 + 0x35bc) + (uint)*(ushort *)(param_1 + 0x35bc) * 2
                      ) / 100) + 1) * (uVar15 + *(short *)(*(longlong *)(param_1 + 0x10) + 0x1c)) +
             *(short *)(*(longlong *)(param_1 + 0x10) + 0x38);
LAB_140089f5b:
    if ((((*(ushort *)(param_1 + 0x398a) & 0x200) != 0) || (sVar9 == 0x16)) || (sVar9 == 3))
    goto LAB_140089f7b;
  }
  else {
    if (sVar9 == 0x1f) {
      if (-1 < *(short *)(param_2 + 0x35b0)) {
        return uVar17 & 0xffff;
      }
      return 0;
    }
    if (sVar9 != 2) goto LAB_140089f5b;
LAB_140089f7b:
    uVar15 = *(ushort *)(param_1 + 0x15e2);
    cVar7 = FUN_140086980(param_1,*(undefined2 *)(param_1 + 0x15e4));
    if (cVar7 == '\x01') {
      uVar15 = uVar15 + (((short)(((short)uVar15 * 0x1e) / 100) + ((short)uVar15 >> 0xf)) -
                        (short)((longlong)((short)uVar15 * 0x1e) * 0x51eb851f >> 0x3f));
    }
    if ((*(ushort *)(param_1 + 0x398a) & 0x4000) == 0) {
      if (cVar6 == '\0') {
        iVar12 = FUN_140167e10(5);
        uVar20 = (ulonglong)(iVar12 + 5U & 0xffff);
        uVar5 = (ulonglong)
                ((uint)*(ushort *)(*(longlong *)(param_1 + 0x10) + 0x38) +
                (uint)*(ushort *)(*(longlong *)(param_1 + 0x10) + 0x20));
        sVar9 = FUN_140167e10(uVar5 / uVar20 & 0xffff,uVar5 % uVar20);
        sVar9 = sVar9 + 1;
      }
      else {
        sVar9 = (short)(((uint)*(ushort *)(*(longlong *)(param_1 + 0x10) + 0x38) +
                        (uint)*(ushort *)(*(longlong *)(param_1 + 0x10) + 0x20)) / 5);
      }
      if (0 < (short)uVar15) {
        uVar15 = uVar15 + sVar9;
      }
    }
    *param_3 = local_68;
    *param_4 = local_64;
    if ((ushort)(*(ushort *)(param_1 + 0x15e4) - 1) < 9) {
      cVar7 = local_50[(ulonglong)*(ushort *)(param_1 + 0x15e4) - 1];
      if (cVar7 < -10) {
        bVar22 = true;
        uVar15 = (ushort)(((int)(char)(cVar7 + '\n') * (int)(short)uVar15) / 10);
      }
      else {
        iVar12 = (int)cVar7 * (int)(short)uVar15;
        uVar15 = uVar15 + (((short)(iVar12 / 10) + (short)(iVar12 >> 0x1f)) -
                          (short)((longlong)iVar12 * 0x66666667 >> 0x3f));
      }
    }
  }
  if ((*(short *)(param_1 + 0x15e4) != 0) &&
     (plVar4 = *(longlong **)(param_2 + 0x3408), plVar4 != (longlong *)0x0)) {
    sVar9 = (short)plVar4[0x1d];
    while (*(short *)(param_1 + 0x15e4) != sVar9) {
      plVar4 = (longlong *)*plVar4;
      if (plVar4 == (longlong *)0x0) goto LAB_14008a0dd;
      sVar9 = *(short *)(plVar4 + 0x1d);
    }
    uVar15 = (short)uVar15 / 2;
  }
LAB_14008a0dd:
  if ((local_60 != 0) || (*(short *)(param_1 + 0x3962) == 0x22)) {
    if (cVar6 == '\0') {
      *(undefined2 *)(param_2 + 0x38b6 + (ulonglong)*(ushort *)(param_2 + 0x3972) * 2) = 0x246f;
    }
    uVar15 = -local_60;
  }
  if (*(short *)(param_1 + 0x3962) == 0x23) {
    *param_3 = local_68;
    if (cVar6 == '\0') {
      *(undefined2 *)(param_2 + 0x38b6 + (ulonglong)*(ushort *)(param_2 + 0x3972) * 2) = 0x2367;
      sVar19 = (short)local_res8;
    }
    if (local_68 == 0) {
      uVar15 = 0xffff;
    }
  }
  if ((*(short *)(param_1 + 0x3962) == 0x24) && (*param_4 = local_64, cVar6 == '\0')) {
    *(undefined2 *)(param_2 + 0x38b6 + (ulonglong)*(ushort *)(param_2 + 0x3972) * 2) = 0x2366;
    sVar19 = (short)local_res8;
  }
  if (((local_68 != 0) || (local_64 != 0)) && (local_60 == 0)) {
    uVar15 = 0xffff;
  }
  if ((bVar22) && (cVar6 == '\0')) {
    *(undefined2 *)(param_2 + 0x38b6 + (ulonglong)*(ushort *)(param_2 + 0x3972) * 2) = 0x246f;
  }
  if ((((*(byte *)(param_2 + 0x35b0) & 0x42) == 0) && (*(char *)(param_2 + 0x39cb) == '\x01')) &&
     ((local_60 == 0 && (*(short *)(param_1 + 0x15e4) != 0)))) {
    uVar15 = (short)uVar15 >> 3;
  }
  if (((*(char *)(param_2 + 0x39b4) == '\x01') && (local_58 != 0)) &&
     (*(short *)(local_58 + 0x30) < 0)) {
    *param_3 = 0;
    *param_4 = 0;
    if ((local_68 != 0) && (cVar6 == '\0')) {
      *(undefined2 *)(param_2 + 0x38b6 + (ulonglong)*(ushort *)(param_2 + 0x3972) * 2) = 0x2367;
    }
    uVar15 = 0;
    if (local_64 == 0) goto LAB_14008a23c;
    if (cVar6 == '\0') {
      *(undefined2 *)(param_2 + 0x38b6 + (ulonglong)*(ushort *)(param_2 + 0x3972) * 2) = 0x2366;
      uVar16 = 0;
      goto LAB_14008a245;
    }
  }
  else {
LAB_14008a23c:
    uVar16 = uVar15;
    if (cVar6 == '\0') goto LAB_14008a245;
  }
  uVar16 = uVar16 + sVar19;
LAB_14008a245:
  uVar15 = 0;
  if (-1 < *(short *)(param_2 + 0x35b0)) {
    uVar15 = uVar16;
  }
  if (((*(char *)(param_2 + 0x39b4) == '\x01') && (0 < (short)uVar15)) && (cVar6 == '\0')) {
    if (*(char *)(param_1 + 0x39b4) == '\x01') {
      uVar20 = uVar14;
      if (*(longlong *)(param_1 + 0x18) != 0) {
        uVar20 = (ulonglong)*(uint *)(*(longlong *)(param_1 + 0x18) + 0x10);
      }
    }
    else {
      uVar20 = 0;
      if (*(longlong *)(param_1 + 0x30) != 0) {
        uVar20 = (ulonglong)*(uint *)(*(longlong *)(param_1 + 0x30) + 0x38);
      }
    }
    FUN_140089340(param_2,(int)((float)(int)(short)uVar15 * _DAT_14019f024),uVar20);
  }
  if ((*(char *)(param_1 + 0x39b4) == '\x01') && (cVar6 == '\0')) {
    if (bVar22) {
      if (*(char *)(param_2 + 0x39b4) == '\0') {
        FUN_1400dffe0(1);
      }
    }
    else if (0 < (short)uVar15) {
      if (*(char *)(param_2 + 0x39b4) == '\x01') {
        if (*(longlong *)(param_2 + 0x18) != 0) {
          uVar14 = (ulonglong)*(uint *)(*(longlong *)(param_2 + 0x18) + 0x10);
        }
      }
      else if (*(longlong *)(param_2 + 0x30) != 0) {
        uVar14 = (ulonglong)*(uint *)(*(longlong *)(param_2 + 0x30) + 0x38);
      }
      FUN_140089340(param_1,(int)((float)(int)((int)(short)uVar15 + local_res8) * _DAT_14019f020),
                    uVar14);
      if (0x270e < (short)uVar15) {
        FUN_1400e0000();
      }
    }
  }
  return (uint)uVar15;
}

  
2026-09-08 19:16:23 INFO  (GhidraScript) ReportHdBossDamageBranches.py> FUNCTION 0x1400e0020L  
2026-09-08 19:16:24 INFO  (GhidraScript) ReportHdBossDamageBranches.py> 
void FUN_1400e0020(void)

{
  undefined8 uVar1;
  undefined8 uVar2;
  char cVar3;
  undefined4 uVar4;
  int iVar5;
  int iVar6;
  undefined8 *puVar7;
  undefined8 *puVar8;
  uint uVar9;
  undefined8 local_a8;
  uint local_a0;
  undefined1 local_98 [24];
  undefined8 local_80;
  uint local_78;
  undefined8 local_70;
  uint local_68;
  undefined8 local_60;
  uint local_58;
  undefined8 local_48;
  uint local_40;
  undefined8 local_30;
  uint local_28;
  
  uVar2 = DAT_1401a6d80;
  local_a8 = DAT_1401a6d80;
  FUN_1400083c0(DAT_1401a6d80,&DAT_1401830fc);
  local_a0 = 1;
  FUN_140050900(&local_80,"StringFunc",&local_a8);
  uVar1 = local_80;
  puVar7 = (undefined8 *)FUN_1400099e0(local_80,8);
  *puVar7 = FUN_1400de680;
  FUN_1400081e0(uVar1,FUN_1400ec950,1);
  uVar4 = FUN_140007220(uVar1,0xfffffffe);
  FUN_140008070(uVar1,"DrawString");
  FUN_140007380(uVar1,0xfffffffe);
  FUN_140008b60(uVar1,uVar4);
  puVar7 = (undefined8 *)FUN_1400099e0(uVar1,8);
  *puVar7 = FUN_1400de760;
  FUN_1400081e0(uVar1,FUN_1400ec410,1);
  uVar4 = FUN_140007220(uVar1,0xfffffffe);
  FUN_140008070(uVar1,"CountPrintText");
  FUN_140007380(uVar1,0xfffffffe);
  FUN_140008b60(uVar1,uVar4);
  puVar7 = (undefined8 *)FUN_1400099e0(uVar1,8);
  *puVar7 = FUN_1400de810;
  FUN_1400081e0(uVar1,FUN_1400ec410,1);
  uVar4 = FUN_140007220(uVar1,0xfffffffe);
  FUN_140008070(uVar1,"CountPrintTextWidth");
  FUN_140007380(uVar1,0xfffffffe);
  FUN_140008b60(uVar1,uVar4);
  puVar7 = (undefined8 *)FUN_1400099e0(uVar1,8);
  *puVar7 = FUN_1400de870;
  FUN_1400081e0(uVar1,FUN_1400ec410,1);
  uVar4 = FUN_140007220(uVar1,0xfffffffe);
  FUN_140008070(uVar1,"CountPrintTextHeight");
  FUN_140007380(uVar1,0xfffffffe);
  FUN_140008b60(uVar1,uVar4);
  uVar9 = local_78 - 1;
  local_78 = 1;
  iVar5 = FUN_140007250(uVar1);
  if (iVar5 < 1) {
    FUN_140050d40(local_98,"invalid stack");
                    /* WARNING: Subroutine does not return */
    _CxxThrowException(local_98,(ThrowInfo *)&DAT_14019ba30);
  }
  FUN_140007270(uVar1,0xfffffffe);
  local_78 = 0;
  iVar5 = FUN_140007250(uVar1);
  if (iVar5 < (int)uVar9) {
    FUN_140050d40(local_98,"invalid stack");
                    /* WARNING: Subroutine does not return */
    _CxxThrowException(local_98,(ThrowInfo *)&DAT_14019ba30);
  }
  FUN_140007270(uVar1,~uVar9);
  iVar5 = FUN_140007250(uVar1);
  if (iVar5 < 0) {
    FUN_140050d40(local_98,"invalid stack");
                    /* WARNING: Subroutine does not return */
    _CxxThrowException(local_98,(ThrowInfo *)&DAT_14019ba30);
  }
  FUN_140007270(uVar1,0xffffffff);
  uVar1 = local_a8;
  iVar5 = FUN_140007250(local_a8);
  if (iVar5 < (int)local_a0) {
    FUN_140050d40(local_98,"invalid stack");
                    /* WARNING: Subroutine does not return */
    _CxxThrowException(local_98,(ThrowInfo *)&DAT_14019ba30);
  }
  FUN_140007270(uVar1,~local_a0);
  local_a8 = uVar2;
  FUN_1400083c0(uVar2,&DAT_1401830fc);
  local_a0 = 1;
  FUN_140050900(&local_80,"ItemFunc",&local_a8);
  uVar1 = local_80;
  puVar7 = (undefined8 *)FUN_1400099e0(local_80,8);
  *puVar7 = FUN_1400de620;
  FUN_1400081e0(uVar1,FUN_1400ec6b0,1);
  uVar4 = FUN_140007220(uVar1,0xfffffffe);
  FUN_140008070(uVar1,"AddItem");
  FUN_140007380(uVar1,0xfffffffe);
  FUN_140008b60(uVar1,uVar4);
  uVar9 = local_78 - 1;
  local_78 = 1;
  iVar5 = FUN_140007250(uVar1);
  if (iVar5 < 1) {
    FUN_140050d40(local_98,"invalid stack");
                    /* WARNING: Subroutine does not return */
    _CxxThrowException(local_98,(ThrowInfo *)&DAT_14019ba30);
  }
  FUN_140007270(uVar1,0xfffffffe);
  local_78 = 0;
  iVar5 = FUN_140007250(uVar1);
  if (iVar5 < (int)uVar9) {
    FUN_140050d40(local_98,"invalid stack");
                    /* WARNING: Subroutine does not return */
    _CxxThrowException(local_98,(ThrowInfo *)&DAT_14019ba30);
  }
  FUN_140007270(uVar1,~uVar9);
  iVar5 = FUN_140007250(uVar1);
  if (iVar5 < 0) {
    FUN_140050d40(local_98,"invalid stack");
                    /* WARNING: Subroutine does not return */
    _CxxThrowException(local_98,(ThrowInfo *)&DAT_14019ba30);
  }
  FUN_140007270(uVar1,0xffffffff);
  uVar1 = local_a8;
  iVar5 = FUN_140007250(local_a8);
  if (iVar5 < (int)local_a0) {
    FUN_140050d40(local_98,"invalid stack");
                    /* WARNING: Subroutine does not return */
    _CxxThrowException(local_98,(ThrowInfo *)&DAT_14019ba30);
  }
  FUN_140007270(uVar1,~local_a0);
  local_a8 = uVar2;
  FUN_1400083c0(uVar2,&DAT_1401830fc);
  local_a0 = 1;
  FUN_140050900(&local_80,"DrawFunc",&local_a8);
  FUN_1400081e0(local_80,FUN_1400dfbe0,0);
  uVar4 = FUN_140007220(local_80,0xfffffffe);
  FUN_140008070(local_80,"DrawTSW");
  FUN_140007380(local_80,0xfffffffe);
  FUN_140008b60(local_80,uVar4);
  FUN_1400081e0(local_80,FUN_1400dfd10,0);
  uVar4 = FUN_140007220(local_80,0xfffffffe);
  FUN_140008070(local_80,"GetTSWSizeWH");
  FUN_140007380(local_80,0xfffffffe);
  FUN_140008b60(local_80,uVar4);
  uVar9 = local_78 - 1;
  local_78 = 1;
  iVar5 = FUN_140007250(local_80);
  if (iVar5 < 1) {
    FUN_140050d40(local_98,"invalid stack");
                    /* WARNING: Subroutine does not return */
    _CxxThrowException(local_98,(ThrowInfo *)&DAT_14019ba30);
  }
  FUN_140007270(local_80,0xfffffffe);
  local_78 = 0;
  iVar5 = FUN_140007250(local_80);
  if (iVar5 < (int)uVar9) {
    FUN_140050d40(local_98,"invalid stack");
                    /* WARNING: Subroutine does not return */
    _CxxThrowException(local_98,(ThrowInfo *)&DAT_14019ba30);
  }
  FUN_140007270(local_80,~uVar9);
  iVar5 = FUN_140007250(local_80);
  if (iVar5 < 0) {
    FUN_140050d40(local_98,"invalid stack");
                    /* WARNING: Subroutine does not return */
    _CxxThrowException(local_98,(ThrowInfo *)&DAT_14019ba30);
  }
  FUN_140007270(local_80,0xffffffff);
  uVar1 = local_a8;
  iVar5 = FUN_140007250(local_a8);
  if (iVar5 < (int)local_a0) {
    FUN_140050d40(local_98,"invalid stack");
                    /* WARNING: Subroutine does not return */
    _CxxThrowException(local_98,(ThrowInfo *)&DAT_14019ba30);
  }
  FUN_140007270(uVar1,~local_a0);
  local_80 = uVar2;
  FUN_1400083c0(uVar2,&DAT_1401830fc);
  local_78 = 1;
  FUN_140050900(&local_70,"GameFunc",&local_80);
  puVar7 = (undefined8 *)FUN_1400099e0(local_70,8);
  *puVar7 = FUN_1400a1930;
  FUN_1400081e0(local_70,FUN_14006efa0,1);
  uVar1 = local_70;
  uVar4 = FUN_140007220(local_70,0xfffffffe);
  FUN_140008070(uVar1,"EnterBattle");
  FUN_140007380(uVar1,0xfffffffe);
  FUN_140008b60(uVar1,uVar4);
  puVar7 = (undefined8 *)FUN_1400099e0(local_70,8);
  *puVar7 = FUN_1400ad8e0;
  FUN_1400081e0(local_70,FUN_14006efa0,1);
  uVar1 = local_70;
  uVar4 = FUN_140007220(local_70,0xfffffffe);
  FUN_140008070(uVar1,"RunEvent");
  FUN_140007380(uVar1,0xfffffffe);
  FUN_140008b60(uVar1,uVar4);
  puVar7 = (undefined8 *)FUN_1400099e0(local_70,8);
  *puVar7 = FUN_1400ad7a0;
  FUN_1400081e0(local_70,FUN_140051570,1);
  uVar1 = local_70;
  uVar4 = FUN_140007220(local_70,0xfffffffe);
  FUN_140008070(uVar1,"RunScene");
  FUN_140007380(uVar1,0xfffffffe);
  FUN_140008b60(uVar1,uVar4);
  FUN_1400081e0(local_70,FUN_1400de8d0,0);
  uVar1 = local_70;
  uVar4 = FUN_140007220(local_70,0xfffffffe);
  FUN_140008070(uVar1,"GetBattleFieldID");
  FUN_140007380(uVar1,0xfffffffe);
  FUN_140008b60(uVar1,uVar4);
  puVar7 = (undefined8 *)FUN_1400099e0(local_70,8);
  *puVar7 = &LAB_1400dec80;
  FUN_1400081e0(local_70,FUN_14006e600,1);
  uVar1 = local_70;
  uVar4 = FUN_140007220(local_70,0xfffffffe);
  FUN_140008070(uVar1,"PlayerItemCount");
  FUN_140007380(uVar1,0xfffffffe);
  FUN_140008b60(uVar1,uVar4);
  uVar1 = FUN_140050160(&local_70,"PlayerGolds",&DAT_1401a781c,1);
  uVar1 = FUN_140050160(uVar1,"PlayerBattleStepCount",&DAT_1401a782c,1);
  uVar1 = FUN_1400e80c0(uVar1,"MapID",DAT_1402bc308);
  puVar7 = (undefined8 *)FUN_1400505b0(uVar1,"InBattle",&DAT_1401fa92d,0);
  FUN_1400081e0(*puVar7,FUN_1400de8f0,0);
  uVar1 = *puVar7;
  uVar4 = FUN_140007220(uVar1,0xfffffffe);
  FUN_140008070(uVar1,"GetEventScriptID");
  FUN_140007380(uVar1,0xfffffffe);
  FUN_140008b60(uVar1,uVar4);
  uVar1 = FUN_140050160(puVar7,"WindowWidth",&DAT_14020dba0,0);
  uVar1 = FUN_140050160(uVar1,"WindowHeight",&DAT_14020dba4,0);
  uVar1 = FUN_140050160(uVar1,"GameWidth",&DAT_14020db84,0);
  uVar1 = FUN_140050160(uVar1,"GameHeight",&DAT_14020db88,0);
  puVar7 = (undefined8 *)FUN_1400505b0(uVar1,"InBattle",&DAT_1401fa92d,0);
  uVar1 = *puVar7;
  iVar5 = *(int *)(puVar7 + 1);
  *(undefined4 *)(puVar7 + 1) = 1;
  iVar6 = FUN_140007250(uVar1);
  if (iVar6 < 1) {
    FUN_140050d40(local_98,"invalid stack");
                    /* WARNING: Subroutine does not return */
    _CxxThrowException(local_98,(ThrowInfo *)&DAT_14019ba30);
  }
  FUN_140007270(*puVar7,0xfffffffe);
  *(int *)(puVar7 + 1) = *(int *)(puVar7 + 1) + -1;
  iVar6 = FUN_140007250(uVar1);
  if (iVar6 < (int)(iVar5 - 1U)) {
    FUN_140050d40(local_98,"invalid stack");
                    /* WARNING: Subroutine does not return */
    _CxxThrowException(local_98,(ThrowInfo *)&DAT_14019ba30);
  }
  FUN_140007270(uVar1,~(iVar5 - 1U));
  uVar9 = local_68;
  iVar5 = FUN_140007250(local_70);
  if (iVar5 < (int)uVar9) {
    FUN_140050d40(local_98,"invalid stack");
                    /* WARNING: Subroutine does not return */
    _CxxThrowException(local_98,(ThrowInfo *)&DAT_14019ba30);
  }
  FUN_140007270(local_70,~uVar9);
  uVar1 = local_80;
  local_68 = local_68 - uVar9;
  iVar5 = FUN_140007250(local_80);
  if (iVar5 < (int)local_78) {
    FUN_140050d40(local_98,"invalid stack");
                    /* WARNING: Subroutine does not return */
    _CxxThrowException(local_98,(ThrowInfo *)&DAT_14019ba30);
  }
  FUN_140007270(uVar1,~local_78);
  local_80 = uVar2;
  FUN_1400083c0(uVar2,&DAT_1401830fc);
  local_78 = 1;
  FUN_140050900(&local_a8,"MapData",&local_80);
  uVar1 = FUN_1400e80c0(&local_a8,"MapID",DAT_1402bc308);
  uVar1 = FUN_1400e80c0(uVar1,"Width",DAT_1402bc318);
  uVar1 = FUN_1400e80c0(uVar1,"Height",DAT_1402bc320);
  uVar1 = FUN_140050160(uVar1,"ViewX",&DAT_1402bc2d8,1);
  uVar1 = FUN_140050160(uVar1,"ViewY",&DAT_1402bc2dc,1);
  uVar1 = FUN_140050160(uVar1,"ViewW",&DAT_1402bc2e0,1);
  uVar1 = FUN_140050160(uVar1,"ViewH",&DAT_1402bc2e4,1);
  uVar1 = FUN_1400e7f60(uVar1,"MapXshift",DAT_1402bc340);
  puVar7 = (undefined8 *)FUN_1400e7f60(uVar1,"MapYshift",DAT_1402bc348);
  uVar1 = *puVar7;
  iVar5 = *(int *)(puVar7 + 1);
  *(undefined4 *)(puVar7 + 1) = 1;
  iVar6 = FUN_140007250(uVar1);
  if (iVar6 < 1) {
    FUN_140050d40(local_98,"invalid stack");
                    /* WARNING: Subroutine does not return */
    _CxxThrowException(local_98,(ThrowInfo *)&DAT_14019ba30);
  }
  FUN_140007270(*puVar7,0xfffffffe);
  *(int *)(puVar7 + 1) = *(int *)(puVar7 + 1) + -1;
  iVar6 = FUN_140007250(uVar1);
  if (iVar6 < (int)(iVar5 - 1U)) {
    FUN_140050d40(local_98,"invalid stack");
                    /* WARNING: Subroutine does not return */
    _CxxThrowException(local_98,(ThrowInfo *)&DAT_14019ba30);
  }
  FUN_140007270(uVar1,~(iVar5 - 1U));
  uVar9 = local_a0;
  iVar5 = FUN_140007250(local_a8);
  if (iVar5 < (int)uVar9) {
    FUN_140050d40(local_98,"invalid stack");
                    /* WARNING: Subroutine does not return */
    _CxxThrowException(local_98,(ThrowInfo *)&DAT_14019ba30);
  }
  FUN_140007270(local_a8,~uVar9);
  uVar1 = local_80;
  local_a0 = local_a0 - uVar9;
  iVar5 = FUN_140007250(local_80);
  if (iVar5 < (int)local_78) {
    FUN_140050d40(local_98,"invalid stack");
                    /* WARNING: Subroutine does not return */
    _CxxThrowException(local_98,(ThrowInfo *)&DAT_14019ba30);
  }
  FUN_140007270(uVar1,~local_78);
  FUN_140146c40();
  local_80 = uVar2;
  FUN_1400083c0(uVar2,&DAT_1401830fc);
  local_78 = 1;
  FUN_140050900(&local_48,"_GameData",&local_80);
  FUN_1400eb810(&local_a8,"sROLE",&local_48);
  uVar1 = FUN_1400e60c0(&local_a8,"baseX",0x28,1);
  uVar1 = FUN_1400e60c0(uVar1,"baseY",0x2c,1);
  uVar1 = FUN_1400e60c0(uVar1,&DAT_14017844c,0x38,1);
  uVar1 = FUN_1400e60c0(uVar1,"Sound",0x60,1);
  uVar1 = FUN_1400e60c0(uVar1,"Script",0x48,1);
  uVar1 = FUN_1400e60c0(uVar1,&DAT_140175778,0x44,1);
  puVar7 = (undefined8 *)FUN_1400e5940(uVar1,"PATHpos",0x40,1);
  uVar1 = *puVar7;
  iVar5 = *(int *)(puVar7 + 1);
  local_58 = iVar5 + -3;
  *(undefined4 *)(puVar7 + 1) = 3;
  local_60 = uVar1;
  iVar6 = FUN_140007250(uVar1);
  if (iVar6 < 3) {
    FUN_140050d40(&local_60,"invalid stack");
                    /* WARNING: Subroutine does not return */
    _CxxThrowException(&local_60,(ThrowInfo *)&DAT_14019ba30);
  }
  FUN_140007270(*puVar7,0xfffffffc);
  *(int *)(puVar7 + 1) = *(int *)(puVar7 + 1) + -3;
  uVar9 = iVar5 - 4;
  local_58 = 1;
  iVar5 = FUN_140007250(uVar1);
  if (iVar5 < 1) {
    FUN_140050d40(local_98,"invalid stack");
                    /* WARNING: Subroutine does not return */
    _CxxThrowException(local_98,(ThrowInfo *)&DAT_14019ba30);
  }
  FUN_140007270(uVar1,0xfffffffe);
  local_58 = 0;
  iVar5 = FUN_140007250(uVar1);
  if (iVar5 < (int)uVar9) {
    FUN_140050d40(local_98,"invalid stack");
                    /* WARNING: Subroutine does not return */
    _CxxThrowException(local_98,(ThrowInfo *)&DAT_14019ba30);
  }
  FUN_140007270(uVar1,~uVar9);
  iVar5 = FUN_140007250(uVar1);
  if (iVar5 < 0) {
    FUN_140050d40(local_98,"invalid stack");
                    /* WARNING: Subroutine does not return */
    _CxxThrowException(local_98,(ThrowInfo *)&DAT_14019ba30);
  }
  FUN_140007270(uVar1,0xffffffff);
  uVar9 = local_a0;
  iVar5 = FUN_140007250(local_a8);
  if (iVar5 < (int)uVar9) {
    FUN_140050d40(local_98,"invalid stack");
                    /* WARNING: Subroutine does not return */
    _CxxThrowException(local_98,(ThrowInfo *)&DAT_14019ba30);
  }
  FUN_140007270(local_a8,~uVar9);
  uVar1 = local_48;
  local_a0 = local_a0 - uVar9;
  iVar5 = FUN_140007250(local_48);
  if (iVar5 < (int)local_40) {
    FUN_140050d40(local_98,"invalid stack");
                    /* WARNING: Subroutine does not return */
    _CxxThrowException(local_98,(ThrowInfo *)&DAT_14019ba30);
  }
  FUN_140007270(uVar1,~local_40);
  uVar1 = local_80;
  iVar5 = FUN_140007250(local_80);
  if (iVar5 < (int)local_78) {
    FUN_140050d40(local_98,"invalid stack");
                    /* WARNING: Subroutine does not return */
    _CxxThrowException(local_98,(ThrowInfo *)&DAT_14019ba30);
  }
  FUN_140007270(uVar1,~local_78);
  local_80 = uVar2;
  FUN_1400083c0(uVar2,&DAT_1401830fc);
  local_78 = 1;
  FUN_140050900(&local_48,"_GameData",&local_80);
  FUN_1400eaa90(&local_a8,"SpecialSkill",&local_48);
  uVar1 = FUN_1400e51c0(&local_a8,"Energy",0,1);
  uVar1 = FUN_1400e51c0(uVar1,"SKExp",4,1);
  uVar1 = FUN_1400e51c0(uVar1,"NextSKExp",8,1);
  puVar7 = (undefined8 *)FUN_1400e51c0(uVar1,"NextSK_ID",0xc,1);
  uVar1 = *puVar7;
  iVar5 = *(int *)(puVar7 + 1);
  local_58 = iVar5 + -3;
  *(undefined4 *)(puVar7 + 1) = 3;
  local_60 = uVar1;
  iVar6 = FUN_140007250(uVar1);
  if (iVar6 < 3) {
    FUN_140050d40(&local_60,"invalid stack");
                    /* WARNING: Subroutine does not return */
    _CxxThrowException(&local_60,(ThrowInfo *)&DAT_14019ba30);
  }
  FUN_140007270(*puVar7,0xfffffffc);
  *(int *)(puVar7 + 1) = *(int *)(puVar7 + 1) + -3;
  uVar9 = iVar5 - 4;
  local_58 = 1;
  iVar5 = FUN_140007250(uVar1);
  if (iVar5 < 1) {
    FUN_140050d40(local_98,"invalid stack");
                    /* WARNING: Subroutine does not return */
    _CxxThrowException(local_98,(ThrowInfo *)&DAT_14019ba30);
  }
  FUN_140007270(uVar1,0xfffffffe);
  local_58 = 0;
  iVar5 = FUN_140007250(uVar1);
  if (iVar5 < (int)uVar9) {
    FUN_140050d40(local_98,"invalid stack");
                    /* WARNING: Subroutine does not return */
    _CxxThrowException(local_98,(ThrowInfo *)&DAT_14019ba30);
  }
  FUN_140007270(uVar1,~uVar9);
  iVar5 = FUN_140007250(uVar1);
  if (iVar5 < 0) {
    FUN_140050d40(local_98,"invalid stack");
                    /* WARNING: Subroutine does not return */
    _CxxThrowException(local_98,(ThrowInfo *)&DAT_14019ba30);
  }
  FUN_140007270(uVar1,0xffffffff);
  uVar9 = local_a0;
  iVar5 = FUN_140007250(local_a8);
  if (iVar5 < (int)uVar9) {
    FUN_140050d40(local_98,"invalid stack");
                    /* WARNING: Subroutine does not return */
    _CxxThrowException(local_98,(ThrowInfo *)&DAT_14019ba30);
  }
  FUN_140007270(local_a8,~uVar9);
  uVar1 = local_48;
  local_a0 = local_a0 - uVar9;
  iVar5 = FUN_140007250(local_48);
  if (iVar5 < (int)local_40) {
    FUN_140050d40(local_98,"invalid stack");
                    /* WARNING: Subroutine does not return */
    _CxxThrowException(local_98,(ThrowInfo *)&DAT_14019ba30);
  }
  FUN_140007270(uVar1,~local_40);
  uVar1 = local_80;
  iVar5 = FUN_140007250(local_80);
  if (iVar5 < (int)local_78) {
    FUN_140050d40(local_98,"invalid stack");
                    /* WARNING: Subroutine does not return */
    _CxxThrowException(local_98,(ThrowInfo *)&DAT_14019ba30);
  }
  FUN_140007270(uVar1,~local_78);
  local_80 = uVar2;
  FUN_1400083c0(uVar2,&DAT_1401830fc);
  local_78 = 1;
  FUN_140050900(&local_48,"_GameData",&local_80);
  FUN_1400eacb0(&local_a8,"CharData",&local_48);
  uVar1 = FUN_1400e4a40(&local_a8,"Level",0x38,1);
  uVar1 = FUN_1400e53a0(uVar1,&DAT_140174580,0,1);
  uVar1 = FUN_1400e53a0(uVar1,"LvUpExp",0x2c,1);
  uVar1 = FUN_1400e53a0(uVar1,&DAT_140173dbc,4,1);
  uVar1 = FUN_1400e53a0(uVar1,&DAT_140173cf4,8,1);
  uVar1 = FUN_1400e53a0(uVar1,&DAT_140173cf8,0xc,1);
  uVar1 = FUN_1400e53a0(uVar1,"MaxHP",0x10,1);
  uVar1 = FUN_1400e53a0(uVar1,"MaxMP",0x14,1);
  uVar1 = FUN_1400e53a0(uVar1,"MaxSP",0x18,1);
  uVar1 = FUN_1400e4a40(uVar1,&DAT_140174ca4,0x1c,1);
  uVar1 = FUN_1400e4a40(uVar1,&DAT_1401784b8,0x1e,1);
  uVar1 = FUN_1400e4a40(uVar1,&DAT_140173dac,0x20,1);
  uVar1 = FUN_1400e4a40(uVar1,&DAT_140173da8,0x22,1);
  uVar1 = FUN_1400e4a40(uVar1,"Friend",0x24,1);
  uVar1 = FUN_1400e4a40(uVar1,&DAT_140174cb0,0x26,1);
  uVar1 = FUN_1400e4a40(uVar1,&DAT_140174570,0x28,1);
  uVar1 = FUN_1400e4a40(uVar1,"Dodge",0x2a,1);
  uVar1 = FUN_1400e4a40(uVar1,"State",0x30,1);
  uVar1 = FUN_1400e42c0(uVar1,&DAT_140173da0,0x32,1);
  uVar1 = FUN_1400e42c0(uVar1,&DAT_140173da4,0x34,1);
  uVar1 = FUN_1400e42c0(uVar1,"GoodEvil",0x36,1);
  uVar1 = FUN_1400e6c00(uVar1,&DAT_140173a24,0x50,1);
  uVar1 = FUN_1400e79c0(uVar1,"Attr1",&LAB_1400e84e0,&LAB_1400e9720);
  uVar1 = FUN_1400e79c0(uVar1,"Attr2",&LAB_1400e83e0,&LAB_1400e9620);
  uVar1 = FUN_1400e79c0(uVar1,"Attr3",&LAB_1400e8400,&LAB_1400e9640);
  uVar1 = FUN_1400e79c0(uVar1,"Attr4",&LAB_1400e8420,&LAB_1400e9660);
  uVar1 = FUN_1400e79c0(uVar1,"Attr5",&LAB_1400e8440,&LAB_1400e9680);
  uVar1 = FUN_1400e79c0(uVar1,"Attr6",&LAB_1400e8460,&LAB_1400e96a0);
  uVar1 = FUN_1400e79c0(uVar1,"Attr7",&LAB_1400e8480,&LAB_1400e96c0);
  uVar1 = FUN_1400e79c0(uVar1,"Attr8",&LAB_1400e84a0,&LAB_1400e96e0);
  uVar1 = FUN_1400e79c0(uVar1,"Attr9",&LAB_1400e84c0,&DAT_1400e9700);
  puVar7 = (undefined8 *)FUN_1400e3960(uVar1,"AImode",0x61,1);
  uVar1 = *puVar7;
  iVar5 = *(int *)(puVar7 + 1);
  local_58 = iVar5 + -3;
  *(undefined4 *)(puVar7 + 1) = 3;
  local_60 = uVar1;
  iVar6 = FUN_140007250(uVar1);
  if (iVar6 < 3) {
    FUN_140050d40(&local_60,"invalid stack");
                    /* WARNING: Subroutine does not return */
    _CxxThrowException(&local_60,(ThrowInfo *)&DAT_14019ba30);
  }
  FUN_140007270(*puVar7,0xfffffffc);
  *(int *)(puVar7 + 1) = *(int *)(puVar7 + 1) + -3;
  uVar9 = iVar5 - 4;
  local_58 = 1;
  iVar5 = FUN_140007250(uVar1);
  if (iVar5 < 1) {
    FUN_140050d40(local_98,"invalid stack");
                    /* WARNING: Subroutine does not return */
    _CxxThrowException(local_98,(ThrowInfo *)&DAT_14019ba30);
  }
  FUN_140007270(uVar1,0xfffffffe);
  local_58 = 0;
  iVar5 = FUN_140007250(uVar1);
  if (iVar5 < (int)uVar9) {
    FUN_140050d40(local_98,"invalid stack");
                    /* WARNING: Subroutine does not return */
    _CxxThrowException(local_98,(ThrowInfo *)&DAT_14019ba30);
  }
  FUN_140007270(uVar1,~uVar9);
  iVar5 = FUN_140007250(uVar1);
  if (iVar5 < 0) {
    FUN_140050d40(local_98,"invalid stack");
                    /* WARNING: Subroutine does not return */
    _CxxThrowException(local_98,(ThrowInfo *)&DAT_14019ba30);
  }
  FUN_140007270(uVar1,0xffffffff);
  uVar9 = local_a0;
  iVar5 = FUN_140007250(local_a8);
  if (iVar5 < (int)uVar9) {
    FUN_140050d40(local_98,"invalid stack");
                    /* WARNING: Subroutine does not return */
    _CxxThrowException(local_98,(ThrowInfo *)&DAT_14019ba30);
  }
  FUN_140007270(local_a8,~uVar9);
  uVar1 = local_48;
  local_a0 = local_a0 - uVar9;
  iVar5 = FUN_140007250(local_48);
  if (iVar5 < (int)local_40) {
    FUN_140050d40(local_98,"invalid stack");
                    /* WARNING: Subroutine does not return */
    _CxxThrowException(local_98,(ThrowInfo *)&DAT_14019ba30);
  }
  FUN_140007270(uVar1,~local_40);
  uVar1 = local_80;
  iVar5 = FUN_140007250(local_80);
  if (iVar5 < (int)local_78) {
    FUN_140050d40(local_98,"invalid stack");
                    /* WARNING: Subroutine does not return */
    _CxxThrowException(local_98,(ThrowInfo *)&DAT_14019ba30);
  }
  FUN_140007270(uVar1,~local_78);
  local_80 = uVar2;
  FUN_1400083c0(uVar2,&DAT_1401830fc);
  local_78 = 1;
  FUN_140050900(&local_48,"_GameData",&local_80);
  FUN_1400ea650(&local_a8,"FIELDDATA",&local_48);
  uVar1 = FUN_1400e5b20(&local_a8,&DAT_140172b7c,0x14,1);
  uVar1 = FUN_1400e3f00(uVar1,&DAT_140175678,0x18,1);
  uVar1 = FUN_1400e3f00(uVar1,&DAT_14017567c,0x1a,1);
  uVar1 = FUN_1400e71a0(uVar1,&DAT_140183e8c,0x1c,1);
  puVar7 = (undefined8 *)FUN_1400e7ba0(uVar1,&DAT_140173a24,FUN_1400ed100,&LAB_1400eda40);
  uVar1 = *puVar7;
  iVar5 = *(int *)(puVar7 + 1);
  local_58 = iVar5 + -3;
  *(undefined4 *)(puVar7 + 1) = 3;
  local_60 = uVar1;
  iVar6 = FUN_140007250(uVar1);
  if (iVar6 < 3) {
    FUN_140050d40(&local_60,"invalid stack");
                    /* WARNING: Subroutine does not return */
    _CxxThrowException(&local_60,(ThrowInfo *)&DAT_14019ba30);
  }
  FUN_140007270(*puVar7,0xfffffffc);
  *(int *)(puVar7 + 1) = *(int *)(puVar7 + 1) + -3;
  uVar9 = iVar5 - 4;
  local_58 = 1;
  iVar5 = FUN_140007250(uVar1);
  if (iVar5 < 1) {
    FUN_140050d40(local_98,"invalid stack");
                    /* WARNING: Subroutine does not return */
    _CxxThrowException(local_98,(ThrowInfo *)&DAT_14019ba30);
  }
  FUN_140007270(uVar1,0xfffffffe);
  local_58 = 0;
  iVar5 = FUN_140007250(uVar1);
  if (iVar5 < (int)uVar9) {
    FUN_140050d40(local_98,"invalid stack");
                    /* WARNING: Subroutine does not return */
    _CxxThrowException(local_98,(ThrowInfo *)&DAT_14019ba30);
  }
  FUN_140007270(uVar1,~uVar9);
  iVar5 = FUN_140007250(uVar1);
  if (iVar5 < 0) {
    FUN_140050d40(local_98,"invalid stack");
                    /* WARNING: Subroutine does not return */
    _CxxThrowException(local_98,(ThrowInfo *)&DAT_14019ba30);
  }
  FUN_140007270(uVar1,0xffffffff);
  uVar9 = local_a0;
  iVar5 = FUN_140007250(local_a8);
  if (iVar5 < (int)uVar9) {
    FUN_140050d40(local_98,"invalid stack");
                    /* WARNING: Subroutine does not return */
    _CxxThrowException(local_98,(ThrowInfo *)&DAT_14019ba30);
  }
  FUN_140007270(local_a8,~uVar9);
  uVar1 = local_48;
  local_a0 = local_a0 - uVar9;
  iVar5 = FUN_140007250(local_48);
  if (iVar5 < (int)local_40) {
    FUN_140050d40(local_98,"invalid stack");
                    /* WARNING: Subroutine does not return */
    _CxxThrowException(local_98,(ThrowInfo *)&DAT_14019ba30);
  }
  FUN_140007270(uVar1,~local_40);
  uVar1 = local_80;
  iVar5 = FUN_140007250(local_80);
  if (iVar5 < (int)local_78) {
    FUN_140050d40(local_98,"invalid stack");
                    /* WARNING: Subroutine does not return */
    _CxxThrowException(local_98,(ThrowInfo *)&DAT_14019ba30);
  }
  FUN_140007270(uVar1,~local_78);
  local_80 = uVar2;
  FUN_1400083c0(uVar2,&DAT_1401830fc);
  local_78 = 1;
  FUN_140050900(&local_48,"_GameData",&local_80);
  FUN_1400ea870(&local_a8,&DAT_1401784d4,&local_48);
  uVar1 = FUN_1400e6a20(&local_a8,&DAT_140173a24,0,1);
  uVar1 = FUN_1400e5d00(uVar1,"ItemType",8,1);
  uVar1 = FUN_1400e40e0(uVar1,"AddATK",0xc,1);
  uVar1 = FUN_1400e40e0(uVar1,"AddDEF",0xe,1);
  uVar1 = FUN_1400e40e0(uVar1,"AddSTR",0x10,1);
  uVar1 = FUN_1400e40e0(uVar1,"AddStamina",0x12,1);
  uVar1 = FUN_1400e40e0(uVar1,"AddSPD",0x14,1);
  uVar1 = FUN_1400e40e0(uVar1,"AddWIS",0x16,1);
  uVar1 = FUN_1400e40e0(uVar1,"AddFriend",0x18,1);
  uVar1 = FUN_1400e40e0(uVar1,"AddDodge",0x1a,1);
  uVar1 = FUN_1400e40e0(uVar1,"AddHP",0x1c,1);
  uVar1 = FUN_1400e40e0(uVar1,"AddMP",0x1e,1);
  uVar1 = FUN_1400e40e0(uVar1,"AddSP",0x20,1);
  uVar1 = FUN_1400e4860(uVar1,"UsePlace",0x22,1);
  uVar1 = FUN_1400e4860(uVar1,"CalType",0x24,1);
  uVar1 = FUN_1400e5d00(uVar1,&DAT_1401784f8,0x28,1);
  uVar1 = FUN_1400e4860(uVar1,"UseType",0x2c,1);
  uVar1 = FUN_1400e40e0(uVar1,"UsePoint",0x2e,1);
  uVar1 = FUN_1400e4860(uVar1,"FamPoint",0x30,1);
  uVar1 = FUN_1400e4860(uVar1,"FamHard",0x32,1);
  uVar1 = FUN_1400e4860(uVar1,"Price",0x34,1);
  uVar1 = FUN_1400e40e0(uVar1,"AddSpecial",0x36,1);
  uVar1 = FUN_1400e4fe0(uVar1,"MaxHP",0x38,1);
  uVar1 = FUN_1400e4fe0(uVar1,&DAT_140172b7c,0x3c,1);
  uVar1 = FUN_1400e4860(uVar1,&DAT_1401729c0,0x40,1);
  uVar1 = FUN_1400e4860(uVar1,"Level",0x42,1);
  uVar1 = FUN_1400e4860(uVar1,&DAT_140173da0,0x44,1);
  uVar1 = FUN_1400e4860(uVar1,&DAT_140173da4,0x46,1);
  uVar1 = FUN_1400e4860(uVar1,&DAT_140173da8,0x48,1);
  uVar1 = FUN_1400e4860(uVar1,&DAT_140173dac,0x4a,1);
  uVar1 = FUN_1400e4860(uVar1,"SkillHits",0x4c,1);
  uVar1 = FUN_1400e5d00(uVar1,"AttackType",0x50,1);
  uVar1 = FUN_1400e5d00(uVar1,"GainEXP",0x54,1);
  uVar1 = FUN_1400e4fe0(uVar1,&DAT_140173dbc,0x58,1);
  uVar1 = FUN_1400e5d00(uVar1,"Skill1",0x5c,1);
  uVar1 = FUN_1400e4860(uVar1,"SkillCount1",0x60,1);
  uVar1 = FUN_1400e5d00(uVar1,"Skill2",100,1);
  uVar1 = FUN_1400e4860(uVar1,"SkillCount2",0x68,1);
  uVar1 = FUN_1400e5d00(uVar1,"Skill3",0x6c,1);
  uVar1 = FUN_1400e4860(uVar1,"SkillCount3",0x70,1);
  uVar1 = FUN_1400e5d00(uVar1,"SPSkill1",0x74,1);
  uVar1 = FUN_1400e4860(uVar1,"SPSkillCount1",0x78,1);
  uVar1 = FUN_1400e5d00(uVar1,"SPSkill2",0x7c,1);
  uVar1 = FUN_1400e4860(uVar1,"SPSkillCount2",0x80,1);
  uVar1 = FUN_1400e5d00(uVar1,"CRSkill1",0x84,1);
  uVar1 = FUN_1400e4860(uVar1,"CRSkillCount1",0x88,1);
  uVar1 = FUN_1400e5d00(uVar1,"CRSkill2",0x8c,1);
  uVar1 = FUN_1400e4860(uVar1,"CRSkillCount2",0x90,1);
  uVar1 = FUN_1400e5d00(uVar1,"DropItem1",0x94,1);
  uVar1 = FUN_1400e4860(uVar1,"DropItemRate1",0x98,1);
  uVar1 = FUN_1400e5d00(uVar1,"DropItem2",0x9c,1);
  uVar1 = FUN_1400e4860(uVar1,"DropItemRate2",0xa0,1);
  uVar1 = FUN_1400e5d00(uVar1,"GainGold",0xa4,1);
  uVar1 = FUN_1400e3b40(uVar1,"SkillRate",0xaa,1);
  uVar1 = FUN_1400e3b40(uVar1,"SPSkillRate",0xab,1);
  uVar1 = FUN_1400e3b40(uVar1,"DodgeRate",0xac,1);
  uVar1 = FUN_1400e3b40(uVar1,"EscapeRate",0xad,1);
  uVar1 = FUN_1400e3780(uVar1,&DAT_140173ea0,0xb7,1);
  uVar1 = FUN_1400e3780(uVar1,"GoodEvil",0xb8,1);
  uVar1 = FUN_1400e6a20(uVar1,"HelpText",0xc0,1);
  uVar1 = FUN_1400e6a20(uVar1,"InfoText",200,1);
  uVar1 = FUN_1400e6a20(uVar1,"SutraName",0xd0,1);
  uVar1 = FUN_1400e77e0(uVar1,"Attr1",&LAB_1400e84d0,&LAB_1400e9710);
  uVar1 = FUN_1400e77e0(uVar1,"Attr2",&LAB_1400e83d0,&LAB_1400e9610);
  uVar1 = FUN_1400e77e0(uVar1,"Attr3",&LAB_1400e83f0,&LAB_1400e9630);
  uVar1 = FUN_1400e77e0(uVar1,"Attr4",&LAB_1400e8410,&LAB_1400e9650);
  uVar1 = FUN_1400e77e0(uVar1,"Attr5",&LAB_1400e8430,&LAB_1400e9670);
  uVar1 = FUN_1400e77e0(uVar1,"Attr6",&LAB_1400e8450,&LAB_1400e9690);
  uVar1 = FUN_1400e77e0(uVar1,"Attr7",&LAB_1400e8470,&LAB_1400e96b0);
  uVar1 = FUN_1400e77e0(uVar1,"Attr8",&LAB_1400e8490,&LAB_1400e96d0);
  puVar7 = (undefined8 *)FUN_1400e77e0(uVar1,"Attr9",&LAB_1400e84b0,&LAB_1400e96f0);
  uVar1 = *puVar7;
  iVar5 = *(int *)(puVar7 + 1);
  local_58 = iVar5 + -3;
  *(undefined4 *)(puVar7 + 1) = 3;
  local_60 = uVar1;
  iVar6 = FUN_140007250(uVar1);
  if (iVar6 < 3) {
    FUN_140050d40(&local_60,"invalid stack");
                    /* WARNING: Subroutine does not return */
    _CxxThrowException(&local_60,(ThrowInfo *)&DAT_14019ba30);
  }
  FUN_140007270(*puVar7,0xfffffffc);
  *(int *)(puVar7 + 1) = *(int *)(puVar7 + 1) + -3;
  uVar9 = iVar5 - 4;
  local_58 = 1;
  iVar5 = FUN_140007250(uVar1);
  if (iVar5 < 1) {
    FUN_140050d40(local_98,"invalid stack");
                    /* WARNING: Subroutine does not return */
    _CxxThrowException(local_98,(ThrowInfo *)&DAT_14019ba30);
  }
  FUN_140007270(uVar1,0xfffffffe);
  local_58 = 0;
  iVar5 = FUN_140007250(uVar1);
  if (iVar5 < (int)uVar9) {
    FUN_140050d40(local_98,"invalid stack");
                    /* WARNING: Subroutine does not return */
    _CxxThrowException(local_98,(ThrowInfo *)&DAT_14019ba30);
  }
  FUN_140007270(uVar1,~uVar9);
  iVar5 = FUN_140007250(uVar1);
  if (iVar5 < 0) {
    FUN_140050d40(local_98,"invalid stack");
                    /* WARNING: Subroutine does not return */
    _CxxThrowException(local_98,(ThrowInfo *)&DAT_14019ba30);
  }
  FUN_140007270(uVar1,0xffffffff);
  uVar9 = local_a0;
  iVar5 = FUN_140007250(local_a8);
  if (iVar5 < (int)uVar9) {
    FUN_140050d40(local_98,"invalid stack");
                    /* WARNING: Subroutine does not return */
    _CxxThrowException(local_98,(ThrowInfo *)&DAT_14019ba30);
  }
  FUN_140007270(local_a8,~uVar9);
  uVar1 = local_48;
  local_a0 = local_a0 - uVar9;
  iVar5 = FUN_140007250(local_48);
  if (iVar5 < (int)local_40) {
    FUN_140050d40(local_98,"invalid stack");
                    /* WARNING: Subroutine does not return */
    _CxxThrowException(local_98,(ThrowInfo *)&DAT_14019ba30);
  }
  FUN_140007270(uVar1,~local_40);
  uVar1 = local_80;
  iVar5 = FUN_140007250(local_80);
  if (iVar5 < (int)local_78) {
    FUN_140050d40(local_98,"invalid stack");
                    /* WARNING: Subroutine does not return */
    _CxxThrowException(local_98,(ThrowInfo *)&DAT_14019ba30);
  }
  FUN_140007270(uVar1,~local_78);
  local_80 = uVar2;
  FUN_1400083c0(uVar2,&DAT_1401830fc);
  local_78 = 1;
  FUN_140050900(&local_48,"_GameData",&local_80);
  FUN_1400eb5f0(&local_a8,"sPROP",&local_48);
  uVar1 = FUN_1400e6840(&local_a8,&DAT_140183e1c,0x10,1);
  uVar1 = FUN_1400e5760(uVar1,"PropID",0x20,1);
  uVar1 = FUN_1400e5760(uVar1,"Stock",0x24,1);
  uVar1 = FUN_1400e5760(uVar1,"PropQuantity",0x28,1);
  uVar1 = FUN_1400e5760(uVar1,"PropQuantityNew",0x30,1);
  puVar7 = (undefined8 *)FUN_1400e6fc0(uVar1,&DAT_1401784d4,0x38,1);
  uVar1 = *puVar7;
  iVar5 = *(int *)(puVar7 + 1);
  local_58 = iVar5 + -3;
  *(undefined4 *)(puVar7 + 1) = 3;
  local_60 = uVar1;
  iVar6 = FUN_140007250(uVar1);
  if (iVar6 < 3) {
    FUN_140050d40(&local_60,"invalid stack");
                    /* WARNING: Subroutine does not return */
    _CxxThrowException(&local_60,(ThrowInfo *)&DAT_14019ba30);
  }
  FUN_140007270(*puVar7,0xfffffffc);
  *(int *)(puVar7 + 1) = *(int *)(puVar7 + 1) + -3;
  uVar9 = iVar5 - 4;
  local_58 = 1;
  iVar5 = FUN_140007250(uVar1);
  if (iVar5 < 1) {
    FUN_140050d40(local_98,"invalid stack");
                    /* WARNING: Subroutine does not return */
    _CxxThrowException(local_98,(ThrowInfo *)&DAT_14019ba30);
  }
  FUN_140007270(uVar1,0xfffffffe);
  local_58 = 0;
  iVar5 = FUN_140007250(uVar1);
  if (iVar5 < (int)uVar9) {
    FUN_140050d40(local_98,"invalid stack");
                    /* WARNING: Subroutine does not return */
    _CxxThrowException(local_98,(ThrowInfo *)&DAT_14019ba30);
  }
  FUN_140007270(uVar1,~uVar9);
  iVar5 = FUN_140007250(uVar1);
  if (iVar5 < 0) {
    FUN_140050d40(local_98,"invalid stack");
                    /* WARNING: Subroutine does not return */
    _CxxThrowException(local_98,(ThrowInfo *)&DAT_14019ba30);
  }
  FUN_140007270(uVar1,0xffffffff);
  uVar9 = local_a0;
  iVar5 = FUN_140007250(local_a8);
  if (iVar5 < (int)uVar9) {
    FUN_140050d40(local_98,"invalid stack");
                    /* WARNING: Subroutine does not return */
    _CxxThrowException(local_98,(ThrowInfo *)&DAT_14019ba30);
  }
  FUN_140007270(local_a8,~uVar9);
  local_a0 = local_a0 - uVar9;
  iVar5 = FUN_140007250(local_48);
  if (iVar5 < (int)local_40) {
    FUN_140050d40(local_98,"invalid stack");
                    /* WARNING: Subroutine does not return */
    _CxxThrowException(local_98,(ThrowInfo *)&DAT_14019ba30);
  }
  FUN_140007270(local_48,~local_40);
  uVar1 = local_80;
  iVar5 = FUN_140007250(local_80);
  if (iVar5 < (int)local_78) {
    FUN_140050d40(local_98,"invalid stack");
                    /* WARNING: Subroutine does not return */
    _CxxThrowException(local_98,(ThrowInfo *)&DAT_14019ba30);
  }
  FUN_140007270(uVar1,~local_78);
  local_60 = uVar2;
  FUN_1400083c0(uVar2,&DAT_1401830fc);
  local_58 = 1;
  FUN_1400eb3d0(&local_80,"BCHAR",&local_60);
  puVar8 = (undefined8 *)FUN_1400e7710(&local_80,"isHide",FUN_140086e40);
  uVar1 = *puVar8;
  puVar7 = (undefined8 *)FUN_1400099e0(uVar1,8);
  *puVar7 = FUN_14007e820;
  FUN_1400081e0(uVar1,FUN_1400ecf20,1);
  uVar4 = FUN_140007220(uVar1,0xfffffffd);
  FUN_140008070(uVar1,"CanNotLockTarget");
  FUN_140007380(uVar1,0xfffffffe);
  FUN_140008b60(uVar1,uVar4);
  uVar1 = FUN_1400e7710(puVar8,"isDeath",FUN_14007e8e0);
  uVar1 = FUN_1400e7d80(uVar1,&DAT_140173a24,&LAB_1400ed110,&LAB_1400eda50);
  uVar1 = FUN_1400e5580(uVar1,"AImode",0x3594,1);
  uVar1 = FUN_1400e5ee0(uVar1,&DAT_140172b7c,0x3900,1);
  uVar1 = FUN_1400e4e00(uVar1,&DAT_140175010,0x3904,1);
  uVar1 = FUN_1400e4e00(uVar1,"MaxMP",0x3906,1);
  uVar1 = FUN_1400e4e00(uVar1,"TimeBar",0x3908,1);
  uVar1 = FUN_1400e7380(uVar1,"isTimeBarMax",0x39b8,1);
  uVar1 = FUN_1400e4e00(uVar1,"MagicBar",0x390a,1);
  uVar1 = FUN_1400e7380(uVar1,"isAction",0x39b7,1);
  uVar1 = FUN_1400e7380(uVar1,"isStop",0x39cd,1);
  uVar1 = FUN_1400e7380(uVar1,"isKeeper",0x39d1,0);
  uVar1 = FUN_1400e7380(uVar1,"isPlayer",0x39d0,0);
  uVar1 = FUN_1400e7380(uVar1,"isNPC",0x39d2,0);
  uVar1 = FUN_1400e3d20(uVar1,"AttackCount",0x399f,1);
  uVar1 = FUN_1400e7380(uVar1,"isWaitToDeath",0x39bb,1);
  uVar1 = FUN_1400e7380(uVar1,"CanCastSkill",0x39c2,1);
  uVar1 = FUN_1400e4e00(uVar1,"MagicBar",0x390a,1);
  uVar1 = FUN_1400e6660(uVar1,"CharData",0x18,1);
  uVar1 = FUN_1400e6480(uVar1,"SKData",0x20,1);
  uVar1 = FUN_1400e62a0(uVar1,"NPCData",0x30,1);
  uVar1 = FUN_1400e5580(uVar1,"NPC_GUID",0x28,1);
  uVar1 = FUN_1400e7380(uVar1,&DAT_14017875c,0x39b4,1);
  uVar1 = FUN_1400e6de0(uVar1,"FIELDDATA",0x1598,1);
  uVar1 = FUN_1400e6de0(uVar1,"FIELDDATA1",0x15b8,1);
  uVar1 = FUN_1400e4e00(uVar1,"flags",0x35b0,1);
  uVar1 = FUN_1400e5580(uVar1,"AI_Command",0x39dc,1);
  uVar1 = FUN_1400e5580(uVar1,"AI_SelectItem",0x39e4,1);
  uVar1 = FUN_1400e5580(uVar1,"AI_PMenu",0x39e0,1);
  uVar1 = FUN_1400e5580(uVar1,"AI_Target",0x39ec,1);
  uVar1 = FUN_1400e7380(uVar1,"AI_TargetIsEnemySide",0x39f4,1);
  uVar1 = FUN_1400e5580(uVar1,"AI_SelectAttackEffect",0x39e8,1);
  uVar1 = FUN_1400e5580(uVar1,"Action_qq",0x3568,1);
  puVar8 = (undefined8 *)FUN_1400e4680(uVar1,"TotalAttack",0x3886,1);
  uVar1 = *puVar8;
  puVar7 = (undefined8 *)FUN_1400099e0(uVar1,8);
  *puVar7 = FUN_14008ab70;
  FUN_1400081e0(uVar1,FUN_1400ed080,1);
  uVar4 = FUN_140007220(uVar1,0xfffffffd);
  FUN_140008070(uVar1,"CanUseSkill");
  FUN_140007380(uVar1,0xfffffffe);
  FUN_140008b60(uVar1,uVar4);
  uVar1 = *puVar8;
  puVar7 = (undefined8 *)FUN_1400099e0(uVar1,8);
  *puVar7 = FUN_14008ab90;
  FUN_1400081e0(uVar1,FUN_1400ed080,1);
  uVar4 = FUN_140007220(uVar1,0xfffffffd);
  FUN_140008070(uVar1,"IsFreeze");
  FUN_140007380(uVar1,0xfffffffe);
  FUN_140008b60(uVar1,uVar4);
  uVar1 = *puVar8;
  puVar7 = (undefined8 *)FUN_1400099e0(uVar1,8);
  *puVar7 = FUN_14008b980;
  FUN_1400081e0(uVar1,FUN_1400ed080,1);
  uVar4 = FUN_140007220(uVar1,0xfffffffd);
  FUN_140008070(uVar1,"IsCrazy");
  FUN_140007380(uVar1,0xfffffffe);
  FUN_140008b60(uVar1,uVar4);
  uVar1 = *puVar8;
  puVar7 = (undefined8 *)FUN_1400099e0(uVar1,8);
  *puVar7 = FUN_1400869f0;
  FUN_1400081e0(uVar1,FUN_1400ecf20,1);
  uVar4 = FUN_140007220(uVar1,0xfffffffd);
  FUN_140008070(uVar1,"GetEffect");
  FUN_140007380(uVar1,0xfffffffe);
  FUN_140008b60(uVar1,uVar4);
  uVar1 = *puVar8;
  puVar7 = (undefined8 *)FUN_1400099e0(uVar1,8);
  *puVar7 = FUN_140085e10;
  FUN_1400081e0(uVar1,FUN_1400ecf20,1);
  uVar4 = FUN_140007220(uVar1,0xfffffffd);
  FUN_140008070(uVar1,"ReleaseEffect");
  FUN_140007380(uVar1,0xfffffffe);
  FUN_140008b60(uVar1,uVar4);
  uVar1 = *puVar8;
  puVar7 = (undefined8 *)FUN_1400099e0(uVar1,8);
  *puVar7 = FUN_140089340;
  FUN_1400081e0(uVar1,FUN_1400ece80,1);
  uVar4 = FUN_140007220(uVar1,0xfffffffd);
  FUN_140008070(uVar1,"SetSKEnergy");
  FUN_140007380(uVar1,0xfffffffe);
  FUN_140008b60(uVar1,uVar4);
  uVar1 = *puVar8;
  puVar7 = (undefined8 *)FUN_1400099e0(uVar1,8);
  *puVar7 = &LAB_1400ebb70;
  FUN_1400081e0(uVar1,FUN_1400ece10,1);
  uVar4 = FUN_140007220(uVar1,0xfffffffd);
  FUN_140008070(uVar1,"GetSKEnergy");
  FUN_140007380(uVar1,0xfffffffe);
  FUN_140008b60(uVar1,uVar4);
  uVar1 = *puVar8;
  puVar7 = (undefined8 *)FUN_1400099e0(uVar1,8);
  *puVar7 = &LAB_1400ebb80;
  FUN_1400081e0(uVar1,FUN_1400ed080,1);
  uVar4 = FUN_140007220(uVar1,0xfffffffd);
  FUN_140008070(uVar1,"IsMaxSKEnergy");
  FUN_140007380(uVar1,0xfffffffe);
  FUN_140008b60(uVar1,uVar4);
  uVar1 = *puVar8;
  puVar7 = (undefined8 *)FUN_1400099e0(uVar1,8);
  *puVar7 = FUN_1400881c0;
  FUN_1400081e0(uVar1,FUN_1400ecfc0,1);
  uVar4 = FUN_140007220(uVar1,0xfffffffd);
  FUN_140008070(uVar1,"NPC_AI_SelectSkill");
  FUN_140007380(uVar1,0xfffffffe);
  FUN_140008b60(uVar1,uVar4);
  uVar1 = FUN_1400e4680(puVar8,"RestorHP",0x388c,1);
  uVar1 = FUN_1400e4680(uVar1,"RestorMP",0x388e,1);
  puVar7 = (undefined8 *)FUN_1400e4680(uVar1,"RestorSP",0x3890,1);
  local_48 = *puVar7;
  local_40 = *(int *)(puVar7 + 1) - 3;
  *(undefined4 *)(puVar7 + 1) = 3;
  iVar5 = FUN_140007250(local_48);
  if (iVar5 < 3) {
    FUN_140050d40(local_98,"invalid stack");
                    /* WARNING: Subroutine does not return */
    _CxxThrowException(local_98,(ThrowInfo *)&DAT_14019ba30);
  }
  FUN_140007270(*puVar7,0xfffffffc);
  *(int *)(puVar7 + 1) = *(int *)(puVar7 + 1) + -3;
  FUN_1400eaed0(&local_a8,"PlayerROLE",&local_48,&DAT_140209ab1);
  uVar1 = local_a8;
  puVar7 = (undefined8 *)FUN_1400099e0(local_a8,8);
  *puVar7 = FUN_140078840;
  FUN_1400081e0(uVar1,FUN_1400ecc60,1);
  uVar4 = FUN_140007220(uVar1,0xfffffffd);
  FUN_140008070(uVar1,"GetSelItemId");
  FUN_140007380(uVar1,0xfffffffe);
  FUN_140008b60(uVar1,uVar4);
  uVar1 = local_a8;
  puVar7 = (undefined8 *)FUN_1400099e0(local_a8,8);
  *puVar7 = &LAB_1400ebb60;
  FUN_1400081e0(uVar1,FUN_1400eccd0,1);
  uVar4 = FUN_140007220(uVar1,0xfffffffd);
  FUN_140008070(uVar1,"GetCureSkill");
  FUN_140007380(uVar1,0xfffffffe);
  FUN_140008b60(uVar1,uVar4);
  uVar1 = local_a8;
  puVar7 = (undefined8 *)FUN_1400099e0(local_a8,8);
  *puVar7 = &LAB_140078860;
  FUN_1400081e0(uVar1,FUN_1400ecbf0,1);
  uVar4 = FUN_140007220(uVar1,0xfffffffd);
  FUN_140008070(uVar1,"GetFaceIconXpos");
  FUN_140007380(uVar1,0xfffffffe);
  FUN_140008b60(uVar1,uVar4);
  uVar1 = FUN_1400e4c20(&local_a8,"FaceIconX",0x3f96,0);
  puVar7 = (undefined8 *)FUN_1400e44a0(uVar1,"PlayerID",0x3f94,0);
  local_30 = *puVar7;
  local_28 = *(int *)(puVar7 + 1) - 3;
  *(undefined4 *)(puVar7 + 1) = 3;
  iVar5 = FUN_140007250(local_30);
  if (iVar5 < 3) {
    FUN_140050d40(local_98,"invalid stack");
                    /* WARNING: Subroutine does not return */
    _CxxThrowException(local_98,(ThrowInfo *)&DAT_14019ba30);
  }
  FUN_140007270(*puVar7,0xfffffffc);
  *(int *)(puVar7 + 1) = *(int *)(puVar7 + 1) + -3;
  FUN_1400eb150(&local_70,"NPCROLE",&local_30,&DAT_140209ab1);
  uVar1 = local_70;
  puVar7 = (undefined8 *)FUN_1400099e0(local_70,8);
  *puVar7 = FUN_14007a060;
  FUN_1400081e0(uVar1,FUN_1400ecd90,1);
  uVar4 = FUN_140007220(uVar1,0xfffffffd);
  FUN_140008070(uVar1,"CanObsolt");
  FUN_140007380(uVar1,0xfffffffe);
  FUN_140008b60(uVar1,uVar4);
  uVar1 = local_70;
  uVar9 = local_68 - 3;
  local_68 = 3;
  iVar5 = FUN_140007250(local_70);
  if (iVar5 < 3) {
    FUN_140050d40(local_98,"invalid stack");
                    /* WARNING: Subroutine does not return */
    _CxxThrowException(local_98,(ThrowInfo *)&DAT_14019ba30);
  }
  FUN_140007270(local_70,0xfffffffc);
  local_68 = local_68 - 3;
  iVar5 = FUN_140007250(uVar1);
  if (iVar5 < (int)uVar9) {
    FUN_140050d40(local_98,"invalid stack");
                    /* WARNING: Subroutine does not return */
    _CxxThrowException(local_98,(ThrowInfo *)&DAT_14019ba30);
  }
  FUN_140007270(uVar1,~uVar9);
  uVar9 = local_68;
  iVar5 = FUN_140007250(local_70);
  if (iVar5 < (int)uVar9) {
    FUN_140050d40(local_98,"invalid stack");
                    /* WARNING: Subroutine does not return */
    _CxxThrowException(local_98,(ThrowInfo *)&DAT_14019ba30);
  }
  FUN_140007270(local_70,~uVar9);
  uVar1 = local_30;
  local_68 = local_68 - uVar9;
  iVar5 = FUN_140007250(local_30);
  if (iVar5 < (int)local_28) {
    FUN_140050d40(&local_30,"invalid stack");
                    /* WARNING: Subroutine does not return */
    _CxxThrowException(&local_30,(ThrowInfo *)&DAT_14019ba30);
  }
  FUN_140007270(uVar1,~local_28);
  uVar9 = local_a0;
  iVar5 = FUN_140007250(local_a8);
  if (iVar5 < (int)uVar9) {
    FUN_140050d40(&local_30,"invalid stack");
                    /* WARNING: Subroutine does not return */
    _CxxThrowException(&local_30,(ThrowInfo *)&DAT_14019ba30);
  }
  FUN_140007270(local_a8,~uVar9);
  uVar1 = local_48;
  local_a0 = local_a0 - uVar9;
  iVar5 = FUN_140007250(local_48);
  if (iVar5 < (int)local_40) {
    FUN_140050d40(&local_48,"invalid stack");
                    /* WARNING: Subroutine does not return */
    _CxxThrowException(&local_48,(ThrowInfo *)&DAT_14019ba30);
  }
  FUN_140007270(uVar1,~local_40);
  uVar9 = local_78;
  iVar5 = FUN_140007250(local_80);
  if (iVar5 < (int)uVar9) {
    FUN_140050d40(&local_48,"invalid stack");
                    /* WARNING: Subroutine does not return */
    _CxxThrowException(&local_48,(ThrowInfo *)&DAT_14019ba30);
  }
  FUN_140007270(local_80,~uVar9);
  uVar1 = local_60;
  local_78 = local_78 - uVar9;
  iVar5 = FUN_140007250(local_60);
  if (iVar5 < (int)local_58) {
    FUN_140050d40(&local_60,"invalid stack");
                    /* WARNING: Subroutine does not return */
    _CxxThrowException(&local_60,(ThrowInfo *)&DAT_14019ba30);
  }
  FUN_140007270(uVar1,~local_58);
  local_60 = uVar2;
  FUN_1400083c0(uVar2,&DAT_1401830fc);
  local_58 = 1;
  FUN_140050900(&local_a8,&DAT_140178944,&local_60);
  puVar7 = (undefined8 *)FUN_1400099e0(local_a8,8);
  *puVar7 = &LAB_1400dfee0;
  FUN_1400081e0(local_a8,FUN_14006f000,1);
  uVar1 = local_a8;
  uVar4 = FUN_140007220(local_a8,0xfffffffe);
  FUN_140008070(uVar1,"ClearAchievement");
  FUN_140007380(uVar1,0xfffffffe);
  FUN_140008b60(uVar1,uVar4);
  uVar1 = FUN_1400e7680(&local_a8,"ListAchievement",&LAB_1400dff00);
  puVar8 = (undefined8 *)FUN_1400e75f0(uVar1,"SetAchievement",&LAB_1400dff20);
  puVar7 = (undefined8 *)FUN_1400099e0(*puVar8,8);
  *puVar7 = &LAB_1400dff40;
  FUN_1400081e0(*puVar8,FUN_1400ecaf0,1);
  uVar1 = *puVar8;
  uVar4 = FUN_140007220(uVar1,0xfffffffe);
  FUN_140008070(uVar1,"GetAchievement");
  FUN_140007380(uVar1,0xfffffffe);
  FUN_140008b60(uVar1,uVar4);
  uVar1 = FUN_1400e7560(puVar8,"AddBattleCount",&LAB_1400dff60);
  uVar1 = FUN_1400e7560(uVar1,"AddFlee",&LAB_1400dff80);
  uVar1 = FUN_1400e7560(uVar1,"AddAbsorbing",&LAB_1400dffa0);
  uVar1 = FUN_1400e7560(uVar1,"AddFusion",&LAB_1400dffc0);
  uVar1 = FUN_140050160(uVar1,"MItemCount",&DAT_1401fce18,1);
  uVar1 = FUN_140050160(uVar1,"MItem_Max",&DAT_1401fcde0,0);
  uVar1 = FUN_1400e7680(uVar1,"CheckMItem",FUN_1400dfdd0);
  uVar1 = FUN_1400e7560(uVar1,"AddHealEnemy",FUN_1400dffe0);
  uVar1 = FUN_140050160(uVar1,"FullSeeCount",&DAT_1401fce10,1);
  uVar1 = FUN_140050160(uVar1,"SeeCount",&DAT_1401fce0c,1);
  uVar1 = FUN_140050160(uVar1,"BookCount",&DAT_1401fce08,1);
  FUN_1400ec3a0(uVar1,&local_48);
  uVar1 = local_48;
  iVar5 = FUN_140007250(local_48);
  if (iVar5 < (int)local_40) {
    FUN_140050d40(&local_48,"invalid stack");
                    /* WARNING: Subroutine does not return */
    _CxxThrowException(&local_48,(ThrowInfo *)&DAT_14019ba30);
  }
  FUN_140007270(uVar1,~local_40);
  uVar9 = local_a0;
  iVar5 = FUN_140007250(local_a8);
  if (iVar5 < (int)uVar9) {
    FUN_140050d40(&local_48,"invalid stack");
                    /* WARNING: Subroutine does not return */
    _CxxThrowException(&local_48,(ThrowInfo *)&DAT_14019ba30);
  }
  FUN_140007270(local_a8,~uVar9);
  uVar1 = local_60;
  local_a0 = local_a0 - uVar9;
  iVar5 = FUN_140007250(local_60);
  if (iVar5 < (int)local_58) {
    FUN_140050d40(&local_60,"invalid stack");
                    /* WARNING: Subroutine does not return */
    _CxxThrowException(&local_60,(ThrowInfo *)&DAT_14019ba30);
  }
  FUN_140007270(uVar1,~local_58);
  FUN_14004f270();
  FUN_140141730();
  FUN_14006c620();
  FUN_1400aaf10();
  FUN_140067270(&DAT_1401f9d38);
  FUN_140146740(&DAT_1401fbc60);
  FUN_14014c6a0(&DAT_1401a6d80,"=== LUA System start. ===");
  FUN_140007250(uVar2);
  FUN_14014c6a0(&DAT_1401a6d80,"=== Loading SSMOD all lua,ext and txt.");
  FUN_14014b4f0(&DAT_1401a6d80);
  uVar2 = FUN_1400f3510(&DAT_140209b40);
  FUN_14014c6a0(&DAT_1401a6d80,"=== Loading all lua in : [%s].",uVar2);
  uVar2 = FUN_1400f3510(&DAT_140209b40);
  FUN_14014ad60(&DAT_1401a6d80,uVar2);
  uVar2 = FUN_1400f35a0(&DAT_140209b40);
  FUN_14014c6a0(&DAT_1401a6d80,"=== Loading setting in : [%s].",uVar2);
  uVar2 = FUN_1400f35a0(&DAT_140209b40);
  cVar3 = FUN_14014ac40(&DAT_1401a6d80,uVar2,"setting_v2.lua",0);
  if (cVar3 != '\0') {
    FUN_140146b30();
  }
  FUN_140143b60(&DAT_1402bcca0,"Story_31.mp3",10,0,1);
  uVar2 = FUN_1400f34d0(&DAT_140209b40);
  FUN_14014c6a0(&DAT_1401a6d80,"=== Loading CommonSave in : [%s].",uVar2);
  uVar2 = FUN_1400f34d0(&DAT_140209b40);
  FUN_14014ac40(&DAT_1401a6d80,uVar2,"CommonSave.lua",0);
  FUN_14014c6a0(&DAT_1401a6d80,"=== LUA System Initialization : \'OnEvent.SysInit\' . ===");
  FUN_14014ccf0(&DAT_1401a6d80,"SysInit",0);
  if (cVar3 != '\0') {
    uVar9 = FUN_14014a880(&DAT_1401a6d80,"VERSION_MAIN");
    if (4 < uVar9) goto LAB_1400e2ce9;
    iVar5 = FUN_14014a880(&DAT_1401a6d80,"VERSION_SECOND");
    if (iVar5 != 0) goto LAB_1400e2ce9;
    uVar9 = FUN_14014a880(&DAT_1401a6d80,"VERSION_BUILD");
    if (4 < uVar9) goto LAB_1400e2ce9;
    FUN_1401254f0(&DAT_14020de30);
  }
  FUN_140147360();
LAB_1400e2ce9:
  FUN_140148270(&DAT_1401a6d80,"GameData","SendItemTempData");
  FUN_1400ba510();
  return;
}

  
2026-09-08 19:16:24 INFO  (GhidraScript) ReportHdBossDamageBranches.py> END BOSS DAMAGE REPORT  
