old,new,baseline_size,baseline_sha256,move_size,move_sha256,final_sha256,change
swd3-engine-ui-diagnostics/README.md,research/active/swd3-engine-ui-diagnostics/README.md,662,c541bbb928cf93706428ab580a2023897ae4503271a4cd5308604d053f9809ec,668,0c4ef2f82a9e58cc4f4ba0b6bdc8a5ccb119dfefd09fc9a97b5a4affd6619187,ee5b22d7b5e686d060e0950716c12a0f74f9a78c0dc5367f276f2a118382b164,document edit
swd3-engine-ui-diagnostics/swd3_engine_ui_diagnostics.ssmod,research/active/swd3-engine-ui-diagnostics/swd3_engine_ui_diagnostics.ssmod,1736,208f047b72f8517e8decfa81057392e8fe66c1cb1a7b092f5b007dac27354bb0,1736,208f047b72f8517e8decfa81057392e8fe66c1cb1a7b092f5b007dac27354bb0,208f047b72f8517e8decfa81057392e8fe66c1cb1a7b092f5b007dac27354bb0,unchanged
swd3-engine-ui-diagnostics/dist/swd3_engine_ui_diagnostics.ssmod,research/active/swd3-engine-ui-diagnostics/dist/swd3_engine_ui_diagnostics.ssmod,1736,208f047b72f8517e8decfa81057392e8fe66c1cb1a7b092f5b007dac27354bb0,1736,208f047b72f8517e8decfa81057392e8fe66c1cb1a7b092f5b007dac27354bb0,208f047b72f8517e8decfa81057392e8fe66c1cb1a7b092f5b007dac27354bb0,unchanged
swd3-engine-ui-diagnostics/src/swd3_engine_ui_diagnostics.ext,research/active/swd3-engine-ui-diagnostics/src/swd3_engine_ui_diagnostics.ext,405,87e6ec790bd764cc3d3934ea7476d05f260d7e3da03a6310743c0d9346f36681,405,87e6ec790bd764cc3d3934ea7476d05f260d7e3da03a6310743c0d9346f36681,87e6ec790bd764cc3d3934ea7476d05f260d7e3da03a6310743c0d9346f36681,unchanged
swd3-engine-ui-diagnostics/src/data/EngineUiDiagnostics.lua,research/active/swd3-engine-ui-diagnostics/src/data/EngineUiDiagnostics.lua,2088,bd3fcd8573f320feb820fb2a8f6d7793b02c5a916d899a83237ea859205d1ed9,2088,bd3fcd8573f320feb820fb2a8f6d7793b02c5a916d899a83237ea859205d1ed9,bd3fcd8573f320feb820fb2a8f6d7793b02c5a916d899a83237ea859205d1ed9,unchanged
swd3-native-menu-probe/ENGINE-UI-RESEARCH.md,research/active/swd3-native-menu-probe/ENGINE-UI-RESEARCH.md,31189,a1e6a74268a0b09fdded278087802c73c9b8456b75b6846783e031e9050dc9f1,5877,19f9ba3a3610e5ff6546495e1d769672f5eb88d7098ff20d8fd62cea0bfb983c,d083a8e44bf798efd172fc9bff0050227ff792b4d2bc1cfa827da9fdd0361b1c,document edit
swd3-native-menu-probe/NATIVE-CAPTURE-RESEARCH.md,research/active/swd3-native-menu-probe/NATIVE-CAPTURE-RESEARCH.md,,,25955,f681920d5e60e39c2f363e05cede43e6aef9690f9879d2efc4a5101e71881ac5,f681920d5e60e39c2f363e05cede43e6aef9690f9879d2efc4a5101e71881ac5,new split evidence
swd3-native-menu-probe/README.md,research/active/swd3-native-menu-probe/README.md,1091,8db7426dd1c4d4865cc3b918bd637c6031ed063b32b5ce9b7f771d121c3d4b0f,1097,beced7a3fbc5aa57c43a09df8e7a2a5f9e962a53de194820781e0f2f2e79d07d,32cf5bdcdbfd34bb44b833a96883743ec880a6fae8ef5a4973a02f589a51eaf0,document edit
swd3-native-menu-probe/swd3_native_menu_probe.ssmod,research/active/swd3-native-menu-probe/swd3_native_menu_probe.ssmod,2266,2c124ca9b9c6831cc567da17dbbdd296e254c676514bb16718a2d54af068caa8,2266,2c124ca9b9c6831cc567da17dbbdd296e254c676514bb16718a2d54af068caa8,2c124ca9b9c6831cc567da17dbbdd296e254c676514bb16718a2d54af068caa8,unchanged
swd3-native-menu-probe/dist/swd3_native_menu_probe.ssmod,research/active/swd3-native-menu-probe/dist/swd3_native_menu_probe.ssmod,2195,cc7cf3fa071fd270409cc365be0d7554e8450f9264918bee5bdc07055b39f736,2195,cc7cf3fa071fd270409cc365be0d7554e8450f9264918bee5bdc07055b39f736,cc7cf3fa071fd270409cc365be0d7554e8450f9264918bee5bdc07055b39f736,unchanged
swd3-native-menu-probe/native-analysis/ghidra-project/SWD3HD.gpr,research/active/swd3-native-menu-probe/native-analysis/ghidra-project/SWD3HD.gpr,0,e3b0c44298fc1c149afbf4c8996fb92427ae41e4649b934ca495991b7852b855,0,e3b0c44298fc1c149afbf4c8996fb92427ae41e4649b934ca495991b7852b855,e3b0c44298fc1c149afbf4c8996fb92427ae41e4649b934ca495991b7852b855,unchanged
swd3-native-menu-probe/native-analysis/ghidra-project/SWD3HD.rep/project.prp,research/active/swd3-native-menu-probe/native-analysis/ghidra-project/SWD3HD.rep/project.prp,163,b1ab431b8555399e1ba8947d8d99e694136f4407e216f07fd41cc543863786e7,163,b1ab431b8555399e1ba8947d8d99e694136f4407e216f07fd41cc543863786e7,b1ab431b8555399e1ba8947d8d99e694136f4407e216f07fd41cc543863786e7,unchanged
swd3-native-menu-probe/native-analysis/ghidra-project/SWD3HD.rep/idata/~index.bak,research/active/swd3-native-menu-probe/native-analysis/ghidra-project/SWD3HD.rep/idata/~index.bak,121,7efaa380411e659b8f9c3d03e79cbbff8248f5b4d6022076c199a061598724b3,121,7efaa380411e659b8f9c3d03e79cbbff8248f5b4d6022076c199a061598724b3,7efaa380411e659b8f9c3d03e79cbbff8248f5b4d6022076c199a061598724b3,unchanged
swd3-native-menu-probe/native-analysis/ghidra-project/SWD3HD.rep/idata/~index.dat,research/active/swd3-native-menu-probe/native-analysis/ghidra-project/SWD3HD.rep/idata/~index.dat,121,7efaa380411e659b8f9c3d03e79cbbff8248f5b4d6022076c199a061598724b3,121,7efaa380411e659b8f9c3d03e79cbbff8248f5b4d6022076c199a061598724b3,7efaa380411e659b8f9c3d03e79cbbff8248f5b4d6022076c199a061598724b3,unchanged
swd3-native-menu-probe/native-analysis/ghidra-project/SWD3HD.rep/idata/00/00000000.prp,research/active/swd3-native-menu-probe/native-analysis/ghidra-project/SWD3HD.rep/idata/00/00000000.prp,507,4fad55fd3040947d071c09182a99f557d70a4b874644443a41d36afc03532fac,507,4fad55fd3040947d071c09182a99f557d70a4b874644443a41d36afc03532fac,4fad55fd3040947d071c09182a99f557d70a4b874644443a41d36afc03532fac,unchanged
swd3-native-menu-probe/native-analysis/ghidra-project/SWD3HD.rep/idata/00/~00000000.db/db.54.gbf,research/active/swd3-native-menu-probe/native-analysis/ghidra-project/SWD3HD.rep/idata/00/~00000000.db/db.54.gbf,30179328,e5156a0734d2f8b5021bb4524be87a625f6519854050dc2ade4ec35a67316493,30179328,e5156a0734d2f8b5021bb4524be87a625f6519854050dc2ade4ec35a67316493,e5156a0734d2f8b5021bb4524be87a625f6519854050dc2ade4ec35a67316493,unchanged
swd3-native-menu-probe/native-analysis/ghidra-project/SWD3HD.rep/idata/00/~00000000.db/db.55.gbf,research/active/swd3-native-menu-probe/native-analysis/ghidra-project/SWD3HD.rep/idata/00/~00000000.db/db.55.gbf,30179328,64f0a0b144b6597c23cceb1c365d42c662e153304e5c5b4aeadb59ef14068b0e,30179328,64f0a0b144b6597c23cceb1c365d42c662e153304e5c5b4aeadb59ef14068b0e,64f0a0b144b6597c23cceb1c365d42c662e153304e5c5b4aeadb59ef14068b0e,unchanged
swd3-native-menu-probe/native-analysis/ghidra-project/SWD3HD.rep/user/~index.dat,research/active/swd3-native-menu-probe/native-analysis/ghidra-project/SWD3HD.rep/user/~index.dat,63,afed071b228a87fbbb18d8bf39667792d6912c1d1ad2ea2f4f41dac320db8b2f,63,afed071b228a87fbbb18d8bf39667792d6912c1d1ad2ea2f4f41dac320db8b2f,afed071b228a87fbbb18d8bf39667792d6912c1d1ad2ea2f4f41dac320db8b2f,unchanged
swd3-native-menu-probe/native-analysis/ghidra-project/SWD3HD.rep/versioned/~index.bak,research/active/swd3-native-menu-probe/native-analysis/ghidra-project/SWD3HD.rep/versioned/~index.bak,63,afed071b228a87fbbb18d8bf39667792d6912c1d1ad2ea2f4f41dac320db8b2f,63,afed071b228a87fbbb18d8bf39667792d6912c1d1ad2ea2f4f41dac320db8b2f,afed071b228a87fbbb18d8bf39667792d6912c1d1ad2ea2f4f41dac320db8b2f,unchanged
swd3-native-menu-probe/native-analysis/ghidra-project/SWD3HD.rep/versioned/~index.dat,research/active/swd3-native-menu-probe/native-analysis/ghidra-project/SWD3HD.rep/versioned/~index.dat,63,afed071b228a87fbbb18d8bf39667792d6912c1d1ad2ea2f4f41dac320db8b2f,63,afed071b228a87fbbb18d8bf39667792d6912c1d1ad2ea2f4f41dac320db8b2f,afed071b228a87fbbb18d8bf39667792d6912c1d1ad2ea2f4f41dac320db8b2f,unchanged
swd3-native-menu-probe/native-analysis/input/swd3-hd-4.0.5.exe,research/active/swd3-native-menu-probe/native-analysis/input/swd3-hd-4.0.5.exe,2227712,63f1d83d8c3a756d17640d9022e19f8928741b091f0e47abbdb22c0ccf6c9523,2227712,63f1d83d8c3a756d17640d9022e19f8928741b091f0e47abbdb22c0ccf6c9523,63f1d83d8c3a756d17640d9022e19f8928741b091f0e47abbdb22c0ccf6c9523,unchanged
swd3-native-menu-probe/src/swd3_native_menu_probe.ext,research/active/swd3-native-menu-probe/src/swd3_native_menu_probe.ext,434,99c9f2ba95d4b1261e92be86dff8876cba7cb25b6e941b152ad00acf6ba637f2,434,99c9f2ba95d4b1261e92be86dff8876cba7cb25b6e941b152ad00acf6ba637f2,99c9f2ba95d4b1261e92be86dff8876cba7cb25b6e941b152ad00acf6ba637f2,unchanged
swd3-native-menu-probe/src/data/NativeMenuProbe.lua,research/active/swd3-native-menu-probe/src/data/NativeMenuProbe.lua,3025,5ab067deea9bd7e3cbf907dcc543c630b299bb67be47ae90038449743b17988d,3025,5ab067deea9bd7e3cbf907dcc543c630b299bb67be47ae90038449743b17988d,5ab067deea9bd7e3cbf907dcc543c630b299bb67be47ae90038449743b17988d,unchanged
swd3-native-menu-probe/tools/FindLuaBindingXrefs.py,research/active/swd3-native-menu-probe/tools/FindLuaBindingXrefs.py,4352,5151bc1080a85f7afc3ad764cd4c45c5036704c7e3ece4e85b166685d449a7b2,4352,5151bc1080a85f7afc3ad764cd4c45c5036704c7e3ece4e85b166685d449a7b2,5151bc1080a85f7afc3ad764cd4c45c5036704c7e3ece4e85b166685d449a7b2,unchanged
swd3-native-menu-probe/tools/ghidra/DecompileHdAlternateBattleDispatch.py,research/active/swd3-native-menu-probe/tools/ghidra/DecompileHdAlternateBattleDispatch.py,2542,5254ad4a09f285a2c1a0aa7d857e537bdc99d0034c5aa21bea8156db77e42d61,2542,5254ad4a09f285a2c1a0aa7d857e537bdc99d0034c5aa21bea8156db77e42d61,5254ad4a09f285a2c1a0aa7d857e537bdc99d0034c5aa21bea8156db77e42d61,unchanged
swd3-native-menu-probe/tools/ghidra/DecompileHdBattleCandidates.py,research/active/swd3-native-menu-probe/tools/ghidra/DecompileHdBattleCandidates.py,1456,70ebf3326742cf2a546916b0e79ac83840074ed3b3a2e38f1ba28a9eb46985db,1456,70ebf3326742cf2a546916b0e79ac83840074ed3b3a2e38f1ba28a9eb46985db,70ebf3326742cf2a546916b0e79ac83840074ed3b3a2e38f1ba28a9eb46985db,unchanged
swd3-native-menu-probe/tools/ghidra/DecompileHdBattleLuaBindings.py,research/active/swd3-native-menu-probe/tools/ghidra/DecompileHdBattleLuaBindings.py,1027,b09a526f0fb9f8937586a4f4774bf5b657c5466b375539f712bffeecf2db14d6,1027,b09a526f0fb9f8937586a4f4774bf5b657c5466b375539f712bffeecf2db14d6,b09a526f0fb9f8937586a4f4774bf5b657c5466b375539f712bffeecf2db14d6,unchanged
swd3-native-menu-probe/tools/ghidra/DecompileHdBattleUiEventCallers.py,research/active/swd3-native-menu-probe/tools/ghidra/DecompileHdBattleUiEventCallers.py,1124,9070275b4eafd897f1f1a40d890fda338ac3434c9400061a8a753b993df9c4a5,1124,9070275b4eafd897f1f1a40d890fda338ac3434c9400061a8a753b993df9c4a5,9070275b4eafd897f1f1a40d890fda338ac3434c9400061a8a753b993df9c4a5,unchanged
swd3-native-menu-probe/tools/ghidra/DecompileHdCaptureCommandPath.py,research/active/swd3-native-menu-probe/tools/ghidra/DecompileHdCaptureCommandPath.py,1057,93b4e08a93e9fdbe62325458b1976ca39bf8c16e83ecbf5457870e025b1d74da,1057,93b4e08a93e9fdbe62325458b1976ca39bf8c16e83ecbf5457870e025b1d74da,93b4e08a93e9fdbe62325458b1976ca39bf8c16e83ecbf5457870e025b1d74da,unchanged
swd3-native-menu-probe/tools/ghidra/DecompileHdCriticalDamageFlow.py,research/active/swd3-native-menu-probe/tools/ghidra/DecompileHdCriticalDamageFlow.py,1104,f9fe70c870aec463a062d73c23ad2ad5516f07bc8f824b13d3f0aaac48505430,1104,f9fe70c870aec463a062d73c23ad2ad5516f07bc8f824b13d3f0aaac48505430,f9fe70c870aec463a062d73c23ad2ad5516f07bc8f824b13d3f0aaac48505430,unchanged
swd3-native-menu-probe/tools/ghidra/DecompileHdDamageFormulaCore.py,research/active/swd3-native-menu-probe/tools/ghidra/DecompileHdDamageFormulaCore.py,1011,31f0f2119f1a79c6ed01cec9c820d3e4c443e527ebca7174e8b2b72079f16f09,1011,31f0f2119f1a79c6ed01cec9c820d3e4c443e527ebca7174e8b2b72079f16f09,31f0f2119f1a79c6ed01cec9c820d3e4c443e527ebca7174e8b2b72079f16f09,unchanged
swd3-native-menu-probe/tools/ghidra/DecompileHdDynamicEventDispatchers.py,research/active/swd3-native-menu-probe/tools/ghidra/DecompileHdDynamicEventDispatchers.py,985,20fccfe15c965da98b2baba8c4531fc0bd1c5bd13ea8da477a29857247cc1e74,985,20fccfe15c965da98b2baba8c4531fc0bd1c5bd13ea8da477a29857247cc1e74,20fccfe15c965da98b2baba8c4531fc0bd1c5bd13ea8da477a29857247cc1e74,unchanged
swd3-native-menu-probe/tools/ghidra/DecompileHdInputEventDispatch.py,research/active/swd3-native-menu-probe/tools/ghidra/DecompileHdInputEventDispatch.py,1106,0032b2eee8e0b8ddb5b0654b3ab5ec630b6403ec95e56e40afac0554e56dd903,1106,0032b2eee8e0b8ddb5b0654b3ab5ec630b6403ec95e56e40afac0554e56dd903,0032b2eee8e0b8ddb5b0654b3ab5ec630b6403ec95e56e40afac0554e56dd903,unchanged
swd3-native-menu-probe/tools/ghidra/DecompileHdNativeCaptureEligibility.py,research/active/swd3-native-menu-probe/tools/ghidra/DecompileHdNativeCaptureEligibility.py,1006,31fdf994b4a43b5e71b82be54bcf1aed6d6679a32e0d8064ec438e60a94d1440,1006,31fdf994b4a43b5e71b82be54bcf1aed6d6679a32e0d8064ec438e60a94d1440,31fdf994b4a43b5e71b82be54bcf1aed6d6679a32e0d8064ec438e60a94d1440,unchanged
swd3-native-menu-probe/tools/ghidra/DecompileHdNormalDamagePath.py,research/active/swd3-native-menu-probe/tools/ghidra/DecompileHdNormalDamagePath.py,1042,6efe21eaed1b8c5f2387d890133f80a5f19ba4fb3c2c0d21536cbec553479ef5,1042,6efe21eaed1b8c5f2387d890133f80a5f19ba4fb3c2c0d21536cbec553479ef5,6efe21eaed1b8c5f2387d890133f80a5f19ba4fb3c2c0d21536cbec553479ef5,unchanged
swd3-native-menu-probe/tools/ghidra/ExtractHdDispatcherContexts.py,research/active/swd3-native-menu-probe/tools/ghidra/ExtractHdDispatcherContexts.py,1537,b39b6345bd8cbd7395238e4290ae3e8f6e0913e8eb974ddda6d4f08da9fbf653,1537,b39b6345bd8cbd7395238e4290ae3e8f6e0913e8eb974ddda6d4f08da9fbf653,b39b6345bd8cbd7395238e4290ae3e8f6e0913e8eb974ddda6d4f08da9fbf653,unchanged
swd3-native-menu-probe/tools/ghidra/InventoryHdNativeLuaEvents.py,research/active/swd3-native-menu-probe/tools/ghidra/InventoryHdNativeLuaEvents.py,2219,cecee4147efd0140d2a6f56b31b05fd58c1ec3fdff81c2d1b5ca7d2763098e03,2219,cecee4147efd0140d2a6f56b31b05fd58c1ec3fdff81c2d1b5ca7d2763098e03,cecee4147efd0140d2a6f56b31b05fd58c1ec3fdff81c2d1b5ca7d2763098e03,unchanged
swd3-native-menu-probe/tools/ghidra/ReportHd9999Constants.py,research/active/swd3-native-menu-probe/tools/ghidra/ReportHd9999Constants.py,1201,b4e76673775b996be7149fffeb0be1961a07058fd8848841484b4da103495e58,1201,b4e76673775b996be7149fffeb0be1961a07058fd8848841484b4da103495e58,b4e76673775b996be7149fffeb0be1961a07058fd8848841484b4da103495e58,unchanged
swd3-native-menu-probe/tools/ghidra/ReportHdAction6PreDispatch.py,research/active/swd3-native-menu-probe/tools/ghidra/ReportHdAction6PreDispatch.py,1778,d80784440beacc737ebdda0f4c18fff401a5441330d2c89a41ee323172685abe,1778,d80784440beacc737ebdda0f4c18fff401a5441330d2c89a41ee323172685abe,d80784440beacc737ebdda0f4c18fff401a5441330d2c89a41ee323172685abe,unchanged
swd3-native-menu-probe/tools/ghidra/ReportHdActionPayloadUses.py,research/active/swd3-native-menu-probe/tools/ghidra/ReportHdActionPayloadUses.py,1456,a9556337bb59f6f39dd3fd2e800858ef59c0ab117b4813825df48233f51d6dab,1456,a9556337bb59f6f39dd3fd2e800858ef59c0ab117b4813825df48233f51d6dab,a9556337bb59f6f39dd3fd2e800858ef59c0ab117b4813825df48233f51d6dab,unchanged
swd3-native-menu-probe/tools/ghidra/ReportHdBattleAfterStateRefs.py,research/active/swd3-native-menu-probe/tools/ghidra/ReportHdBattleAfterStateRefs.py,1845,bf72ac55d7108dc57a61b6a3a5c09bd6eb788459615607b6a3d096d082a88aae,1845,bf72ac55d7108dc57a61b6a3a5c09bd6eb788459615607b6a3d096d082a88aae,bf72ac55d7108dc57a61b6a3a5c09bd6eb788459615607b6a3d096d082a88aae,unchanged
swd3-native-menu-probe/tools/ghidra/ReportHdBattleDrawBgiEnableFlag.py,research/active/swd3-native-menu-probe/tools/ghidra/ReportHdBattleDrawBgiEnableFlag.py,1990,3b8236e04072c9bc776d0053f2a8e6415fa24af201189b6a2824c0541abb5b7d,1990,3b8236e04072c9bc776d0053f2a8e6415fa24af201189b6a2824c0541abb5b7d,3b8236e04072c9bc776d0053f2a8e6415fa24af201189b6a2824c0541abb5b7d,unchanged
swd3-native-menu-probe/tools/ghidra/ReportHdBattleDrawBgiTiming.py,research/active/swd3-native-menu-probe/tools/ghidra/ReportHdBattleDrawBgiTiming.py,4510,775e387762d70e693480621b794c7501731f0369bfd7d3acbae2e804ca5d19e0,4510,775e387762d70e693480621b794c7501731f0369bfd7d3acbae2e804ca5d19e0,775e387762d70e693480621b794c7501731f0369bfd7d3acbae2e804ca5d19e0,unchanged
swd3-native-menu-probe/tools/ghidra/ReportHdBattleEventStringRefs.py,research/active/swd3-native-menu-probe/tools/ghidra/ReportHdBattleEventStringRefs.py,2930,737a80991e28f8c094e3b4ae33ae92a8d87bd309f4017878b17254cf538b2e22,2930,737a80991e28f8c094e3b4ae33ae92a8d87bd309f4017878b17254cf538b2e22,737a80991e28f8c094e3b4ae33ae92a8d87bd309f4017878b17254cf538b2e22,unchanged
swd3-native-menu-probe/tools/ghidra/ReportHdBattleInputEventConditions.py,research/active/swd3-native-menu-probe/tools/ghidra/ReportHdBattleInputEventConditions.py,2074,bef521afd0d2d2450ff692afae83c0f8f70ea565f6bf85e2e5de1e1d930dafd5,2074,bef521afd0d2d2450ff692afae83c0f8f70ea565f6bf85e2e5de1e1d930dafd5,bef521afd0d2d2450ff692afae83c0f8f70ea565f6bf85e2e5de1e1d930dafd5,unchanged
swd3-native-menu-probe/tools/ghidra/ReportHdBattleLuaReferences.py,research/active/swd3-native-menu-probe/tools/ghidra/ReportHdBattleLuaReferences.py,2214,d5bdb3b8a1f64358bfa0c6921880710c0a4ba992a27280c8c2547fc67efdb379,2214,d5bdb3b8a1f64358bfa0c6921880710c0a4ba992a27280c8c2547fc67efdb379,d5bdb3b8a1f64358bfa0c6921880710c0a4ba992a27280c8c2547fc67efdb379,unchanged
swd3-native-menu-probe/tools/ghidra/ReportHdBattlePlayerActionStateSplit.py,research/active/swd3-native-menu-probe/tools/ghidra/ReportHdBattlePlayerActionStateSplit.py,1101,9b86f482c26abf44a6da4ac70d0c9ae387e110c55a0cb23ad213cc26527a34b9,1101,9b86f482c26abf44a6da4ac70d0c9ae387e110c55a0cb23ad213cc26527a34b9,9b86f482c26abf44a6da4ac70d0c9ae387e110c55a0cb23ad213cc26527a34b9,unchanged
swd3-native-menu-probe/tools/ghidra/ReportHdBattlePlayerAiModEnableTiming.py,research/active/swd3-native-menu-probe/tools/ghidra/ReportHdBattlePlayerAiModEnableTiming.py,1773,4f57af254e81177a9925eb2ccf322067b9a44c934536934d68c6f5c43618f5bd,1773,4f57af254e81177a9925eb2ccf322067b9a44c934536934d68c6f5c43618f5bd,4f57af254e81177a9925eb2ccf322067b9a44c934536934d68c6f5c43618f5bd,unchanged
swd3-native-menu-probe/tools/ghidra/ReportHdBattlePlayerAiModInitializerCallers.py,research/active/swd3-native-menu-probe/tools/ghidra/ReportHdBattlePlayerAiModInitializerCallers.py,1153,e0a1f0686a98e0cab618b6192aab3ac52d0a78f4f25a092796d3568a27728b37,1153,e0a1f0686a98e0cab618b6192aab3ac52d0a78f4f25a092796d3568a27728b37,e0a1f0686a98e0cab618b6192aab3ac52d0a78f4f25a092796d3568a27728b37,unchanged
swd3-native-menu-probe/tools/ghidra/ReportHdBattlePlayerAiTiming.py,research/active/swd3-native-menu-probe/tools/ghidra/ReportHdBattlePlayerAiTiming.py,1617,7a9ff733ec9b86bca30831340d48afc832bfd2c53b67f1bc293287783627f12d,1617,7a9ff733ec9b86bca30831340d48afc832bfd2c53b67f1bc293287783627f12d,7a9ff733ec9b86bca30831340d48afc832bfd2c53b67f1bc293287783627f12d,unchanged
swd3-native-menu-probe/tools/ghidra/ReportHdBattleStateBindings.py,research/active/swd3-native-menu-probe/tools/ghidra/ReportHdBattleStateBindings.py,1713,bfe16f1ad9ed7a24a062d18e78381782c3b5b7662e6aff6ab356534757110a63,1713,bfe16f1ad9ed7a24a062d18e78381782c3b5b7662e6aff6ab356534757110a63,bfe16f1ad9ed7a24a062d18e78381782c3b5b7662e6aff6ab356534757110a63,unchanged
swd3-native-menu-probe/tools/ghidra/ReportHdBscObsoltBridge.py,research/active/swd3-native-menu-probe/tools/ghidra/ReportHdBscObsoltBridge.py,1253,97ebd4689c6bb783aeb48d02f504a6e607b56d188ec295c67065c4ab85eb20c6,1253,97ebd4689c6bb783aeb48d02f504a6e607b56d188ec295c67065c4ab85eb20c6,97ebd4689c6bb783aeb48d02f504a6e607b56d188ec295c67065c4ab85eb20c6,unchanged
swd3-native-menu-probe/tools/ghidra/ReportHdCaptureUiEligibility.py,research/active/swd3-native-menu-probe/tools/ghidra/ReportHdCaptureUiEligibility.py,2853,2f69be7cc37f0962e136c583fbb9e9cfc90a63720acf6bafad6f79136985a3ff,2853,2f69be7cc37f0962e136c583fbb9e9cfc90a63720acf6bafad6f79136985a3ff,2f69be7cc37f0962e136c583fbb9e9cfc90a63720acf6bafad6f79136985a3ff,unchanged
swd3-native-menu-probe/tools/ghidra/ReportHdCriticalFlagUses.py,research/active/swd3-native-menu-probe/tools/ghidra/ReportHdCriticalFlagUses.py,1569,a51dc9aa02cc0d2fedaaabf5270266ae440279acc5b3c56b8c840e50f63938ee,1569,a51dc9aa02cc0d2fedaaabf5270266ae440279acc5b3c56b8c840e50f63938ee,a51dc9aa02cc0d2fedaaabf5270266ae440279acc5b3c56b8c840e50f63938ee,unchanged
swd3-native-menu-probe/tools/ghidra/ReportHdCriticalHitPath.py,research/active/swd3-native-menu-probe/tools/ghidra/ReportHdCriticalHitPath.py,1470,c1ed184d22121b502765edb83cf9b31b6910b820aac9e14142b9b81bb9332291,1470,c1ed184d22121b502765edb83cf9b31b6910b820aac9e14142b9b81bb9332291,c1ed184d22121b502765edb83cf9b31b6910b820aac9e14142b9b81bb9332291,unchanged
swd3-native-menu-probe/tools/ghidra/ReportHdDamageCompletionEvents.py,research/active/swd3-native-menu-probe/tools/ghidra/ReportHdDamageCompletionEvents.py,1799,da5839d38364f4c96336b11bea1ca305a569abe1cd657effec205d0747bf5c5e,1799,da5839d38364f4c96336b11bea1ca305a569abe1cd657effec205d0747bf5c5e,da5839d38364f4c96336b11bea1ca305a569abe1cd657effec205d0747bf5c5e,unchanged
swd3-native-menu-probe/tools/ghidra/ReportHdInputDispatcherCallers.py,research/active/swd3-native-menu-probe/tools/ghidra/ReportHdInputDispatcherCallers.py,1251,60e8e6da5aab9ba7c78f76e1af4e1a6cfbff2b884ab8a6b5d596c751504af5fe,1251,60e8e6da5aab9ba7c78f76e1af4e1a6cfbff2b884ab8a6b5d596c751504af5fe,60e8e6da5aab9ba7c78f76e1af4e1a6cfbff2b884ab8a6b5d596c751504af5fe,unchanged
swd3-native-menu-probe/tools/ghidra/ReportHdNpcDataFlagBindings.py,research/active/swd3-native-menu-probe/tools/ghidra/ReportHdNpcDataFlagBindings.py,1975,8be3e15e7b1af23aa202ebf64cfdc220d84988ad1952b8b6288c62b23d9117a3,1975,8be3e15e7b1af23aa202ebf64cfdc220d84988ad1952b8b6288c62b23d9117a3,8be3e15e7b1af23aa202ebf64cfdc220d84988ad1952b8b6288c62b23d9117a3,unchanged
swd3-native-menu-probe/tools/ghidra/ReportHdNpcItemTypeBindingDetails.py,research/active/swd3-native-menu-probe/tools/ghidra/ReportHdNpcItemTypeBindingDetails.py,1244,4de6e9f4129935d6d27829eba438189c55ec50374aa6a831a00d0d23e2d1a2c8,1244,4de6e9f4129935d6d27829eba438189c55ec50374aa6a831a00d0d23e2d1a2c8,4de6e9f4129935d6d27829eba438189c55ec50374aa6a831a00d0d23e2d1a2c8,unchanged
swd3-native-menu-probe/tools/ghidra/ReportHdPostDamageDispatcherWindow.py,research/active/swd3-native-menu-probe/tools/ghidra/ReportHdPostDamageDispatcherWindow.py,2498,53ee3b85dd9f63b4f4bf361c44a4afdf3de67f8337b45bbfd2304c7d77eef0cd,2498,53ee3b85dd9f63b4f4bf361c44a4afdf3de67f8337b45bbfd2304c7d77eef0cd,53ee3b85dd9f63b4f4bf361c44a4afdf3de67f8337b45bbfd2304c7d77eef0cd,unchanged
swd3-native-menu-probe/tools/ghidra/ReportHdQueuedActionLuaExposure.py,research/active/swd3-native-menu-probe/tools/ghidra/ReportHdQueuedActionLuaExposure.py,2504,430fd08b2d23dc5a1ef701fb41c36b193dc937bcedec44022ef512c9c5edd71a,2504,430fd08b2d23dc5a1ef701fb41c36b193dc937bcedec44022ef512c9c5edd71a,430fd08b2d23dc5a1ef701fb41c36b193dc937bcedec44022ef512c9c5edd71a,unchanged
swd3-native-menu-probe/tools/ghidra/SummarizeHdCallbackHelpers.py,research/active/swd3-native-menu-probe/tools/ghidra/SummarizeHdCallbackHelpers.py,1853,50decc4be7acc3cbf648b0b825c1e5c59b1c9b38214bc2529610f7c353bbe5ac,1853,50decc4be7acc3cbf648b0b825c1e5c59b1c9b38214bc2529610f7c353bbe5ac,50decc4be7acc3cbf648b0b825c1e5c59b1c9b38214bc2529610f7c353bbe5ac,unchanged
swd3-native-menu-probe/tools/ghidra/__pycache__/DecompileHdAlternateBattleDispatch.cpython-312.pyc,research/active/swd3-native-menu-probe/tools/ghidra/__pycache__/DecompileHdAlternateBattleDispatch.cpython-312.pyc,3299,9429bb769337c696bc041905baf2e0315ff62f5c179fcc94d5a4202db7e56be0,3299,9429bb769337c696bc041905baf2e0315ff62f5c179fcc94d5a4202db7e56be0,9429bb769337c696bc041905baf2e0315ff62f5c179fcc94d5a4202db7e56be0,unchanged
swd3-native-menu-probe/tools/ghidra/__pycache__/DecompileHdBattleLuaBindings.cpython-312.pyc,research/active/swd3-native-menu-probe/tools/ghidra/__pycache__/DecompileHdBattleLuaBindings.cpython-312.pyc,1390,339aab1a91004596b61c64c08bd6cbf7d52b1d024415bc727bbca56fe6f1c364,1390,339aab1a91004596b61c64c08bd6cbf7d52b1d024415bc727bbca56fe6f1c364,339aab1a91004596b61c64c08bd6cbf7d52b1d024415bc727bbca56fe6f1c364,unchanged
swd3-native-menu-probe/tools/ghidra/__pycache__/ReportHdAction6PreDispatch.cpython-312.pyc,research/active/swd3-native-menu-probe/tools/ghidra/__pycache__/ReportHdAction6PreDispatch.cpython-312.pyc,2456,a2ddb380a720ab7a5aaea1af742c518fe9a8b9225cec63999bfc50cac04dfd92,2456,a2ddb380a720ab7a5aaea1af742c518fe9a8b9225cec63999bfc50cac04dfd92,a2ddb380a720ab7a5aaea1af742c518fe9a8b9225cec63999bfc50cac04dfd92,unchanged
swd3-native-menu-probe/tools/ghidra/__pycache__/ReportHdBattleAfterStateRefs.cpython-312.pyc,research/active/swd3-native-menu-probe/tools/ghidra/__pycache__/ReportHdBattleAfterStateRefs.cpython-312.pyc,2719,c9be7f3619dab50dd391df18c72ca41c1d18e83e05535c81b0a4474ef800cd4c,2719,c9be7f3619dab50dd391df18c72ca41c1d18e83e05535c81b0a4474ef800cd4c,c9be7f3619dab50dd391df18c72ca41c1d18e83e05535c81b0a4474ef800cd4c,unchanged
swd3-native-menu-probe/tools/ghidra/__pycache__/ReportHdBattleDrawBgiTiming.cpython-312.pyc,research/active/swd3-native-menu-probe/tools/ghidra/__pycache__/ReportHdBattleDrawBgiTiming.cpython-312.pyc,5432,cd96321b22c3b47838403df3170e5c5718817628ba2e73324afc3b7050e5871d,5432,cd96321b22c3b47838403df3170e5c5718817628ba2e73324afc3b7050e5871d,cd96321b22c3b47838403df3170e5c5718817628ba2e73324afc3b7050e5871d,unchanged
swd3-native-menu-probe/tools/ghidra/__pycache__/ReportHdBattleEventStringRefs.cpython-312.pyc,research/active/swd3-native-menu-probe/tools/ghidra/__pycache__/ReportHdBattleEventStringRefs.cpython-312.pyc,3271,2955836ee3d26b90e993cd0a90ee72ce5ab24f4d4023bc37ffc7b0dd8f9f8e15,3271,2955836ee3d26b90e993cd0a90ee72ce5ab24f4d4023bc37ffc7b0dd8f9f8e15,2955836ee3d26b90e993cd0a90ee72ce5ab24f4d4023bc37ffc7b0dd8f9f8e15,unchanged
swd3-native-menu-probe/tools/ghidra/__pycache__/ReportHdBattleInputEventConditions.cpython-312.pyc,research/active/swd3-native-menu-probe/tools/ghidra/__pycache__/ReportHdBattleInputEventConditions.cpython-312.pyc,2661,622a379c1cb889a627332589cef156c2303ff3e68339e50902c26c6f5491e0cd,2661,622a379c1cb889a627332589cef156c2303ff3e68339e50902c26c6f5491e0cd,622a379c1cb889a627332589cef156c2303ff3e68339e50902c26c6f5491e0cd,unchanged
swd3-native-menu-probe/tools/ghidra/__pycache__/ReportHdBattlePlayerActionStateSplit.cpython-312.pyc,research/active/swd3-native-menu-probe/tools/ghidra/__pycache__/ReportHdBattlePlayerActionStateSplit.cpython-312.pyc,1520,3250ef967b29d1e50bcd24e1f9d46b1fcc5a4521665eb0bce8b99a37118843ad,1520,3250ef967b29d1e50bcd24e1f9d46b1fcc5a4521665eb0bce8b99a37118843ad,3250ef967b29d1e50bcd24e1f9d46b1fcc5a4521665eb0bce8b99a37118843ad,unchanged
swd3-native-menu-probe/tools/ghidra/__pycache__/ReportHdBattlePlayerAiTiming.cpython-312.pyc,research/active/swd3-native-menu-probe/tools/ghidra/__pycache__/ReportHdBattlePlayerAiTiming.cpython-312.pyc,2142,3057fa6046fea9c8ed46a4ab6a8fb121aa97568fe2a79636ca1b1edb872bec9b,2142,3057fa6046fea9c8ed46a4ab6a8fb121aa97568fe2a79636ca1b1edb872bec9b,3057fa6046fea9c8ed46a4ab6a8fb121aa97568fe2a79636ca1b1edb872bec9b,unchanged
swd3-native-menu-probe/tools/ghidra/__pycache__/ReportHdBattleStateBindings.cpython-312.pyc,research/active/swd3-native-menu-probe/tools/ghidra/__pycache__/ReportHdBattleStateBindings.cpython-312.pyc,2147,6be56fd5a291c37c1f949fef8e2de52ae417016065024958995217340d8c69f1,2147,6be56fd5a291c37c1f949fef8e2de52ae417016065024958995217340d8c69f1,6be56fd5a291c37c1f949fef8e2de52ae417016065024958995217340d8c69f1,unchanged
swd3-native-menu-probe/tools/ghidra/__pycache__/ReportHdCaptureUiEligibility.cpython-312.pyc,research/active/swd3-native-menu-probe/tools/ghidra/__pycache__/ReportHdCaptureUiEligibility.cpython-312.pyc,3579,92dd0dba5577523077a5343b5650a205df0f6bd5cfb13573f2abe3a6de40b191,3579,92dd0dba5577523077a5343b5650a205df0f6bd5cfb13573f2abe3a6de40b191,92dd0dba5577523077a5343b5650a205df0f6bd5cfb13573f2abe3a6de40b191,unchanged
swd3-native-menu-probe/tools/ghidra/__pycache__/ReportHdNpcItemTypeBindingDetails.cpython-312.pyc,research/active/swd3-native-menu-probe/tools/ghidra/__pycache__/ReportHdNpcItemTypeBindingDetails.cpython-312.pyc,1730,6694f5f193bc1b649df5f24da3126e1c71fe38989421897164e211cb10affeef,1730,6694f5f193bc1b649df5f24da3126e1c71fe38989421897164e211cb10affeef,6694f5f193bc1b649df5f24da3126e1c71fe38989421897164e211cb10affeef,unchanged
swd3-native-menu-probe/tools/ghidra/__pycache__/ReportHdQueuedActionLuaExposure.cpython-312.pyc,research/active/swd3-native-menu-probe/tools/ghidra/__pycache__/ReportHdQueuedActionLuaExposure.cpython-312.pyc,2895,eed33fd288f0cd18d3b626a5a9f32a8b9cb8e1ab4faef6cfca755f391ccfcf45,2895,eed33fd288f0cd18d3b626a5a9f32a8b9cb8e1ab4faef6cfca755f391ccfcf45,eed33fd288f0cd18d3b626a5a9f32a8b9cb8e1ab4faef6cfca755f391ccfcf45,unchanged
swd3-native-menu-probe/tools/ghidra/__pycache__/SummarizeHdCallbackHelpers.cpython-312.pyc,research/active/swd3-native-menu-probe/tools/ghidra/__pycache__/SummarizeHdCallbackHelpers.cpython-312.pyc,2421,6bf654b363e3fbcd574bbc6adc7d43f0f7dec4e4e872b01765dc663c5c683ef2,2421,6bf654b363e3fbcd574bbc6adc7d43f0f7dec4e4e872b01765dc663c5c683ef2,6bf654b363e3fbcd574bbc6adc7d43f0f7dec4e4e872b01765dc663c5c683ef2,unchanged
swd3-native-menu-probe/verify-esc-close/swd3_native_menu_probe.ext,research/active/swd3-native-menu-probe/verify-esc-close/swd3_native_menu_probe.ext,434,99c9f2ba95d4b1261e92be86dff8876cba7cb25b6e941b152ad00acf6ba637f2,434,99c9f2ba95d4b1261e92be86dff8876cba7cb25b6e941b152ad00acf6ba637f2,99c9f2ba95d4b1261e92be86dff8876cba7cb25b6e941b152ad00acf6ba637f2,unchanged
swd3-native-menu-probe/verify-esc-close/swd3_native_menu_probe.ssmod,research/active/swd3-native-menu-probe/verify-esc-close/swd3_native_menu_probe.ssmod,2266,2c124ca9b9c6831cc567da17dbbdd296e254c676514bb16718a2d54af068caa8,2266,2c124ca9b9c6831cc567da17dbbdd296e254c676514bb16718a2d54af068caa8,2c124ca9b9c6831cc567da17dbbdd296e254c676514bb16718a2d54af068caa8,unchanged
swd3-native-menu-probe/verify-esc-close/out_data/NativeMenuProbe.lua,research/active/swd3-native-menu-probe/verify-esc-close/out_data/NativeMenuProbe.lua,3025,5ab067deea9bd7e3cbf907dcc543c630b299bb67be47ae90038449743b17988d,3025,5ab067deea9bd7e3cbf907dcc543c630b299bb67be47ae90038449743b17988d,5ab067deea9bd7e3cbf907dcc543c630b299bb67be47ae90038449743b17988d,unchanged
swd3-native-loader-probe/.gitignore,research/active/swd3-native-loader-probe/.gitignore,95,092e8f75f94270612ec252828cc79810e6332234c31e8e19caa98396f970e670,95,092e8f75f94270612ec252828cc79810e6332234c31e8e19caa98396f970e670,092e8f75f94270612ec252828cc79810e6332234c31e8e19caa98396f970e670,unchanged
swd3-native-loader-probe/README.md,research/active/swd3-native-loader-probe/README.md,6841,f6235432661bcff7dafbd1e0cdd71cf84ddc5482e722604e0dd0dbfb9c6ac522,6869,d671c0c4052f55f281eece63c00ae2a9b813a4d010d92bdd289148b9f2ec776a,7b584ecc303a1f2efd53815370dac5266183bdbedc20e6494a1e41a518cdf75b,document edit
swd3-native-loader-probe/native-analysis/ghidra-project/SWD3Loader.gpr,research/active/swd3-native-loader-probe/native-analysis/ghidra-project/SWD3Loader.gpr,0,e3b0c44298fc1c149afbf4c8996fb92427ae41e4649b934ca495991b7852b855,0,e3b0c44298fc1c149afbf4c8996fb92427ae41e4649b934ca495991b7852b855,e3b0c44298fc1c149afbf4c8996fb92427ae41e4649b934ca495991b7852b855,unchanged
swd3-native-loader-probe/native-analysis/ghidra-project/SWD3Loader.rep/project.prp,research/active/swd3-native-loader-probe/native-analysis/ghidra-project/SWD3Loader.rep/project.prp,163,b1ab431b8555399e1ba8947d8d99e694136f4407e216f07fd41cc543863786e7,163,b1ab431b8555399e1ba8947d8d99e694136f4407e216f07fd41cc543863786e7,b1ab431b8555399e1ba8947d8d99e694136f4407e216f07fd41cc543863786e7,unchanged
swd3-native-loader-probe/native-analysis/ghidra-project/SWD3Loader.rep/idata/~index.bak,research/active/swd3-native-loader-probe/native-analysis/ghidra-project/SWD3Loader.rep/idata/~index.bak,112,1424be0d53ea0a36cc85ecfd0f000ddb227da312fa46190c2b7bd43ad406f57d,112,1424be0d53ea0a36cc85ecfd0f000ddb227da312fa46190c2b7bd43ad406f57d,1424be0d53ea0a36cc85ecfd0f000ddb227da312fa46190c2b7bd43ad406f57d,unchanged
swd3-native-loader-probe/native-analysis/ghidra-project/SWD3Loader.rep/idata/~index.dat,research/active/swd3-native-loader-probe/native-analysis/ghidra-project/SWD3Loader.rep/idata/~index.dat,112,1424be0d53ea0a36cc85ecfd0f000ddb227da312fa46190c2b7bd43ad406f57d,112,1424be0d53ea0a36cc85ecfd0f000ddb227da312fa46190c2b7bd43ad406f57d,1424be0d53ea0a36cc85ecfd0f000ddb227da312fa46190c2b7bd43ad406f57d,unchanged
swd3-native-loader-probe/native-analysis/ghidra-project/SWD3Loader.rep/idata/00/00000000.prp,research/active/swd3-native-loader-probe/native-analysis/ghidra-project/SWD3Loader.rep/idata/00/00000000.prp,498,19bd45538146eeac2b4fcb8e0670e749204404ccecde8d0660286587579880d6,498,19bd45538146eeac2b4fcb8e0670e749204404ccecde8d0660286587579880d6,19bd45538146eeac2b4fcb8e0670e749204404ccecde8d0660286587579880d6,unchanged
swd3-native-loader-probe/native-analysis/ghidra-project/SWD3Loader.rep/idata/00/~00000000.db/db.7.gbf,research/active/swd3-native-loader-probe/native-analysis/ghidra-project/SWD3Loader.rep/idata/00/~00000000.db/db.7.gbf,30146560,3915544dbc34fa99acca74d9b5a349a1b04f2dace0340e593452246534672e68,30146560,3915544dbc34fa99acca74d9b5a349a1b04f2dace0340e593452246534672e68,3915544dbc34fa99acca74d9b5a349a1b04f2dace0340e593452246534672e68,unchanged
swd3-native-loader-probe/native-analysis/ghidra-project/SWD3Loader.rep/idata/00/~00000000.db/db.8.gbf,research/active/swd3-native-loader-probe/native-analysis/ghidra-project/SWD3Loader.rep/idata/00/~00000000.db/db.8.gbf,30146560,3d2d038c1730a63b17739e8b2deaf30ff9b441874d2e9b71d4cab33672b5ebc4,30146560,3d2d038c1730a63b17739e8b2deaf30ff9b441874d2e9b71d4cab33672b5ebc4,3d2d038c1730a63b17739e8b2deaf30ff9b441874d2e9b71d4cab33672b5ebc4,unchanged
swd3-native-loader-probe/native-analysis/ghidra-project/SWD3Loader.rep/user/~index.dat,research/active/swd3-native-loader-probe/native-analysis/ghidra-project/SWD3Loader.rep/user/~index.dat,63,afed071b228a87fbbb18d8bf39667792d6912c1d1ad2ea2f4f41dac320db8b2f,63,afed071b228a87fbbb18d8bf39667792d6912c1d1ad2ea2f4f41dac320db8b2f,afed071b228a87fbbb18d8bf39667792d6912c1d1ad2ea2f4f41dac320db8b2f,unchanged
swd3-native-loader-probe/native-analysis/ghidra-project/SWD3Loader.rep/versioned/~index.bak,research/active/swd3-native-loader-probe/native-analysis/ghidra-project/SWD3Loader.rep/versioned/~index.bak,63,afed071b228a87fbbb18d8bf39667792d6912c1d1ad2ea2f4f41dac320db8b2f,63,afed071b228a87fbbb18d8bf39667792d6912c1d1ad2ea2f4f41dac320db8b2f,afed071b228a87fbbb18d8bf39667792d6912c1d1ad2ea2f4f41dac320db8b2f,unchanged
swd3-native-loader-probe/native-analysis/ghidra-project/SWD3Loader.rep/versioned/~index.dat,research/active/swd3-native-loader-probe/native-analysis/ghidra-project/SWD3Loader.rep/versioned/~index.dat,63,afed071b228a87fbbb18d8bf39667792d6912c1d1ad2ea2f4f41dac320db8b2f,63,afed071b228a87fbbb18d8bf39667792d6912c1d1ad2ea2f4f41dac320db8b2f,afed071b228a87fbbb18d8bf39667792d6912c1d1ad2ea2f4f41dac320db8b2f,unchanged
swd3-native-loader-probe/native-analysis/input/Steamworks.NET.dll,research/active/swd3-native-loader-probe/native-analysis/input/Steamworks.NET.dll,381440,cfc3db8edbb2a1bb5a23fa045bb3f30c959068df147b01fc34291f7e0c71029f,381440,cfc3db8edbb2a1bb5a23fa045bb3f30c959068df147b01fc34291f7e0c71029f,cfc3db8edbb2a1bb5a23fa045bb3f30c959068df147b01fc34291f7e0c71029f,unchanged
swd3-native-loader-probe/native-analysis/input/swd3.exe,research/active/swd3-native-loader-probe/native-analysis/input/swd3.exe,2227712,63f1d83d8c3a756d17640d9022e19f8928741b091f0e47abbdb22c0ccf6c9523,2227712,63f1d83d8c3a756d17640d9022e19f8928741b091f0e47abbdb22c0ccf6c9523,63f1d83d8c3a756d17640d9022e19f8928741b091f0e47abbdb22c0ccf6c9523,unchanged
swd3-native-loader-probe/native-analysis/input/SWD3Works.exe,research/active/swd3-native-loader-probe/native-analysis/input/SWD3Works.exe,484864,756d9e2f9866ec335f8a536b9ed0de2869bbe83ff3d5bf468e0f8a2e3c0330fa,484864,756d9e2f9866ec335f8a536b9ed0de2869bbe83ff3d5bf468e0f8a2e3c0330fa,756d9e2f9866ec335f8a536b9ed0de2869bbe83ff3d5bf468e0f8a2e3c0330fa,unchanged
swd3-native-loader-probe/native-analysis/reports/input-fingerprints.txt,research/active/swd3-native-loader-probe/native-analysis/reports/input-fingerprints.txt,1087,e4b8e145e4188166e4622d48c57aaf2f5cc5c3206549cd5a00f0e899e3105bc0,1087,e4b8e145e4188166e4622d48c57aaf2f5cc5c3206549cd5a00f0e899e3105bc0,e4b8e145e4188166e4622d48c57aaf2f5cc5c3206549cd5a00f0e899e3105bc0,unchanged
swd3-native-loader-probe/native-analysis/reports/swd3-lua-package-loadlib-exposure.txt,research/active/swd3-native-loader-probe/native-analysis/reports/swd3-lua-package-loadlib-exposure.txt,9769,fc3cd76f063557907cbd92a490f15a5be953393efeb7135ab532b3ffd621c89e,9769,fc3cd76f063557907cbd92a490f15a5be953393efeb7135ab532b3ffd621c89e,fc3cd76f063557907cbd92a490f15a5be953393efeb7135ab532b3ffd621c89e,unchanged
swd3-native-loader-probe/native-analysis/reports/swd3-native-loader-control-flow.txt,research/active/swd3-native-loader-probe/native-analysis/reports/swd3-native-loader-control-flow.txt,168885,e854fddf14a13c5fe893820586dd666628c7c3cf35ae58b8062bd8270c69fb50,168885,e854fddf14a13c5fe893820586dd666628c7c3cf35ae58b8062bd8270c69fb50,e854fddf14a13c5fe893820586dd666628c7c3cf35ae58b8062bd8270c69fb50,unchanged
swd3-native-loader-probe/native-analysis/reports/swd3-native-loader-report.txt,research/active/swd3-native-loader-probe/native-analysis/reports/swd3-native-loader-report.txt,32147,7dadba5b768af9c166bf0488a5493afa9d958099e3b86cd2de2a2341995ae327,32147,7dadba5b768af9c166bf0488a5493afa9d958099e3b86cd2de2a2341995ae327,7dadba5b768af9c166bf0488a5493afa9d958099e3b86cd2de2a2341995ae327,unchanged
swd3-native-loader-probe/native-analysis/reports/swd3-native-module-api-xrefs.txt,research/active/swd3-native-loader-probe/native-analysis/reports/swd3-native-module-api-xrefs.txt,11613,6e76c304a36c3198d33e1db6de46139ff35d6462b22fd119c51a24f7c06aaa9d,11613,6e76c304a36c3198d33e1db6de46139ff35d6462b22fd119c51a24f7c06aaa9d,6e76c304a36c3198d33e1db6de46139ff35d6462b22fd119c51a24f7c06aaa9d,unchanged
swd3-native-loader-probe/native-analysis/reports/swd3-pe-imports-and-loader-strings.txt,research/active/swd3-native-loader-probe/native-analysis/reports/swd3-pe-imports-and-loader-strings.txt,571,468e1dcec1f68d0217bf397b5a0bd2926a2f90460397fe9c7ef3006b1787a34a,571,468e1dcec1f68d0217bf397b5a0bd2926a2f90460397fe9c7ef3006b1787a34a,468e1dcec1f68d0217bf397b5a0bd2926a2f90460397fe9c7ef3006b1787a34a,unchanged
swd3-native-loader-probe/native-analysis/reports/swd3works-managed-inventory.txt,research/active/swd3-native-loader-probe/native-analysis/reports/swd3works-managed-inventory.txt,6084,3ca9d11bc67b61e7615b2e7f1109ae3f66078030fa7276fb22a9742baae839a2,6084,3ca9d11bc67b61e7615b2e7f1109ae3f66078030fa7276fb22a9742baae839a2,3ca9d11bc67b61e7615b2e7f1109ae3f66078030fa7276fb22a9742baae839a2,unchanged
swd3-native-loader-probe/scripts/Get-PeImports.py,research/active/swd3-native-loader-probe/scripts/Get-PeImports.py,4155,ed9155916ea705165b17d2b1a4c2b9835a9c2cd7f73109d92a0c8d9fc2edb2f7,4155,ed9155916ea705165b17d2b1a4c2b9835a9c2cd7f73109d92a0c8d9fc2edb2f7,ed9155916ea705165b17d2b1a4c2b9835a9c2cd7f73109d92a0c8d9fc2edb2f7,unchanged
swd3-native-loader-probe/scripts/Get-Swd3WorksManagedInventory.ps1,research/active/swd3-native-loader-probe/scripts/Get-Swd3WorksManagedInventory.ps1,2774,0c9ccef3cb96b73cff794f3fe674c2b1e7c32a1e36aab54708a34aeca74c2d2f,2774,0c9ccef3cb96b73cff794f3fe674c2b1e7c32a1e36aab54708a34aeca74c2d2f,0c9ccef3cb96b73cff794f3fe674c2b1e7c32a1e36aab54708a34aeca74c2d2f,unchanged
swd3-native-loader-probe/scripts/Invoke-LoaderStaticAnalysis.ps1,research/active/swd3-native-loader-probe/scripts/Invoke-LoaderStaticAnalysis.ps1,5207,8da1cb05d64e74d11b233ac64003be7f87ee3de1658090a5055709fbf41b8791,5734,3676271d1929d0152b8032fc2fa317a1b041441440845c06826439e55853d87e,294ed11cefc99e8656796c0ff407eef7f06f65c98c724f22165b0b7a9c18cd56,tool path fix
swd3-native-loader-probe/scripts/ghidra/DecompileHdModLoaderControlFlow.py,research/active/swd3-native-loader-probe/scripts/ghidra/DecompileHdModLoaderControlFlow.py,1177,93ce77e3904eb39a7f62e2ae0f2330511e364cc49acd83f670282ebe1c1db206,1177,93ce77e3904eb39a7f62e2ae0f2330511e364cc49acd83f670282ebe1c1db206,93ce77e3904eb39a7f62e2ae0f2330511e364cc49acd83f670282ebe1c1db206,unchanged
swd3-native-loader-probe/scripts/ghidra/ReportHdLuaPackageLoadlib.py,research/active/swd3-native-loader-probe/scripts/ghidra/ReportHdLuaPackageLoadlib.py,1182,693172fdd6dbbffb36b06fdf66b497173c16df6d5862368569607d024754c268,1182,693172fdd6dbbffb36b06fdf66b497173c16df6d5862368569607d024754c268,693172fdd6dbbffb36b06fdf66b497173c16df6d5862368569607d024754c268,unchanged
swd3-native-loader-probe/scripts/ghidra/ReportHdModLoader.py,research/active/swd3-native-loader-probe/scripts/ghidra/ReportHdModLoader.py,4014,19869ce13a4551e4f06e8512425bff12c5780898cdc9ea4f99ef8bb08aa28033,4014,19869ce13a4551e4f06e8512425bff12c5780898cdc9ea4f99ef8bb08aa28033,19869ce13a4551e4f06e8512425bff12c5780898cdc9ea4f99ef8bb08aa28033,unchanged
swd3-native-loader-probe/scripts/ghidra/ReportHdModuleApiXrefs.py,research/active/swd3-native-loader-probe/scripts/ghidra/ReportHdModuleApiXrefs.py,2079,cd0f1441ac706a12d8dee4d1e754fc1202ddd38b5b942b2d1222ff602fb288e4,2079,cd0f1441ac706a12d8dee4d1e754fc1202ddd38b5b942b2d1222ff602fb288e4,cd0f1441ac706a12d8dee4d1e754fc1202ddd38b5b942b2d1222ff602fb288e4,unchanged
swd3-capture-command-timing-probe/EVIDENCE.md,research/active/swd3-capture-command-timing-probe/EVIDENCE.md,,,32315,ef98459fe4d6ad8ea756c4bf97777a924dbde6b9fc30b6115819db779269e0e7,a345d0398990bdf2eeb3cf4da5fad3b0217abff3c73ae0db6cb86a73bca92f12,new split evidence
swd3-capture-command-timing-probe/README.md,research/active/swd3-capture-command-timing-probe/README.md,10195,d8527ead2d84e512586d843381a3fd6ceefe123a80dea6cea0c483ed06f1c0ed,10326,72f3d3ac4fb3e8ee301ea61829c946a1513de285204dbf8c3ecd96d3372b4286,90d6af1d4c4c35a0ff987960d89ee8f5f22f64e0825f7805c972af31e25c082c,document edit
swd3-capture-command-timing-probe/src/swd3_capture_command_timing_probe.ext,research/active/swd3-capture-command-timing-probe/src/swd3_capture_command_timing_probe.ext,409,8db797d3d63e74b50cf859f7c9a913883283c437f305384e4c677ac6acb5027a,409,8db797d3d63e74b50cf859f7c9a913883283c437f305384e4c677ac6acb5027a,8db797d3d63e74b50cf859f7c9a913883283c437f305384e4c677ac6acb5027a,unchanged
swd3-capture-command-timing-probe/src/data/CaptureCommandTimingProbe.lua,research/active/swd3-capture-command-timing-probe/src/data/CaptureCommandTimingProbe.lua,16279,23c5a827dad2e226603224fc152e11282b9727eea16ef2ee2a4a708c77912082,16279,23c5a827dad2e226603224fc152e11282b9727eea16ef2ee2a4a708c77912082,23c5a827dad2e226603224fc152e11282b9727eea16ef2ee2a4a708c77912082,unchanged
swd3-capture-command-timing-probe/tests/mock_capture_command_timing_probe.lua,research/active/swd3-capture-command-timing-probe/tests/mock_capture_command_timing_probe.lua,4524,abfec334806e45394f400c5343d6646a7c494d832824da03d4f521a5aa7bde5a,4524,abfec334806e45394f400c5343d6646a7c494d832824da03d4f521a5aa7bde5a,abfec334806e45394f400c5343d6646a7c494d832824da03d4f521a5aa7bde5a,unchanged
swd3-capture-command-timing-probe/tests/run-tests.ps1,research/active/swd3-capture-command-timing-probe/tests/run-tests.ps1,568,efcebf3bfd16f45a28e4dd5fd4bb25ea50850132c8ec8af69342c99c6915e255,568,efcebf3bfd16f45a28e4dd5fd4bb25ea50850132c8ec8af69342c99c6915e255,efcebf3bfd16f45a28e4dd5fd4bb25ea50850132c8ec8af69342c99c6915e255,unchanged
swd3-capture-command-timing-probe/_build_v01/swd3_capture_command_timing_probe.ssmod,research/active/swd3-capture-command-timing-probe/_build_v01/swd3_capture_command_timing_probe.ssmod,2216,7cc85d78284ade213a7f417bfeec9743d4d3432e49672cb04f783c401c5b6b9f,2216,7cc85d78284ade213a7f417bfeec9743d4d3432e49672cb04f783c401c5b6b9f,7cc85d78284ade213a7f417bfeec9743d4d3432e49672cb04f783c401c5b6b9f,unchanged
swd3-capture-command-timing-probe/_build_v02/swd3_capture_command_timing_probe.ssmod,research/active/swd3-capture-command-timing-probe/_build_v02/swd3_capture_command_timing_probe.ssmod,2440,d8edb2b6313d4a1752c417107507cf93ddfb9643eb35d13c0383a7b91d681e9b,2440,d8edb2b6313d4a1752c417107507cf93ddfb9643eb35d13c0383a7b91d681e9b,d8edb2b6313d4a1752c417107507cf93ddfb9643eb35d13c0383a7b91d681e9b,unchanged
swd3-capture-command-timing-probe/_build_v03/swd3_capture_command_timing_probe.ssmod,research/active/swd3-capture-command-timing-probe/_build_v03/swd3_capture_command_timing_probe.ssmod,3857,b41291b781e447bb6963015093c0ad2ca5a4cd6c4454f465e6c717930092aceb,3857,b41291b781e447bb6963015093c0ad2ca5a4cd6c4454f465e6c717930092aceb,b41291b781e447bb6963015093c0ad2ca5a4cd6c4454f465e6c717930092aceb,unchanged
swd3-capture-command-timing-probe/_build_v04/swd3_capture_command_timing_probe.ssmod,research/active/swd3-capture-command-timing-probe/_build_v04/swd3_capture_command_timing_probe.ssmod,4363,99160a91983e8be30970a82a23add79b65857a76f52d8e72ff242e9afba6c2c3,4363,99160a91983e8be30970a82a23add79b65857a76f52d8e72ff242e9afba6c2c3,99160a91983e8be30970a82a23add79b65857a76f52d8e72ff242e9afba6c2c3,unchanged
swd3-capture-command-timing-probe/_build_v05/swd3_capture_command_timing_probe.ssmod,research/active/swd3-capture-command-timing-probe/_build_v05/swd3_capture_command_timing_probe.ssmod,4711,c98f448aca84d583c88c7c2b4b30254a13af47f98f8816fe4fe3796ea3969865,4711,c98f448aca84d583c88c7c2b4b30254a13af47f98f8816fe4fe3796ea3969865,c98f448aca84d583c88c7c2b4b30254a13af47f98f8816fe4fe3796ea3969865,unchanged
swd3-capture-command-timing-probe/_installed-backup-20260905-before-l1/modlist.txt,research/active/swd3-capture-command-timing-probe/_installed-backup-20260905-before-l1/modlist.txt,439,71733b5e8e5210fe25c573c7f7035a13c8300381fadb572e355c320dbd8b9d5c,439,71733b5e8e5210fe25c573c7f7035a13c8300381fadb572e355c320dbd8b9d5c,71733b5e8e5210fe25c573c7f7035a13c8300381fadb572e355c320dbd8b9d5c,unchanged
swd3-capture-command-timing-probe/_installed-backup-20260905-before-l1/swd3_capture_command_timing_probe.ssmod,research/active/swd3-capture-command-timing-probe/_installed-backup-20260905-before-l1/swd3_capture_command_timing_probe.ssmod,4363,99160a91983e8be30970a82a23add79b65857a76f52d8e72ff242e9afba6c2c3,4363,99160a91983e8be30970a82a23add79b65857a76f52d8e72ff242e9afba6c2c3,99160a91983e8be30970a82a23add79b65857a76f52d8e72ff242e9afba6c2c3,unchanged
swd3-capture-command-timing-probe/_verify_v01/swd3_capture_command_timing_probe.ext,research/active/swd3-capture-command-timing-probe/_verify_v01/swd3_capture_command_timing_probe.ext,400,fd63139a3940724ed8a104d396d015acef8de2c9c3829bbcb19487837c610d8a,400,fd63139a3940724ed8a104d396d015acef8de2c9c3829bbcb19487837c610d8a,fd63139a3940724ed8a104d396d015acef8de2c9c3829bbcb19487837c610d8a,unchanged
swd3-capture-command-timing-probe/_verify_v01/swd3_capture_command_timing_probe.ssmod,research/active/swd3-capture-command-timing-probe/_verify_v01/swd3_capture_command_timing_probe.ssmod,2216,7cc85d78284ade213a7f417bfeec9743d4d3432e49672cb04f783c401c5b6b9f,2216,7cc85d78284ade213a7f417bfeec9743d4d3432e49672cb04f783c401c5b6b9f,7cc85d78284ade213a7f417bfeec9743d4d3432e49672cb04f783c401c5b6b9f,unchanged
swd3-capture-command-timing-probe/_verify_v01/out_data/CaptureCommandTimingProbe.lua,research/active/swd3-capture-command-timing-probe/_verify_v01/out_data/CaptureCommandTimingProbe.lua,3608,1ec1d9c12a7dcb97e8d72724841d99df2d29134be46a0c0c0f44b0008d0f1d7f,3608,1ec1d9c12a7dcb97e8d72724841d99df2d29134be46a0c0c0f44b0008d0f1d7f,1ec1d9c12a7dcb97e8d72724841d99df2d29134be46a0c0c0f44b0008d0f1d7f,unchanged
swd3-capture-command-timing-probe/_verify_v02/swd3_capture_command_timing_probe.ext,research/active/swd3-capture-command-timing-probe/_verify_v02/swd3_capture_command_timing_probe.ext,397,37e0879898aac7ea23ab443633c4da9cd5829a0a44da1c9dcb9bef5d72eba201,397,37e0879898aac7ea23ab443633c4da9cd5829a0a44da1c9dcb9bef5d72eba201,37e0879898aac7ea23ab443633c4da9cd5829a0a44da1c9dcb9bef5d72eba201,unchanged
swd3-capture-command-timing-probe/_verify_v02/swd3_capture_command_timing_probe.ssmod,research/active/swd3-capture-command-timing-probe/_verify_v02/swd3_capture_command_timing_probe.ssmod,2440,d8edb2b6313d4a1752c417107507cf93ddfb9643eb35d13c0383a7b91d681e9b,2440,d8edb2b6313d4a1752c417107507cf93ddfb9643eb35d13c0383a7b91d681e9b,d8edb2b6313d4a1752c417107507cf93ddfb9643eb35d13c0383a7b91d681e9b,unchanged
swd3-capture-command-timing-probe/_verify_v02/out_data/CaptureCommandTimingProbe.lua,research/active/swd3-capture-command-timing-probe/_verify_v02/out_data/CaptureCommandTimingProbe.lua,4924,76b83fb486d1282a2a98474fbd8fad62bec6ebcc2c2c499b7697802022e3976e,4924,76b83fb486d1282a2a98474fbd8fad62bec6ebcc2c2c499b7697802022e3976e,76b83fb486d1282a2a98474fbd8fad62bec6ebcc2c2c499b7697802022e3976e,unchanged
swd3-capture-command-timing-probe/_verify_v03/swd3_capture_command_timing_probe.ext,research/active/swd3-capture-command-timing-probe/_verify_v03/swd3_capture_command_timing_probe.ext,392,73cb2658452c0f962d84ebf5dcd2e6e3d6587ac44728d478a2b9a9833511a090,392,73cb2658452c0f962d84ebf5dcd2e6e3d6587ac44728d478a2b9a9833511a090,73cb2658452c0f962d84ebf5dcd2e6e3d6587ac44728d478a2b9a9833511a090,unchanged
swd3-capture-command-timing-probe/_verify_v03/swd3_capture_command_timing_probe.ssmod,research/active/swd3-capture-command-timing-probe/_verify_v03/swd3_capture_command_timing_probe.ssmod,3857,b41291b781e447bb6963015093c0ad2ca5a4cd6c4454f465e6c717930092aceb,3857,b41291b781e447bb6963015093c0ad2ca5a4cd6c4454f465e6c717930092aceb,b41291b781e447bb6963015093c0ad2ca5a4cd6c4454f465e6c717930092aceb,unchanged
swd3-capture-command-timing-probe/_verify_v03/out_data/CaptureCommandTimingProbe.lua,research/active/swd3-capture-command-timing-probe/_verify_v03/out_data/CaptureCommandTimingProbe.lua,12827,a389ebbc9d0594332013c89bc2361468c5db8e4bc67c7570f9129c5980bf2329,12827,a389ebbc9d0594332013c89bc2361468c5db8e4bc67c7570f9129c5980bf2329,a389ebbc9d0594332013c89bc2361468c5db8e4bc67c7570f9129c5980bf2329,unchanged
swd3-capture-command-timing-probe/_verify_v04/swd3_capture_command_timing_probe.ext,research/active/swd3-capture-command-timing-probe/_verify_v04/swd3_capture_command_timing_probe.ext,396,4eb683e1320b8b30f5521ec86a565beb38dcc01b9789e34c2af45e94b3181e71,396,4eb683e1320b8b30f5521ec86a565beb38dcc01b9789e34c2af45e94b3181e71,4eb683e1320b8b30f5521ec86a565beb38dcc01b9789e34c2af45e94b3181e71,unchanged
swd3-capture-command-timing-probe/_verify_v04/swd3_capture_command_timing_probe.ssmod,research/active/swd3-capture-command-timing-probe/_verify_v04/swd3_capture_command_timing_probe.ssmod,4363,99160a91983e8be30970a82a23add79b65857a76f52d8e72ff242e9afba6c2c3,4363,99160a91983e8be30970a82a23add79b65857a76f52d8e72ff242e9afba6c2c3,99160a91983e8be30970a82a23add79b65857a76f52d8e72ff242e9afba6c2c3,unchanged
swd3-capture-command-timing-probe/_verify_v04/out_data/CaptureCommandTimingProbe.lua,research/active/swd3-capture-command-timing-probe/_verify_v04/out_data/CaptureCommandTimingProbe.lua,14705,e732e8d93b29f0703648c44a5ab8d1077254915ab142e9f56c58c6912359b968,14705,e732e8d93b29f0703648c44a5ab8d1077254915ab142e9f56c58c6912359b968,e732e8d93b29f0703648c44a5ab8d1077254915ab142e9f56c58c6912359b968,unchanged
swd3-capture-command-timing-probe/_verify_v05/swd3_capture_command_timing_probe.ext,research/active/swd3-capture-command-timing-probe/_verify_v05/swd3_capture_command_timing_probe.ext,409,8db797d3d63e74b50cf859f7c9a913883283c437f305384e4c677ac6acb5027a,409,8db797d3d63e74b50cf859f7c9a913883283c437f305384e4c677ac6acb5027a,8db797d3d63e74b50cf859f7c9a913883283c437f305384e4c677ac6acb5027a,unchanged
swd3-capture-command-timing-probe/_verify_v05/swd3_capture_command_timing_probe.ssmod,research/active/swd3-capture-command-timing-probe/_verify_v05/swd3_capture_command_timing_probe.ssmod,4711,c98f448aca84d583c88c7c2b4b30254a13af47f98f8816fe4fe3796ea3969865,4711,c98f448aca84d583c88c7c2b4b30254a13af47f98f8816fe4fe3796ea3969865,c98f448aca84d583c88c7c2b4b30254a13af47f98f8816fe4fe3796ea3969865,unchanged
swd3-capture-command-timing-probe/_verify_v05/out_data/CaptureCommandTimingProbe.lua,research/active/swd3-capture-command-timing-probe/_verify_v05/out_data/CaptureCommandTimingProbe.lua,16279,23c5a827dad2e226603224fc152e11282b9727eea16ef2ee2a4a708c77912082,16279,23c5a827dad2e226603224fc152e11282b9727eea16ef2ee2a4a708c77912082,23c5a827dad2e226603224fc152e11282b9727eea16ef2ee2a4a708c77912082,unchanged
swd3-critical-hit-formula-probe/README.md,research/active/swd3-critical-hit-formula-probe/README.md,2896,dfee26c4fa859554daaaefe61c33431459d63644ad2e0de0cee6e66ed8715114,3415,18570b5c3815e57f10a2f994c4dda2b5aa591701f5e7738c0c6a70ab41b12348,94522ba58b063ae0c2ff243677f0b5220c49b30feb5c52ce1b81061512f60f2e,document edit
swd3-critical-hit-formula-probe/src/swd3_critical_hit_formula_probe.ext,research/active/swd3-critical-hit-formula-probe/src/swd3_critical_hit_formula_probe.ext,390,44f05f0a5923de9dd9855dbdb8548f4cf01eab54dbd7377800da8a7db14958e1,390,44f05f0a5923de9dd9855dbdb8548f4cf01eab54dbd7377800da8a7db14958e1,44f05f0a5923de9dd9855dbdb8548f4cf01eab54dbd7377800da8a7db14958e1,unchanged
swd3-critical-hit-formula-probe/src/data/CriticalHitFormulaProbe.lua,research/active/swd3-critical-hit-formula-probe/src/data/CriticalHitFormulaProbe.lua,7386,cbab59d72f6ce11610ac67b4303018ff06b211b6369fb7f9533f08331d52e562,7386,cbab59d72f6ce11610ac67b4303018ff06b211b6369fb7f9533f08331d52e562,cbab59d72f6ce11610ac67b4303018ff06b211b6369fb7f9533f08331d52e562,unchanged
swd3-critical-hit-formula-probe/tests/mock_critical_hit_formula_probe.lua,research/active/swd3-critical-hit-formula-probe/tests/mock_critical_hit_formula_probe.lua,1807,c203e392a89c9bcf5c5d8b9690343fb18c1f88b371d3407597541b5b2b99c25e,1807,c203e392a89c9bcf5c5d8b9690343fb18c1f88b371d3407597541b5b2b99c25e,c203e392a89c9bcf5c5d8b9690343fb18c1f88b371d3407597541b5b2b99c25e,unchanged
swd3-critical-hit-formula-probe/tests/run-tests.ps1,research/active/swd3-critical-hit-formula-probe/tests/run-tests.ps1,560,3f77392af3881028d9cbd24dbb5261eb0fab3d67a07b71aaa250ead1239965fb,560,3f77392af3881028d9cbd24dbb5261eb0fab3d67a07b71aaa250ead1239965fb,3f77392af3881028d9cbd24dbb5261eb0fab3d67a07b71aaa250ead1239965fb,unchanged
swd3-critical-hit-formula-probe/_build_v01/swd3_critical_hit_formula_probe.ssmod,research/active/swd3-critical-hit-formula-probe/_build_v01/swd3_critical_hit_formula_probe.ssmod,2977,93c4eaf0c8979d4a21a4bcc2abc5345e4ed26700ebcaddf56433a176c1873cc1,2977,93c4eaf0c8979d4a21a4bcc2abc5345e4ed26700ebcaddf56433a176c1873cc1,93c4eaf0c8979d4a21a4bcc2abc5345e4ed26700ebcaddf56433a176c1873cc1,unchanged
swd3-critical-hit-formula-probe/_build_v02/swd3_critical_hit_formula_probe.ssmod,research/active/swd3-critical-hit-formula-probe/_build_v02/swd3_critical_hit_formula_probe.ssmod,3227,bcee6e171ba724ca4a57232462d35a1d35ac7642b8cf8d1d75244d23a8d5f74d,3227,bcee6e171ba724ca4a57232462d35a1d35ac7642b8cf8d1d75244d23a8d5f74d,bcee6e171ba724ca4a57232462d35a1d35ac7642b8cf8d1d75244d23a8d5f74d,unchanged
swd3-critical-hit-formula-probe/_verify_v01/swd3_critical_hit_formula_probe.ext,research/active/swd3-critical-hit-formula-probe/_verify_v01/swd3_critical_hit_formula_probe.ext,390,7ed766a3872b6a911e883da9c026f82d4bcbcb4ae3fe32b43824ecf8d9700165,390,7ed766a3872b6a911e883da9c026f82d4bcbcb4ae3fe32b43824ecf8d9700165,7ed766a3872b6a911e883da9c026f82d4bcbcb4ae3fe32b43824ecf8d9700165,unchanged
swd3-critical-hit-formula-probe/_verify_v01/swd3_critical_hit_formula_probe.ssmod,research/active/swd3-critical-hit-formula-probe/_verify_v01/swd3_critical_hit_formula_probe.ssmod,2977,93c4eaf0c8979d4a21a4bcc2abc5345e4ed26700ebcaddf56433a176c1873cc1,2977,93c4eaf0c8979d4a21a4bcc2abc5345e4ed26700ebcaddf56433a176c1873cc1,93c4eaf0c8979d4a21a4bcc2abc5345e4ed26700ebcaddf56433a176c1873cc1,unchanged
swd3-critical-hit-formula-probe/_verify_v01/out_data/CriticalHitFormulaProbe.lua,research/active/swd3-critical-hit-formula-probe/_verify_v01/out_data/CriticalHitFormulaProbe.lua,6435,d468e12023df73dcee4c727fe62a46bbff11a8d152fe0fea20092be2efe52de7,6435,d468e12023df73dcee4c727fe62a46bbff11a8d152fe0fea20092be2efe52de7,d468e12023df73dcee4c727fe62a46bbff11a8d152fe0fea20092be2efe52de7,unchanged
swd3-critical-hit-formula-probe/_verify_v02/swd3_critical_hit_formula_probe.ext,research/active/swd3-critical-hit-formula-probe/_verify_v02/swd3_critical_hit_formula_probe.ext,390,44f05f0a5923de9dd9855dbdb8548f4cf01eab54dbd7377800da8a7db14958e1,390,44f05f0a5923de9dd9855dbdb8548f4cf01eab54dbd7377800da8a7db14958e1,44f05f0a5923de9dd9855dbdb8548f4cf01eab54dbd7377800da8a7db14958e1,unchanged
swd3-critical-hit-formula-probe/_verify_v02/swd3_critical_hit_formula_probe.ssmod,research/active/swd3-critical-hit-formula-probe/_verify_v02/swd3_critical_hit_formula_probe.ssmod,3227,bcee6e171ba724ca4a57232462d35a1d35ac7642b8cf8d1d75244d23a8d5f74d,3227,bcee6e171ba724ca4a57232462d35a1d35ac7642b8cf8d1d75244d23a8d5f74d,bcee6e171ba724ca4a57232462d35a1d35ac7642b8cf8d1d75244d23a8d5f74d,unchanged
swd3-critical-hit-formula-probe/_verify_v02/out_data/CriticalHitFormulaProbe.lua,research/active/swd3-critical-hit-formula-probe/_verify_v02/out_data/CriticalHitFormulaProbe.lua,7386,cbab59d72f6ce11610ac67b4303018ff06b211b6369fb7f9533f08331d52e562,7386,cbab59d72f6ce11610ac67b4303018ff06b211b6369fb7f9533f08331d52e562,cbab59d72f6ce11610ac67b4303018ff06b211b6369fb7f9533f08331d52e562,unchanged
swd3-seth-capture-window-probe/NATIVE-EVENT-AND-CAPTURE-FLOW.md,research/active/swd3-seth-capture-window-probe/NATIVE-EVENT-AND-CAPTURE-FLOW.md,9699,a3c6aea03a67477fabc57844dd7e8b13fe1af2981b1c6fbe674f92a5f41f1315,9699,a3c6aea03a67477fabc57844dd7e8b13fe1af2981b1c6fbe674f92a5f41f1315,4cdc3f05aaf9eb3c8dd869661220fbfe2726a91c44993d12eb019b039dc8c539,document edit
swd3-seth-capture-window-probe/README.md,research/active/swd3-seth-capture-window-probe/README.md,6103,78526e0c20b15f4235c80acd4a956c92ead14658fd59cc71bd7f3ec687e33144,6103,78526e0c20b15f4235c80acd4a956c92ead14658fd59cc71bd7f3ec687e33144,0df9c8b0af214ae62c01640439d71749796fdca1af8271054e9b67cfae5c4d2b,document edit
swd3-seth-capture-window-probe/build/installed-backup-20260905-v01/swd3_seth_capture_window_probe.ssmod,research/active/swd3-seth-capture-window-probe/build/installed-backup-20260905-v01/swd3_seth_capture_window_probe.ssmod,4168,a30178fe6657298a46ec8e99a31ccdeaa0a248daa3b223f0d8ce824eb7a98688,4168,a30178fe6657298a46ec8e99a31ccdeaa0a248daa3b223f0d8ce824eb7a98688,a30178fe6657298a46ec8e99a31ccdeaa0a248daa3b223f0d8ce824eb7a98688,unchanged
swd3-seth-capture-window-probe/build/installed-backup-20260905-v02-before-v03-bgi-audit/swd3_seth_capture_window_probe.ssmod,research/active/swd3-seth-capture-window-probe/build/installed-backup-20260905-v02-before-v03-bgi-audit/swd3_seth_capture_window_probe.ssmod,4785,24bb3cb6cc836a200c5b944adb9a98efbe9283233d60980f02a65fe0ca20b25e,4785,24bb3cb6cc836a200c5b944adb9a98efbe9283233d60980f02a65fe0ca20b25e,24bb3cb6cc836a200c5b944adb9a98efbe9283233d60980f02a65fe0ca20b25e,unchanged
swd3-seth-capture-window-probe/build/installed-backup-20260905-v03-before-v04-bgi-enabled/swd3_seth_capture_window_probe.ssmod,research/active/swd3-seth-capture-window-probe/build/installed-backup-20260905-v03-before-v04-bgi-enabled/swd3_seth_capture_window_probe.ssmod,5325,e87bd8bcf6f40c2e9efe21a814bcdefdc5f21374f7e4161a54c6ea2854daf595,5325,e87bd8bcf6f40c2e9efe21a814bcdefdc5f21374f7e4161a54c6ea2854daf595,e87bd8bcf6f40c2e9efe21a814bcdefdc5f21374f7e4161a54c6ea2854daf595,unchanged
swd3-seth-capture-window-probe/build/installed-backup-20260906-v03-before-v05-input-window/modlist.txt,research/active/swd3-seth-capture-window-probe/build/installed-backup-20260906-v03-before-v05-input-window/modlist.txt,439,50459b496e74c38ee092bef99322897c8bbd6fb51d7323c0557fbb76a2d379ca,439,50459b496e74c38ee092bef99322897c8bbd6fb51d7323c0557fbb76a2d379ca,50459b496e74c38ee092bef99322897c8bbd6fb51d7323c0557fbb76a2d379ca,unchanged
swd3-seth-capture-window-probe/build/installed-backup-20260906-v03-before-v05-input-window/swd3_seth_capture_window_probe.ssmod,research/active/swd3-seth-capture-window-probe/build/installed-backup-20260906-v03-before-v05-input-window/swd3_seth_capture_window_probe.ssmod,5325,e87bd8bcf6f40c2e9efe21a814bcdefdc5f21374f7e4161a54c6ea2854daf595,5325,e87bd8bcf6f40c2e9efe21a814bcdefdc5f21374f7e4161a54c6ea2854daf595,e87bd8bcf6f40c2e9efe21a814bcdefdc5f21374f7e4161a54c6ea2854daf595,unchanged
swd3-seth-capture-window-probe/build/installed-backup-20260906-v05-before-v06-seth-retained/modlist.txt,research/active/swd3-seth-capture-window-probe/build/installed-backup-20260906-v05-before-v06-seth-retained/modlist.txt,439,71733b5e8e5210fe25c573c7f7035a13c8300381fadb572e355c320dbd8b9d5c,439,71733b5e8e5210fe25c573c7f7035a13c8300381fadb572e355c320dbd8b9d5c,71733b5e8e5210fe25c573c7f7035a13c8300381fadb572e355c320dbd8b9d5c,unchanged
swd3-seth-capture-window-probe/build/installed-backup-20260906-v05-before-v06-seth-retained/swd3_seth_capture_window_probe.ssmod,research/active/swd3-seth-capture-window-probe/build/installed-backup-20260906-v05-before-v06-seth-retained/swd3_seth_capture_window_probe.ssmod,4688,abc087290c3fe454d3e0abcfcef7c100cd0558fe3d3d6bd528fcd294b2fd7cce,4688,abc087290c3fe454d3e0abcfcef7c100cd0558fe3d3d6bd528fcd294b2fd7cce,abc087290c3fe454d3e0abcfcef7c100cd0558fe3d3d6bd528fcd294b2fd7cce,unchanged
swd3-seth-capture-window-probe/build/package-20260905/swd3_seth_capture_window_probe.ext,research/active/swd3-seth-capture-window-probe/build/package-20260905/swd3_seth_capture_window_probe.ext,374,6ca2a0a6d56adb172f86bf94ad0cb7ae820390386824e51d6080de0630a9ed61,374,6ca2a0a6d56adb172f86bf94ad0cb7ae820390386824e51d6080de0630a9ed61,6ca2a0a6d56adb172f86bf94ad0cb7ae820390386824e51d6080de0630a9ed61,unchanged
swd3-seth-capture-window-probe/build/package-20260905/swd3_seth_capture_window_probe.ssmod,research/active/swd3-seth-capture-window-probe/build/package-20260905/swd3_seth_capture_window_probe.ssmod,4168,a30178fe6657298a46ec8e99a31ccdeaa0a248daa3b223f0d8ce824eb7a98688,4168,a30178fe6657298a46ec8e99a31ccdeaa0a248daa3b223f0d8ce824eb7a98688,a30178fe6657298a46ec8e99a31ccdeaa0a248daa3b223f0d8ce824eb7a98688,unchanged
swd3-seth-capture-window-probe/build/package-20260905/out_data/SethCaptureWindowProbe.lua,research/active/swd3-seth-capture-window-probe/build/package-20260905/out_data/SethCaptureWindowProbe.lua,11401,34bb758ab046c19841287885df3ee5a60643eed8059725833d41242af9f481a0,11401,34bb758ab046c19841287885df3ee5a60643eed8059725833d41242af9f481a0,34bb758ab046c19841287885df3ee5a60643eed8059725833d41242af9f481a0,unchanged
swd3-seth-capture-window-probe/build/package-20260905-v02/swd3_seth_capture_window_probe.ssmod,research/active/swd3-seth-capture-window-probe/build/package-20260905-v02/swd3_seth_capture_window_probe.ssmod,4782,6f390c7cec3ca6d42c9240000f3a7c334a19256d61c53207725d117b9dc2ad06,4782,6f390c7cec3ca6d42c9240000f3a7c334a19256d61c53207725d117b9dc2ad06,6f390c7cec3ca6d42c9240000f3a7c334a19256d61c53207725d117b9dc2ad06,unchanged
swd3-seth-capture-window-probe/build/package-20260905-v02-final/swd3_seth_capture_window_probe.ssmod,research/active/swd3-seth-capture-window-probe/build/package-20260905-v02-final/swd3_seth_capture_window_probe.ssmod,4785,24bb3cb6cc836a200c5b944adb9a98efbe9283233d60980f02a65fe0ca20b25e,4785,24bb3cb6cc836a200c5b944adb9a98efbe9283233d60980f02a65fe0ca20b25e,24bb3cb6cc836a200c5b944adb9a98efbe9283233d60980f02a65fe0ca20b25e,unchanged
swd3-seth-capture-window-probe/build/package-20260905-v02-itemtype/swd3_seth_capture_window_probe.ssmod,research/active/swd3-seth-capture-window-probe/build/package-20260905-v02-itemtype/swd3_seth_capture_window_probe.ssmod,4782,6f390c7cec3ca6d42c9240000f3a7c334a19256d61c53207725d117b9dc2ad06,4782,6f390c7cec3ca6d42c9240000f3a7c334a19256d61c53207725d117b9dc2ad06,6f390c7cec3ca6d42c9240000f3a7c334a19256d61c53207725d117b9dc2ad06,unchanged
swd3-seth-capture-window-probe/build/package-20260905-v03-bgi-audit/swd3_seth_capture_window_probe.ssmod,research/active/swd3-seth-capture-window-probe/build/package-20260905-v03-bgi-audit/swd3_seth_capture_window_probe.ssmod,5325,e87bd8bcf6f40c2e9efe21a814bcdefdc5f21374f7e4161a54c6ea2854daf595,5325,e87bd8bcf6f40c2e9efe21a814bcdefdc5f21374f7e4161a54c6ea2854daf595,e87bd8bcf6f40c2e9efe21a814bcdefdc5f21374f7e4161a54c6ea2854daf595,unchanged
swd3-seth-capture-window-probe/build/package-20260905-v04-bgi-enabled/swd3_seth_capture_window_probe.ssmod,research/active/swd3-seth-capture-window-probe/build/package-20260905-v04-bgi-enabled/swd3_seth_capture_window_probe.ssmod,5486,68fe0c63cc3b364acce727e53590324ea3dfe088fc319e3ee9e33662c78d3949,5486,68fe0c63cc3b364acce727e53590324ea3dfe088fc319e3ee9e33662c78d3949,68fe0c63cc3b364acce727e53590324ea3dfe088fc319e3ee9e33662c78d3949,unchanged
swd3-seth-capture-window-probe/build/package-20260906-v05-input-window/swd3_seth_capture_window_probe.ssmod,research/active/swd3-seth-capture-window-probe/build/package-20260906-v05-input-window/swd3_seth_capture_window_probe.ssmod,4688,abc087290c3fe454d3e0abcfcef7c100cd0558fe3d3d6bd528fcd294b2fd7cce,4688,abc087290c3fe454d3e0abcfcef7c100cd0558fe3d3d6bd528fcd294b2fd7cce,abc087290c3fe454d3e0abcfcef7c100cd0558fe3d3d6bd528fcd294b2fd7cce,unchanged
swd3-seth-capture-window-probe/build/package-20260906-v06-seth-retained/swd3_seth_capture_window_probe.ssmod,research/active/swd3-seth-capture-window-probe/build/package-20260906-v06-seth-retained/swd3_seth_capture_window_probe.ssmod,4846,3a827feb4da341871eb458c7f356dd8c013a7b027d546a0e6d5dde2a4d466b9e,4846,3a827feb4da341871eb458c7f356dd8c013a7b027d546a0e6d5dde2a4d466b9e,3a827feb4da341871eb458c7f356dd8c013a7b027d546a0e6d5dde2a4d466b9e,unchanged
swd3-seth-capture-window-probe/build/steammods-backup-20260905/SteamMods.txt,research/active/swd3-seth-capture-window-probe/build/steammods-backup-20260905/SteamMods.txt,138,df5bf4ea34da9c2ad45ae0a81a9ccd3dda01210e702e5c422548fcb33c727ae8,138,df5bf4ea34da9c2ad45ae0a81a9ccd3dda01210e702e5c422548fcb33c727ae8,df5bf4ea34da9c2ad45ae0a81a9ccd3dda01210e702e5c422548fcb33c727ae8,unchanged
swd3-seth-capture-window-probe/build/verify-20260905-v02/swd3_seth_capture_window_probe.ext,research/active/swd3-seth-capture-window-probe/build/verify-20260905-v02/swd3_seth_capture_window_probe.ext,380,bffb1e4366d831b26f297c61357e371564574d58d269379d389d83f1a1c2f9d9,380,bffb1e4366d831b26f297c61357e371564574d58d269379d389d83f1a1c2f9d9,bffb1e4366d831b26f297c61357e371564574d58d269379d389d83f1a1c2f9d9,unchanged
swd3-seth-capture-window-probe/build/verify-20260905-v02/swd3_seth_capture_window_probe.ssmod,research/active/swd3-seth-capture-window-probe/build/verify-20260905-v02/swd3_seth_capture_window_probe.ssmod,4782,6f390c7cec3ca6d42c9240000f3a7c334a19256d61c53207725d117b9dc2ad06,4782,6f390c7cec3ca6d42c9240000f3a7c334a19256d61c53207725d117b9dc2ad06,6f390c7cec3ca6d42c9240000f3a7c334a19256d61c53207725d117b9dc2ad06,unchanged
swd3-seth-capture-window-probe/build/verify-20260905-v02/out_data/SethCaptureWindowProbe.lua,research/active/swd3-seth-capture-window-probe/build/verify-20260905-v02/out_data/SethCaptureWindowProbe.lua,14361,d6566bdd8cba3255818c8cb92bae21825e2a3119a0b24220e7ecb2ab9bff0ad0,14361,d6566bdd8cba3255818c8cb92bae21825e2a3119a0b24220e7ecb2ab9bff0ad0,d6566bdd8cba3255818c8cb92bae21825e2a3119a0b24220e7ecb2ab9bff0ad0,unchanged
swd3-seth-capture-window-probe/build/verify-20260905-v02-final/swd3_seth_capture_window_probe.ext,research/active/swd3-seth-capture-window-probe/build/verify-20260905-v02-final/swd3_seth_capture_window_probe.ext,380,bffb1e4366d831b26f297c61357e371564574d58d269379d389d83f1a1c2f9d9,380,bffb1e4366d831b26f297c61357e371564574d58d269379d389d83f1a1c2f9d9,bffb1e4366d831b26f297c61357e371564574d58d269379d389d83f1a1c2f9d9,unchanged
swd3-seth-capture-window-probe/build/verify-20260905-v02-final/swd3_seth_capture_window_probe.ssmod,research/active/swd3-seth-capture-window-probe/build/verify-20260905-v02-final/swd3_seth_capture_window_probe.ssmod,4785,24bb3cb6cc836a200c5b944adb9a98efbe9283233d60980f02a65fe0ca20b25e,4785,24bb3cb6cc836a200c5b944adb9a98efbe9283233d60980f02a65fe0ca20b25e,24bb3cb6cc836a200c5b944adb9a98efbe9283233d60980f02a65fe0ca20b25e,unchanged
swd3-seth-capture-window-probe/build/verify-20260905-v02-final/out_data/SethCaptureWindowProbe.lua,research/active/swd3-seth-capture-window-probe/build/verify-20260905-v02-final/out_data/SethCaptureWindowProbe.lua,14372,50641c123bb993fdec0cfafcd28974445806ea4d6b3abc60ab4bf29905557ace,14372,50641c123bb993fdec0cfafcd28974445806ea4d6b3abc60ab4bf29905557ace,50641c123bb993fdec0cfafcd28974445806ea4d6b3abc60ab4bf29905557ace,unchanged
swd3-seth-capture-window-probe/build/verify-20260905-v02-itemtype/swd3_seth_capture_window_probe.ext,research/active/swd3-seth-capture-window-probe/build/verify-20260905-v02-itemtype/swd3_seth_capture_window_probe.ext,380,bffb1e4366d831b26f297c61357e371564574d58d269379d389d83f1a1c2f9d9,380,bffb1e4366d831b26f297c61357e371564574d58d269379d389d83f1a1c2f9d9,bffb1e4366d831b26f297c61357e371564574d58d269379d389d83f1a1c2f9d9,unchanged
swd3-seth-capture-window-probe/build/verify-20260905-v02-itemtype/swd3_seth_capture_window_probe.ssmod,research/active/swd3-seth-capture-window-probe/build/verify-20260905-v02-itemtype/swd3_seth_capture_window_probe.ssmod,4782,6f390c7cec3ca6d42c9240000f3a7c334a19256d61c53207725d117b9dc2ad06,4782,6f390c7cec3ca6d42c9240000f3a7c334a19256d61c53207725d117b9dc2ad06,6f390c7cec3ca6d42c9240000f3a7c334a19256d61c53207725d117b9dc2ad06,unchanged
swd3-seth-capture-window-probe/build/verify-20260905-v02-itemtype/out_data/SethCaptureWindowProbe.lua,research/active/swd3-seth-capture-window-probe/build/verify-20260905-v02-itemtype/out_data/SethCaptureWindowProbe.lua,14361,d6566bdd8cba3255818c8cb92bae21825e2a3119a0b24220e7ecb2ab9bff0ad0,14361,d6566bdd8cba3255818c8cb92bae21825e2a3119a0b24220e7ecb2ab9bff0ad0,d6566bdd8cba3255818c8cb92bae21825e2a3119a0b24220e7ecb2ab9bff0ad0,unchanged
swd3-seth-capture-window-probe/build/verify-20260905-v03-bgi-audit/swd3_seth_capture_window_probe.ext,research/active/swd3-seth-capture-window-probe/build/verify-20260905-v03-bgi-audit/swd3_seth_capture_window_probe.ext,406,5d446698e35f2027b42f889e4af88f5384a822087df2e51b0aac1bc39dc4db80,406,5d446698e35f2027b42f889e4af88f5384a822087df2e51b0aac1bc39dc4db80,5d446698e35f2027b42f889e4af88f5384a822087df2e51b0aac1bc39dc4db80,unchanged
swd3-seth-capture-window-probe/build/verify-20260905-v03-bgi-audit/swd3_seth_capture_window_probe.ssmod,research/active/swd3-seth-capture-window-probe/build/verify-20260905-v03-bgi-audit/swd3_seth_capture_window_probe.ssmod,5325,e87bd8bcf6f40c2e9efe21a814bcdefdc5f21374f7e4161a54c6ea2854daf595,5325,e87bd8bcf6f40c2e9efe21a814bcdefdc5f21374f7e4161a54c6ea2854daf595,e87bd8bcf6f40c2e9efe21a814bcdefdc5f21374f7e4161a54c6ea2854daf595,unchanged
swd3-seth-capture-window-probe/build/verify-20260905-v03-bgi-audit/out_data/SethCaptureWindowProbe.lua,research/active/swd3-seth-capture-window-probe/build/verify-20260905-v03-bgi-audit/out_data/SethCaptureWindowProbe.lua,16076,95cacda1ed1bbec411f57cc89ebbee9af8493afe5251179d993f617bc3190965,16076,95cacda1ed1bbec411f57cc89ebbee9af8493afe5251179d993f617bc3190965,95cacda1ed1bbec411f57cc89ebbee9af8493afe5251179d993f617bc3190965,unchanged
swd3-seth-capture-window-probe/build/verify-20260905-v04-bgi-enabled/swd3_seth_capture_window_probe.ext,research/active/swd3-seth-capture-window-probe/build/verify-20260905-v04-bgi-enabled/swd3_seth_capture_window_probe.ext,419,a38d71b68658ac232594dfb0f048ab891376799db423e406a074a5a622acb674,419,a38d71b68658ac232594dfb0f048ab891376799db423e406a074a5a622acb674,a38d71b68658ac232594dfb0f048ab891376799db423e406a074a5a622acb674,unchanged
swd3-seth-capture-window-probe/build/verify-20260905-v04-bgi-enabled/swd3_seth_capture_window_probe.ssmod,research/active/swd3-seth-capture-window-probe/build/verify-20260905-v04-bgi-enabled/swd3_seth_capture_window_probe.ssmod,5486,68fe0c63cc3b364acce727e53590324ea3dfe088fc319e3ee9e33662c78d3949,5486,68fe0c63cc3b364acce727e53590324ea3dfe088fc319e3ee9e33662c78d3949,68fe0c63cc3b364acce727e53590324ea3dfe088fc319e3ee9e33662c78d3949,unchanged
swd3-seth-capture-window-probe/build/verify-20260905-v04-bgi-enabled/out_data/SethCaptureWindowProbe.lua,research/active/swd3-seth-capture-window-probe/build/verify-20260905-v04-bgi-enabled/out_data/SethCaptureWindowProbe.lua,16598,fd815e46b6052328e713495a9bb376117fef3b33240c9bcda346246cad4cf8d2,16598,fd815e46b6052328e713495a9bb376117fef3b33240c9bcda346246cad4cf8d2,fd815e46b6052328e713495a9bb376117fef3b33240c9bcda346246cad4cf8d2,unchanged
swd3-seth-capture-window-probe/build/verify-20260906-v05-input-window/swd3_seth_capture_window_probe.ext,research/active/swd3-seth-capture-window-probe/build/verify-20260906-v05-input-window/swd3_seth_capture_window_probe.ext,431,2b1fc5bda0ac58f4da9399d2e66738db4fae2ffd043f06c071f8069a0c486dcd,431,2b1fc5bda0ac58f4da9399d2e66738db4fae2ffd043f06c071f8069a0c486dcd,2b1fc5bda0ac58f4da9399d2e66738db4fae2ffd043f06c071f8069a0c486dcd,unchanged
swd3-seth-capture-window-probe/build/verify-20260906-v05-input-window/swd3_seth_capture_window_probe.ssmod,research/active/swd3-seth-capture-window-probe/build/verify-20260906-v05-input-window/swd3_seth_capture_window_probe.ssmod,4688,abc087290c3fe454d3e0abcfcef7c100cd0558fe3d3d6bd528fcd294b2fd7cce,4688,abc087290c3fe454d3e0abcfcef7c100cd0558fe3d3d6bd528fcd294b2fd7cce,abc087290c3fe454d3e0abcfcef7c100cd0558fe3d3d6bd528fcd294b2fd7cce,unchanged
swd3-seth-capture-window-probe/build/verify-20260906-v05-input-window/out_data/SethCaptureWindowProbe.lua,research/active/swd3-seth-capture-window-probe/build/verify-20260906-v05-input-window/out_data/SethCaptureWindowProbe.lua,12856,c4a24238eff5552cadbf6a7a3312b858f83ac79856146801e8041f543239f8d1,12856,c4a24238eff5552cadbf6a7a3312b858f83ac79856146801e8041f543239f8d1,c4a24238eff5552cadbf6a7a3312b858f83ac79856146801e8041f543239f8d1,unchanged
swd3-seth-capture-window-probe/build/verify-20260906-v06-seth-retained/swd3_seth_capture_window_probe.ext,research/active/swd3-seth-capture-window-probe/build/verify-20260906-v06-seth-retained/swd3_seth_capture_window_probe.ext,454,cffcb9d1e1d4c1411295244e18a349cad09b55e0c1a0f2159635f8a273aa12de,454,cffcb9d1e1d4c1411295244e18a349cad09b55e0c1a0f2159635f8a273aa12de,cffcb9d1e1d4c1411295244e18a349cad09b55e0c1a0f2159635f8a273aa12de,unchanged
swd3-seth-capture-window-probe/build/verify-20260906-v06-seth-retained/swd3_seth_capture_window_probe.ssmod,research/active/swd3-seth-capture-window-probe/build/verify-20260906-v06-seth-retained/swd3_seth_capture_window_probe.ssmod,4846,3a827feb4da341871eb458c7f356dd8c013a7b027d546a0e6d5dde2a4d466b9e,4846,3a827feb4da341871eb458c7f356dd8c013a7b027d546a0e6d5dde2a4d466b9e,3a827feb4da341871eb458c7f356dd8c013a7b027d546a0e6d5dde2a4d466b9e,unchanged
swd3-seth-capture-window-probe/build/verify-20260906-v06-seth-retained/out_data/SethCaptureWindowProbe.lua,research/active/swd3-seth-capture-window-probe/build/verify-20260906-v06-seth-retained/out_data/SethCaptureWindowProbe.lua,13173,7cbdcb5eb4fcc01745ca793f97e8a082b9d5583ee56ee40f76047dfc93c5dd24,13173,7cbdcb5eb4fcc01745ca793f97e8a082b9d5583ee56ee40f76047dfc93c5dd24,7cbdcb5eb4fcc01745ca793f97e8a082b9d5583ee56ee40f76047dfc93c5dd24,unchanged
swd3-seth-capture-window-probe/src/swd3_seth_capture_window_probe.ext,research/active/swd3-seth-capture-window-probe/src/swd3_seth_capture_window_probe.ext,454,cffcb9d1e1d4c1411295244e18a349cad09b55e0c1a0f2159635f8a273aa12de,454,cffcb9d1e1d4c1411295244e18a349cad09b55e0c1a0f2159635f8a273aa12de,cffcb9d1e1d4c1411295244e18a349cad09b55e0c1a0f2159635f8a273aa12de,unchanged
swd3-seth-capture-window-probe/src/data/SethCaptureWindowProbe.lua,research/active/swd3-seth-capture-window-probe/src/data/SethCaptureWindowProbe.lua,13173,7cbdcb5eb4fcc01745ca793f97e8a082b9d5583ee56ee40f76047dfc93c5dd24,13173,7cbdcb5eb4fcc01745ca793f97e8a082b9d5583ee56ee40f76047dfc93c5dd24,7cbdcb5eb4fcc01745ca793f97e8a082b9d5583ee56ee40f76047dfc93c5dd24,unchanged
swd3-seth-capture-window-probe/tests/mock_seth_capture_window_probe.lua,research/active/swd3-seth-capture-window-probe/tests/mock_seth_capture_window_probe.lua,2650,44c13c01491855785c2613ac83a1b00194da9ca3c56a5e43014dca17cb4baefa,2650,44c13c01491855785c2613ac83a1b00194da9ca3c56a5e43014dca17cb4baefa,44c13c01491855785c2613ac83a1b00194da9ca3c56a5e43014dca17cb4baefa,unchanged
swd3-seth-capture-window-probe/tests/run-tests.ps1,research/active/swd3-seth-capture-window-probe/tests/run-tests.ps1,576,c6704fa0e8dc80ed4e14dbc415610c48ab2b5fba6cc5593cc88508c62018c9ed,576,c6704fa0e8dc80ed4e14dbc415610c48ab2b5fba6cc5593cc88508c62018c9ed,c6704fa0e8dc80ed4e14dbc415610c48ab2b5fba6cc5593cc88508c62018c9ed,unchanged
swd3-all-monster-capture-probe/README.md,research/archive/swd3-all-monster-capture-probe/README.md,5250,b7f21ee979f2061cf9e73a05cd4eb8fcf257266826e2312468f48b4b3d6568c9,5262,05854814fc434183c3c5ab27d3ee43ce9bc13c3d1f65d3a0eb1ec60bab8f23bc,c9190a9385292456e558ba178f1ccc686246c204b019595ffecf5fdeff91d1cf,document edit
swd3-all-monster-capture-probe/TESTING.md,research/archive/swd3-all-monster-capture-probe/TESTING.md,3461,9df52f9826fef356dc417840930ba7a705621c723cf4b03987b9218fb6ff3c28,3473,59d923894a1b1c20d1ccba823cf2e764bdc3a42d7991530f7443d6fd77f89b97,59d923894a1b1c20d1ccba823cf2e764bdc3a42d7991530f7443d6fd77f89b97,document edit
swd3-all-monster-capture-probe/dist/swd3_all_monster_capture_probe.ssmod,research/archive/swd3-all-monster-capture-probe/dist/swd3_all_monster_capture_probe.ssmod,5618,b18614dde854a4072ebe4c62255adf40fe4780bb0fb5b3e16867a4142232a38a,5618,b18614dde854a4072ebe4c62255adf40fe4780bb0fb5b3e16867a4142232a38a,b18614dde854a4072ebe4c62255adf40fe4780bb0fb5b3e16867a4142232a38a,unchanged
swd3-all-monster-capture-probe/dist/verify-v0.1/swd3_all_monster_capture_probe.ext,research/archive/swd3-all-monster-capture-probe/dist/verify-v0.1/swd3_all_monster_capture_probe.ext,514,09a0638da10dff2fe0605aeac7b45b381164d1bcd98413c714733a20e2ae34fe,514,09a0638da10dff2fe0605aeac7b45b381164d1bcd98413c714733a20e2ae34fe,09a0638da10dff2fe0605aeac7b45b381164d1bcd98413c714733a20e2ae34fe,unchanged
swd3-all-monster-capture-probe/dist/verify-v0.1/swd3_all_monster_capture_probe.ssmod,research/archive/swd3-all-monster-capture-probe/dist/verify-v0.1/swd3_all_monster_capture_probe.ssmod,4902,ded7ec4704ee1b6ce55d9af42d6dd013cebe208686c8ea3d83e525ba712a3cfa,4902,ded7ec4704ee1b6ce55d9af42d6dd013cebe208686c8ea3d83e525ba712a3cfa,ded7ec4704ee1b6ce55d9af42d6dd013cebe208686c8ea3d83e525ba712a3cfa,unchanged
swd3-all-monster-capture-probe/dist/verify-v0.1/out_data/AllMonsterCaptureProbe.lua,research/archive/swd3-all-monster-capture-probe/dist/verify-v0.1/out_data/AllMonsterCaptureProbe.lua,12454,452ba3002e6eef7caddc99b9c2d53515554c11bff63afc91316c610255c26535,12454,452ba3002e6eef7caddc99b9c2d53515554c11bff63afc91316c610255c26535,452ba3002e6eef7caddc99b9c2d53515554c11bff63afc91316c610255c26535,unchanged
swd3-all-monster-capture-probe/dist/verify-v0.1/out_data/AllMonsterCaptureProbe.txt,research/archive/swd3-all-monster-capture-probe/dist/verify-v0.1/out_data/AllMonsterCaptureProbe.txt,213,4bc04e5d0ed05a5a84e1f9e3f926e11ad43e24feaada7928bc66823c3691fb8c,213,4bc04e5d0ed05a5a84e1f9e3f926e11ad43e24feaada7928bc66823c3691fb8c,4bc04e5d0ed05a5a84e1f9e3f926e11ad43e24feaada7928bc66823c3691fb8c,unchanged
swd3-all-monster-capture-probe/dist/verify-v0.1-r2/swd3_all_monster_capture_probe.ext,research/archive/swd3-all-monster-capture-probe/dist/verify-v0.1-r2/swd3_all_monster_capture_probe.ext,514,09a0638da10dff2fe0605aeac7b45b381164d1bcd98413c714733a20e2ae34fe,514,09a0638da10dff2fe0605aeac7b45b381164d1bcd98413c714733a20e2ae34fe,09a0638da10dff2fe0605aeac7b45b381164d1bcd98413c714733a20e2ae34fe,unchanged
swd3-all-monster-capture-probe/dist/verify-v0.1-r2/swd3_all_monster_capture_probe.ssmod,research/archive/swd3-all-monster-capture-probe/dist/verify-v0.1-r2/swd3_all_monster_capture_probe.ssmod,4952,8b401ef909b09cb5c316856db64c179e13eca652d00282bc6f46f0de2757b574,4952,8b401ef909b09cb5c316856db64c179e13eca652d00282bc6f46f0de2757b574,8b401ef909b09cb5c316856db64c179e13eca652d00282bc6f46f0de2757b574,unchanged
swd3-all-monster-capture-probe/dist/verify-v0.1-r2/out_data/AllMonsterCaptureProbe.lua,research/archive/swd3-all-monster-capture-probe/dist/verify-v0.1-r2/out_data/AllMonsterCaptureProbe.lua,12637,cc6a8974103d269c2441fd681854073428ed9c0a93850e297312b8a105615d10,12637,cc6a8974103d269c2441fd681854073428ed9c0a93850e297312b8a105615d10,cc6a8974103d269c2441fd681854073428ed9c0a93850e297312b8a105615d10,unchanged
swd3-all-monster-capture-probe/dist/verify-v0.1-r2/out_data/AllMonsterCaptureProbe.txt,research/archive/swd3-all-monster-capture-probe/dist/verify-v0.1-r2/out_data/AllMonsterCaptureProbe.txt,213,4bc04e5d0ed05a5a84e1f9e3f926e11ad43e24feaada7928bc66823c3691fb8c,213,4bc04e5d0ed05a5a84e1f9e3f926e11ad43e24feaada7928bc66823c3691fb8c,4bc04e5d0ed05a5a84e1f9e3f926e11ad43e24feaada7928bc66823c3691fb8c,unchanged
swd3-all-monster-capture-probe/dist/verify-v0.1-r3/swd3_all_monster_capture_probe.ext,research/archive/swd3-all-monster-capture-probe/dist/verify-v0.1-r3/swd3_all_monster_capture_probe.ext,514,09a0638da10dff2fe0605aeac7b45b381164d1bcd98413c714733a20e2ae34fe,514,09a0638da10dff2fe0605aeac7b45b381164d1bcd98413c714733a20e2ae34fe,09a0638da10dff2fe0605aeac7b45b381164d1bcd98413c714733a20e2ae34fe,unchanged
swd3-all-monster-capture-probe/dist/verify-v0.1-r3/swd3_all_monster_capture_probe.ssmod,research/archive/swd3-all-monster-capture-probe/dist/verify-v0.1-r3/swd3_all_monster_capture_probe.ssmod,5491,1c7e95ee49f2f2b56a5fdbe34a3fdceb936df706141704aa5c9fae9b2d87a7a5,5491,1c7e95ee49f2f2b56a5fdbe34a3fdceb936df706141704aa5c9fae9b2d87a7a5,1c7e95ee49f2f2b56a5fdbe34a3fdceb936df706141704aa5c9fae9b2d87a7a5,unchanged
swd3-all-monster-capture-probe/dist/verify-v0.1-r3/out_data/AllMonsterCaptureProbe.lua,research/archive/swd3-all-monster-capture-probe/dist/verify-v0.1-r3/out_data/AllMonsterCaptureProbe.lua,14848,44ba98de028f0cd6cb4878c5c1d353bf85bc61d7e08039a61ecbd07d8199302a,14848,44ba98de028f0cd6cb4878c5c1d353bf85bc61d7e08039a61ecbd07d8199302a,44ba98de028f0cd6cb4878c5c1d353bf85bc61d7e08039a61ecbd07d8199302a,unchanged
swd3-all-monster-capture-probe/dist/verify-v0.1-r3/out_data/AllMonsterCaptureProbe.txt,research/archive/swd3-all-monster-capture-probe/dist/verify-v0.1-r3/out_data/AllMonsterCaptureProbe.txt,213,4bc04e5d0ed05a5a84e1f9e3f926e11ad43e24feaada7928bc66823c3691fb8c,213,4bc04e5d0ed05a5a84e1f9e3f926e11ad43e24feaada7928bc66823c3691fb8c,4bc04e5d0ed05a5a84e1f9e3f926e11ad43e24feaada7928bc66823c3691fb8c,unchanged
swd3-all-monster-capture-probe/dist/verify-v0.1-r4/swd3_all_monster_capture_probe.ext,research/archive/swd3-all-monster-capture-probe/dist/verify-v0.1-r4/swd3_all_monster_capture_probe.ext,514,09a0638da10dff2fe0605aeac7b45b381164d1bcd98413c714733a20e2ae34fe,514,09a0638da10dff2fe0605aeac7b45b381164d1bcd98413c714733a20e2ae34fe,09a0638da10dff2fe0605aeac7b45b381164d1bcd98413c714733a20e2ae34fe,unchanged
swd3-all-monster-capture-probe/dist/verify-v0.1-r4/swd3_all_monster_capture_probe.ssmod,research/archive/swd3-all-monster-capture-probe/dist/verify-v0.1-r4/swd3_all_monster_capture_probe.ssmod,5618,b18614dde854a4072ebe4c62255adf40fe4780bb0fb5b3e16867a4142232a38a,5618,b18614dde854a4072ebe4c62255adf40fe4780bb0fb5b3e16867a4142232a38a,b18614dde854a4072ebe4c62255adf40fe4780bb0fb5b3e16867a4142232a38a,unchanged
swd3-all-monster-capture-probe/dist/verify-v0.1-r4/out_data/AllMonsterCaptureProbe.lua,research/archive/swd3-all-monster-capture-probe/dist/verify-v0.1-r4/out_data/AllMonsterCaptureProbe.lua,14942,7cdc58ccd8463809d2c46efa31679faacc9bce33697c6622f7f62801969595a3,14942,7cdc58ccd8463809d2c46efa31679faacc9bce33697c6622f7f62801969595a3,7cdc58ccd8463809d2c46efa31679faacc9bce33697c6622f7f62801969595a3,unchanged
swd3-all-monster-capture-probe/dist/verify-v0.1-r4/out_data/AllMonsterCaptureProbe.txt,research/archive/swd3-all-monster-capture-probe/dist/verify-v0.1-r4/out_data/AllMonsterCaptureProbe.txt,213,4bc04e5d0ed05a5a84e1f9e3f926e11ad43e24feaada7928bc66823c3691fb8c,213,4bc04e5d0ed05a5a84e1f9e3f926e11ad43e24feaada7928bc66823c3691fb8c,4bc04e5d0ed05a5a84e1f9e3f926e11ad43e24feaada7928bc66823c3691fb8c,unchanged
swd3-all-monster-capture-probe/src/swd3_all_monster_capture_probe.ext,research/archive/swd3-all-monster-capture-probe/src/swd3_all_monster_capture_probe.ext,514,09a0638da10dff2fe0605aeac7b45b381164d1bcd98413c714733a20e2ae34fe,514,09a0638da10dff2fe0605aeac7b45b381164d1bcd98413c714733a20e2ae34fe,09a0638da10dff2fe0605aeac7b45b381164d1bcd98413c714733a20e2ae34fe,unchanged
swd3-all-monster-capture-probe/src/data/AllMonsterCaptureProbe.lua,research/archive/swd3-all-monster-capture-probe/src/data/AllMonsterCaptureProbe.lua,14942,7cdc58ccd8463809d2c46efa31679faacc9bce33697c6622f7f62801969595a3,14942,7cdc58ccd8463809d2c46efa31679faacc9bce33697c6622f7f62801969595a3,7cdc58ccd8463809d2c46efa31679faacc9bce33697c6622f7f62801969595a3,unchanged
swd3-all-monster-capture-probe/src/data/AllMonsterCaptureProbe.txt,research/archive/swd3-all-monster-capture-probe/src/data/AllMonsterCaptureProbe.txt,213,4bc04e5d0ed05a5a84e1f9e3f926e11ad43e24feaada7928bc66823c3691fb8c,213,4bc04e5d0ed05a5a84e1f9e3f926e11ad43e24feaada7928bc66823c3691fb8c,4bc04e5d0ed05a5a84e1f9e3f926e11ad43e24feaada7928bc66823c3691fb8c,unchanged
swd3-all-monster-capture-probe/tests/mock_all_monster_capture_probe.lua,research/archive/swd3-all-monster-capture-probe/tests/mock_all_monster_capture_probe.lua,4468,c21821fc55624f10f6d3ab26c734780a1e2be35945f04902b9acc11975daffbe,4468,c21821fc55624f10f6d3ab26c734780a1e2be35945f04902b9acc11975daffbe,c21821fc55624f10f6d3ab26c734780a1e2be35945f04902b9acc11975daffbe,unchanged
swd3-all-monster-capture-probe/tests/run-tests.ps1,research/archive/swd3-all-monster-capture-probe/tests/run-tests.ps1,639,7417b33ce6e413985459a5717a70928f24ce3ecdfe645e050ac4355532afd9c1,639,7417b33ce6e413985459a5717a70928f24ce3ecdfe645e050ac4355532afd9c1,7417b33ce6e413985459a5717a70928f24ce3ecdfe645e050ac4355532afd9c1,unchanged
swd3-item-registry-cache-probe/README.md,research/archive/swd3-item-registry-cache-probe/README.md,2710,38588086e0c0445e396284297816630fd6eed175b59d9381f28085cfbf4c9e6e,2716,9bf4c965867cb624efd0fc5a470c1447c0b9a520fa996c39ca55b5d351f5a6a4,622d03c1b4abb384e13073c84d674249c88f735d717b825705057dad153c4ed2,document edit
swd3-item-registry-cache-probe/TESTING.md,research/archive/swd3-item-registry-cache-probe/TESTING.md,1225,1364eb031a2b8af01e642e20648e0b664dfa12a117d4122774c34b132810ef28,1225,1364eb031a2b8af01e642e20648e0b664dfa12a117d4122774c34b132810ef28,1364eb031a2b8af01e642e20648e0b664dfa12a117d4122774c34b132810ef28,unchanged
swd3-item-registry-cache-probe/dist/swd3_item_registry_cache_probe.ssmod,research/archive/swd3-item-registry-cache-probe/dist/swd3_item_registry_cache_probe.ssmod,3244,dc8685d99a435ab08d79a7cc39dd54d82a00d56512755ae6514bdee4142c54a7,3244,dc8685d99a435ab08d79a7cc39dd54d82a00d56512755ae6514bdee4142c54a7,dc8685d99a435ab08d79a7cc39dd54d82a00d56512755ae6514bdee4142c54a7,unchanged
swd3-item-registry-cache-probe/dist/verify-v0.1/swd3_item_registry_cache_probe.ext,research/archive/swd3-item-registry-cache-probe/dist/verify-v0.1/swd3_item_registry_cache_probe.ext,466,ad94a6bffe2e3e5f32d11e5cb86cadb09d54a1a382ec60f0673ed80dbc6f9589,466,ad94a6bffe2e3e5f32d11e5cb86cadb09d54a1a382ec60f0673ed80dbc6f9589,ad94a6bffe2e3e5f32d11e5cb86cadb09d54a1a382ec60f0673ed80dbc6f9589,unchanged
swd3-item-registry-cache-probe/dist/verify-v0.1/swd3_item_registry_cache_probe.ssmod,research/archive/swd3-item-registry-cache-probe/dist/verify-v0.1/swd3_item_registry_cache_probe.ssmod,3244,dc8685d99a435ab08d79a7cc39dd54d82a00d56512755ae6514bdee4142c54a7,3244,dc8685d99a435ab08d79a7cc39dd54d82a00d56512755ae6514bdee4142c54a7,dc8685d99a435ab08d79a7cc39dd54d82a00d56512755ae6514bdee4142c54a7,unchanged
swd3-item-registry-cache-probe/dist/verify-v0.1/out_data/ItemRegistryCacheProbe.lua,research/archive/swd3-item-registry-cache-probe/dist/verify-v0.1/out_data/ItemRegistryCacheProbe.lua,6447,5b17b84a83fe3e40efb8eceb4c0bb50fd8e2508a5d2f30b24a28ca69f04989ce,6447,5b17b84a83fe3e40efb8eceb4c0bb50fd8e2508a5d2f30b24a28ca69f04989ce,5b17b84a83fe3e40efb8eceb4c0bb50fd8e2508a5d2f30b24a28ca69f04989ce,unchanged
swd3-item-registry-cache-probe/dist/verify-v0.1/out_data/ItemRegistryCacheProbe.txt,research/archive/swd3-item-registry-cache-probe/dist/verify-v0.1/out_data/ItemRegistryCacheProbe.txt,203,14747d10dfe8ab67e4a0614f1b89f699501c3215975f13d0c69416512043f138,203,14747d10dfe8ab67e4a0614f1b89f699501c3215975f13d0c69416512043f138,14747d10dfe8ab67e4a0614f1b89f699501c3215975f13d0c69416512043f138,unchanged
swd3-item-registry-cache-probe/src/swd3_item_registry_cache_probe.ext,research/archive/swd3-item-registry-cache-probe/src/swd3_item_registry_cache_probe.ext,466,ad94a6bffe2e3e5f32d11e5cb86cadb09d54a1a382ec60f0673ed80dbc6f9589,466,ad94a6bffe2e3e5f32d11e5cb86cadb09d54a1a382ec60f0673ed80dbc6f9589,ad94a6bffe2e3e5f32d11e5cb86cadb09d54a1a382ec60f0673ed80dbc6f9589,unchanged
swd3-item-registry-cache-probe/src/data/ItemRegistryCacheProbe.lua,research/archive/swd3-item-registry-cache-probe/src/data/ItemRegistryCacheProbe.lua,6447,5b17b84a83fe3e40efb8eceb4c0bb50fd8e2508a5d2f30b24a28ca69f04989ce,6447,5b17b84a83fe3e40efb8eceb4c0bb50fd8e2508a5d2f30b24a28ca69f04989ce,5b17b84a83fe3e40efb8eceb4c0bb50fd8e2508a5d2f30b24a28ca69f04989ce,unchanged
swd3-item-registry-cache-probe/src/data/ItemRegistryCacheProbe.txt,research/archive/swd3-item-registry-cache-probe/src/data/ItemRegistryCacheProbe.txt,203,14747d10dfe8ab67e4a0614f1b89f699501c3215975f13d0c69416512043f138,203,14747d10dfe8ab67e4a0614f1b89f699501c3215975f13d0c69416512043f138,14747d10dfe8ab67e4a0614f1b89f699501c3215975f13d0c69416512043f138,unchanged
swd3-item-registry-cache-probe/tests/mock_item_registry_cache_probe.lua,research/archive/swd3-item-registry-cache-probe/tests/mock_item_registry_cache_probe.lua,2754,91b08d5cea679e78134a9cf038537ae108598d510f5773f2e0faa36e1e47a504,2754,91b08d5cea679e78134a9cf038537ae108598d510f5773f2e0faa36e1e47a504,91b08d5cea679e78134a9cf038537ae108598d510f5773f2e0faa36e1e47a504,unchanged
swd3-item-registry-cache-probe/tests/run-tests.ps1,research/archive/swd3-item-registry-cache-probe/tests/run-tests.ps1,638,c4cd7b826722382d60a81ec44c5e3dd42c3b9ef95c2970b435928fdc9d0c5c26,638,c4cd7b826722382d60a81ec44c5e3dd42c3b9ef95c2970b435928fdc9d0c5c26,c4cd7b826722382d60a81ec44c5e3dd42c3b9ef95c2970b435928fdc9d0c5c26,unchanged
swd3-static-item-registry-probe/README.md,research/archive/swd3-static-item-registry-probe/README.md,2797,ee3b2d0227b1490d67ab326405fe928760003f3ccece32c5044be08c73a5c178,2803,44d440357cf3fc4461f2141e1f4a7a3d08ce258b52cedfdf7f4ef62239f9f30c,79dda3eeeebedef7fbf329760660fa7f8392f736518c79f494e8f89f0a5d021b,document edit
swd3-static-item-registry-probe/TESTING.md,research/archive/swd3-static-item-registry-probe/TESTING.md,1354,f0655bbf4570f66933dc4cf2067c4862e3c57776141af665b22d1e5f1cd020ca,1354,f0655bbf4570f66933dc4cf2067c4862e3c57776141af665b22d1e5f1cd020ca,f0655bbf4570f66933dc4cf2067c4862e3c57776141af665b22d1e5f1cd020ca,unchanged
swd3-static-item-registry-probe/dist/swd3_static_item_registry_probe.ssmod,research/archive/swd3-static-item-registry-probe/dist/swd3_static_item_registry_probe.ssmod,3271,4f70ca0545815b243de84ff29f307a00f2dcdc86c29b0a4ad0be1e1d3d809a4c,3271,4f70ca0545815b243de84ff29f307a00f2dcdc86c29b0a4ad0be1e1d3d809a4c,4f70ca0545815b243de84ff29f307a00f2dcdc86c29b0a4ad0be1e1d3d809a4c,unchanged
swd3-static-item-registry-probe/dist/verify-static-20260903/swd3_static_item_registry_probe.ext,research/archive/swd3-static-item-registry-probe/dist/verify-static-20260903/swd3_static_item_registry_probe.ext,436,03054b5d58f3b54430ba0168d317851806a51dfb1667a099bc0c845fc8cb4f6b,436,03054b5d58f3b54430ba0168d317851806a51dfb1667a099bc0c845fc8cb4f6b,03054b5d58f3b54430ba0168d317851806a51dfb1667a099bc0c845fc8cb4f6b,unchanged
swd3-static-item-registry-probe/dist/verify-static-20260903/swd3_static_item_registry_probe.ssmod,research/archive/swd3-static-item-registry-probe/dist/verify-static-20260903/swd3_static_item_registry_probe.ssmod,3271,4f70ca0545815b243de84ff29f307a00f2dcdc86c29b0a4ad0be1e1d3d809a4c,3271,4f70ca0545815b243de84ff29f307a00f2dcdc86c29b0a4ad0be1e1d3d809a4c,4f70ca0545815b243de84ff29f307a00f2dcdc86c29b0a4ad0be1e1d3d809a4c,unchanged
swd3-static-item-registry-probe/dist/verify-static-20260903/out_data/StaticItemRegistryProbe.lua,research/archive/swd3-static-item-registry-probe/dist/verify-static-20260903/out_data/StaticItemRegistryProbe.lua,6495,3009c420c4a9ea938d107e17eb2bf9c4a2081a0ba5abed9a2f45a5537b932dba,6495,3009c420c4a9ea938d107e17eb2bf9c4a2081a0ba5abed9a2f45a5537b932dba,3009c420c4a9ea938d107e17eb2bf9c4a2081a0ba5abed9a2f45a5537b932dba,unchanged
swd3-static-item-registry-probe/dist/verify-static-20260903/out_data/StaticItemRegistryProbe.txt,research/archive/swd3-static-item-registry-probe/dist/verify-static-20260903/out_data/StaticItemRegistryProbe.txt,195,9a7798d0872583fe3164c998e31aa6fe06833e4826d2ebfbf19c04b932c04694,195,9a7798d0872583fe3164c998e31aa6fe06833e4826d2ebfbf19c04b932c04694,9a7798d0872583fe3164c998e31aa6fe06833e4826d2ebfbf19c04b932c04694,unchanged
swd3-static-item-registry-probe/src/swd3_static_item_registry_probe.ext,research/archive/swd3-static-item-registry-probe/src/swd3_static_item_registry_probe.ext,436,03054b5d58f3b54430ba0168d317851806a51dfb1667a099bc0c845fc8cb4f6b,436,03054b5d58f3b54430ba0168d317851806a51dfb1667a099bc0c845fc8cb4f6b,03054b5d58f3b54430ba0168d317851806a51dfb1667a099bc0c845fc8cb4f6b,unchanged
swd3-static-item-registry-probe/src/data/StaticItemRegistryProbe.lua,research/archive/swd3-static-item-registry-probe/src/data/StaticItemRegistryProbe.lua,6495,3009c420c4a9ea938d107e17eb2bf9c4a2081a0ba5abed9a2f45a5537b932dba,6495,3009c420c4a9ea938d107e17eb2bf9c4a2081a0ba5abed9a2f45a5537b932dba,3009c420c4a9ea938d107e17eb2bf9c4a2081a0ba5abed9a2f45a5537b932dba,unchanged
swd3-static-item-registry-probe/src/data/StaticItemRegistryProbe.txt,research/archive/swd3-static-item-registry-probe/src/data/StaticItemRegistryProbe.txt,195,9a7798d0872583fe3164c998e31aa6fe06833e4826d2ebfbf19c04b932c04694,195,9a7798d0872583fe3164c998e31aa6fe06833e4826d2ebfbf19c04b932c04694,9a7798d0872583fe3164c998e31aa6fe06833e4826d2ebfbf19c04b932c04694,unchanged
swd3-static-item-registry-probe/tests/mock_static_item_registry_probe.lua,research/archive/swd3-static-item-registry-probe/tests/mock_static_item_registry_probe.lua,2688,a3628a7945efd7913c4da5a40908e4f2dc96de34817b8ac6ecbae0c52eab79a3,2688,a3628a7945efd7913c4da5a40908e4f2dc96de34817b8ac6ecbae0c52eab79a3,a3628a7945efd7913c4da5a40908e4f2dc96de34817b8ac6ecbae0c52eab79a3,unchanged
swd3-static-item-registry-probe/tests/run-tests.ps1,research/archive/swd3-static-item-registry-probe/tests/run-tests.ps1,643,f2aab141317e798a752793140c607bce0ec6c8bc07316df73364b3490da84895,643,f2aab141317e798a752793140c607bce0ec6c8bc07316df73364b3490da84895,f2aab141317e798a752793140c607bce0ec6c8bc07316df73364b3490da84895,unchanged
swd3-static-capture-exchange-probe/README.md,research/archive/swd3-static-capture-exchange-probe/README.md,2017,a35dc8bc4dc689d527e2fc7b76a5c473b8a28ba5e07f09b561c4b7304c2b7163,2034,6157e9106c48188c0cec06f13560818b79a8cf251f761536b2ad7101fae97185,244a5990e13f838cd1a83ae6e60cd792108aa1528489fd8380c0b0aa883659dd,document edit
swd3-static-capture-exchange-probe/TESTING.md,research/archive/swd3-static-capture-exchange-probe/TESTING.md,1056,da09c19f9c619d797f964b522a0bef8ae4316ba4026644080eedf29d16b6db1f,1056,da09c19f9c619d797f964b522a0bef8ae4316ba4026644080eedf29d16b6db1f,da09c19f9c619d797f964b522a0bef8ae4316ba4026644080eedf29d16b6db1f,unchanged
swd3-static-capture-exchange-probe/dist/swd3_static_capture_exchange_probe.pre-runsceenfix-20260903-2019.ssmod,research/archive/swd3-static-capture-exchange-probe/dist/swd3_static_capture_exchange_probe.pre-runsceenfix-20260903-2019.ssmod,4053,db76bda3a9f962703a0142bf45127d78c40a982d5779d59a0f62ed03730e433d,4053,db76bda3a9f962703a0142bf45127d78c40a982d5779d59a0f62ed03730e433d,db76bda3a9f962703a0142bf45127d78c40a982d5779d59a0f62ed03730e433d,unchanged
swd3-static-capture-exchange-probe/dist/swd3_static_capture_exchange_probe.ssmod,research/archive/swd3-static-capture-exchange-probe/dist/swd3_static_capture_exchange_probe.ssmod,4054,c857fa9e533cb679fd7c64566547526e80fe79c0db8d0b102266eb21128e018a,4054,c857fa9e533cb679fd7c64566547526e80fe79c0db8d0b102266eb21128e018a,c857fa9e533cb679fd7c64566547526e80fe79c0db8d0b102266eb21128e018a,unchanged
swd3-static-capture-exchange-probe/dist/verify-runsceenfix-20260903/swd3_static_capture_exchange_probe.ext,research/archive/swd3-static-capture-exchange-probe/dist/verify-runsceenfix-20260903/swd3_static_capture_exchange_probe.ext,440,dc6820b49ef36190da382f7db33b6e6f0fcf53e215de21901d5fcbac9243a2f7,440,dc6820b49ef36190da382f7db33b6e6f0fcf53e215de21901d5fcbac9243a2f7,dc6820b49ef36190da382f7db33b6e6f0fcf53e215de21901d5fcbac9243a2f7,unchanged
swd3-static-capture-exchange-probe/dist/verify-runsceenfix-20260903/swd3_static_capture_exchange_probe.ssmod,research/archive/swd3-static-capture-exchange-probe/dist/verify-runsceenfix-20260903/swd3_static_capture_exchange_probe.ssmod,4054,c857fa9e533cb679fd7c64566547526e80fe79c0db8d0b102266eb21128e018a,4054,c857fa9e533cb679fd7c64566547526e80fe79c0db8d0b102266eb21128e018a,c857fa9e533cb679fd7c64566547526e80fe79c0db8d0b102266eb21128e018a,unchanged
swd3-static-capture-exchange-probe/dist/verify-runsceenfix-20260903/out_data/StaticCaptureExchangeProbe.lua,research/archive/swd3-static-capture-exchange-probe/dist/verify-runsceenfix-20260903/out_data/StaticCaptureExchangeProbe.lua,10009,40d1da786864bf1a8262fdd96c9391416e2231e205b69882dc7f0c50dcd494f2,10009,40d1da786864bf1a8262fdd96c9391416e2231e205b69882dc7f0c50dcd494f2,40d1da786864bf1a8262fdd96c9391416e2231e205b69882dc7f0c50dcd494f2,unchanged
swd3-static-capture-exchange-probe/dist/verify-runsceenfix-20260903/out_data/StaticCaptureExchangeProbe.txt,research/archive/swd3-static-capture-exchange-probe/dist/verify-runsceenfix-20260903/out_data/StaticCaptureExchangeProbe.txt,220,f21a25436ca5a2b94aecbe23183ca60b7c8e7353f473235f44870d3c2ae27567,220,f21a25436ca5a2b94aecbe23183ca60b7c8e7353f473235f44870d3c2ae27567,f21a25436ca5a2b94aecbe23183ca60b7c8e7353f473235f44870d3c2ae27567,unchanged
swd3-static-capture-exchange-probe/dist/verify-static-capture-20260903/swd3_static_capture_exchange_probe.ext,research/archive/swd3-static-capture-exchange-probe/dist/verify-static-capture-20260903/swd3_static_capture_exchange_probe.ext,440,dc6820b49ef36190da382f7db33b6e6f0fcf53e215de21901d5fcbac9243a2f7,440,dc6820b49ef36190da382f7db33b6e6f0fcf53e215de21901d5fcbac9243a2f7,dc6820b49ef36190da382f7db33b6e6f0fcf53e215de21901d5fcbac9243a2f7,unchanged
swd3-static-capture-exchange-probe/dist/verify-static-capture-20260903/swd3_static_capture_exchange_probe.ssmod,research/archive/swd3-static-capture-exchange-probe/dist/verify-static-capture-20260903/swd3_static_capture_exchange_probe.ssmod,4053,db76bda3a9f962703a0142bf45127d78c40a982d5779d59a0f62ed03730e433d,4053,db76bda3a9f962703a0142bf45127d78c40a982d5779d59a0f62ed03730e433d,db76bda3a9f962703a0142bf45127d78c40a982d5779d59a0f62ed03730e433d,unchanged
swd3-static-capture-exchange-probe/dist/verify-static-capture-20260903/out_data/StaticCaptureExchangeProbe.lua,research/archive/swd3-static-capture-exchange-probe/dist/verify-static-capture-20260903/out_data/StaticCaptureExchangeProbe.lua,10006,0c5a0a0f616e45cd2fe92a5435dd0f1054651715085f22b73fdb36849b8aa8cb,10006,0c5a0a0f616e45cd2fe92a5435dd0f1054651715085f22b73fdb36849b8aa8cb,0c5a0a0f616e45cd2fe92a5435dd0f1054651715085f22b73fdb36849b8aa8cb,unchanged
swd3-static-capture-exchange-probe/dist/verify-static-capture-20260903/out_data/StaticCaptureExchangeProbe.txt,research/archive/swd3-static-capture-exchange-probe/dist/verify-static-capture-20260903/out_data/StaticCaptureExchangeProbe.txt,220,f21a25436ca5a2b94aecbe23183ca60b7c8e7353f473235f44870d3c2ae27567,220,f21a25436ca5a2b94aecbe23183ca60b7c8e7353f473235f44870d3c2ae27567,f21a25436ca5a2b94aecbe23183ca60b7c8e7353f473235f44870d3c2ae27567,unchanged
swd3-static-capture-exchange-probe/src/swd3_static_capture_exchange_probe.ext,research/archive/swd3-static-capture-exchange-probe/src/swd3_static_capture_exchange_probe.ext,440,dc6820b49ef36190da382f7db33b6e6f0fcf53e215de21901d5fcbac9243a2f7,440,dc6820b49ef36190da382f7db33b6e6f0fcf53e215de21901d5fcbac9243a2f7,dc6820b49ef36190da382f7db33b6e6f0fcf53e215de21901d5fcbac9243a2f7,unchanged
swd3-static-capture-exchange-probe/src/data/StaticCaptureExchangeProbe.lua,research/archive/swd3-static-capture-exchange-probe/src/data/StaticCaptureExchangeProbe.lua,10009,40d1da786864bf1a8262fdd96c9391416e2231e205b69882dc7f0c50dcd494f2,10009,40d1da786864bf1a8262fdd96c9391416e2231e205b69882dc7f0c50dcd494f2,40d1da786864bf1a8262fdd96c9391416e2231e205b69882dc7f0c50dcd494f2,unchanged
swd3-static-capture-exchange-probe/src/data/StaticCaptureExchangeProbe.txt,research/archive/swd3-static-capture-exchange-probe/src/data/StaticCaptureExchangeProbe.txt,220,f21a25436ca5a2b94aecbe23183ca60b7c8e7353f473235f44870d3c2ae27567,220,f21a25436ca5a2b94aecbe23183ca60b7c8e7353f473235f44870d3c2ae27567,f21a25436ca5a2b94aecbe23183ca60b7c8e7353f473235f44870d3c2ae27567,unchanged
swd3-static-capture-exchange-probe/tests/mock_static_capture_exchange_probe.lua,research/archive/swd3-static-capture-exchange-probe/tests/mock_static_capture_exchange_probe.lua,2688,b85d73ddc73fafb6dc09611c9b519f8f7ba728de9b77fc92b45f14862cbf7f7b,2688,b85d73ddc73fafb6dc09611c9b519f8f7ba728de9b77fc92b45f14862cbf7f7b,b85d73ddc73fafb6dc09611c9b519f8f7ba728de9b77fc92b45f14862cbf7f7b,unchanged
swd3-static-capture-exchange-probe/tests/run-tests.ps1,research/archive/swd3-static-capture-exchange-probe/tests/run-tests.ps1,652,1eda85d904a2e27621c1229177a10ee1a269b5346a43391562690405949c6b6e,652,1eda85d904a2e27621c1229177a10ee1a269b5346a43391562690405949c6b6e,1eda85d904a2e27621c1229177a10ee1a269b5346a43391562690405949c6b6e,unchanged
swd3-general-capture-eligibility-probe/README.md,research/archive/swd3-general-capture-eligibility-probe/README.md,3502,c74b888d3dabc6efefb5e5a36588adc3fce80e0a26e11d9598e523eb94413c37,3502,c74b888d3dabc6efefb5e5a36588adc3fce80e0a26e11d9598e523eb94413c37,828eb72f9e4df7bff1f047d85f99141274b536aceec4168b6433a8d6d90d52d3,document edit
swd3-general-capture-eligibility-probe/TESTING.md,research/archive/swd3-general-capture-eligibility-probe/TESTING.md,2354,a93cb7afe599397ad4afec845ad65ebd04974e808ae1be18dc6cd1674963e432,2354,a93cb7afe599397ad4afec845ad65ebd04974e808ae1be18dc6cd1674963e432,a93cb7afe599397ad4afec845ad65ebd04974e808ae1be18dc6cd1674963e432,unchanged
swd3-general-capture-eligibility-probe/dist/swd3_general_capture_eligibility_probe.ssmod,research/archive/swd3-general-capture-eligibility-probe/dist/swd3_general_capture_eligibility_probe.ssmod,2666,f5c24f5e9f7f6d3c330862e53dc705b22138800333bf432d25866a33619e5018,2666,f5c24f5e9f7f6d3c330862e53dc705b22138800333bf432d25866a33619e5018,f5c24f5e9f7f6d3c330862e53dc705b22138800333bf432d25866a33619e5018,unchanged
swd3-general-capture-eligibility-probe/dist/build-v02-20260903/swd3_general_capture_eligibility_probe.ssmod,research/archive/swd3-general-capture-eligibility-probe/dist/build-v02-20260903/swd3_general_capture_eligibility_probe.ssmod,2666,d91f0e7d32d2768f5a7e522fb2f18812b6fcb01154cc8bba0e4cf076cfb5ec21,2666,d91f0e7d32d2768f5a7e522fb2f18812b6fcb01154cc8bba0e4cf076cfb5ec21,d91f0e7d32d2768f5a7e522fb2f18812b6fcb01154cc8bba0e4cf076cfb5ec21,unchanged
swd3-general-capture-eligibility-probe/dist/build-v03-20260903/swd3_general_capture_eligibility_probe.ssmod,research/archive/swd3-general-capture-eligibility-probe/dist/build-v03-20260903/swd3_general_capture_eligibility_probe.ssmod,2743,3c1090bc72dbe9f2bd639baa3c4a9a99b62a70c616d0c2d3fecc9c8cfc122ce9,2743,3c1090bc72dbe9f2bd639baa3c4a9a99b62a70c616d0c2d3fecc9c8cfc122ce9,3c1090bc72dbe9f2bd639baa3c4a9a99b62a70c616d0c2d3fecc9c8cfc122ce9,unchanged
swd3-general-capture-eligibility-probe/dist/build-v04-20260903/swd3_general_capture_eligibility_probe.ssmod,research/archive/swd3-general-capture-eligibility-probe/dist/build-v04-20260903/swd3_general_capture_eligibility_probe.ssmod,3274,0295c4ad412dc0f7ce078a4dd6e5d12366749272021a21b23a81c4e1fd12ba7f,3274,0295c4ad412dc0f7ce078a4dd6e5d12366749272021a21b23a81c4e1fd12ba7f,0295c4ad412dc0f7ce078a4dd6e5d12366749272021a21b23a81c4e1fd12ba7f,unchanged
swd3-general-capture-eligibility-probe/dist/verify-general-capture-eligibility-20260903/swd3_general_capture_eligibility_probe.ext,research/archive/swd3-general-capture-eligibility-probe/dist/verify-general-capture-eligibility-20260903/swd3_general_capture_eligibility_probe.ext,441,1df495e8a893c20b9223d71e105faa9247f1413cb406e9b6331a05c0c10c0ad3,441,1df495e8a893c20b9223d71e105faa9247f1413cb406e9b6331a05c0c10c0ad3,1df495e8a893c20b9223d71e105faa9247f1413cb406e9b6331a05c0c10c0ad3,unchanged
swd3-general-capture-eligibility-probe/dist/verify-general-capture-eligibility-20260903/swd3_general_capture_eligibility_probe.ssmod,research/archive/swd3-general-capture-eligibility-probe/dist/verify-general-capture-eligibility-20260903/swd3_general_capture_eligibility_probe.ssmod,2666,f5c24f5e9f7f6d3c330862e53dc705b22138800333bf432d25866a33619e5018,2666,f5c24f5e9f7f6d3c330862e53dc705b22138800333bf432d25866a33619e5018,f5c24f5e9f7f6d3c330862e53dc705b22138800333bf432d25866a33619e5018,unchanged
swd3-general-capture-eligibility-probe/dist/verify-general-capture-eligibility-20260903/out_data/GeneralCaptureEligibilityProbe.lua,research/archive/swd3-general-capture-eligibility-probe/dist/verify-general-capture-eligibility-20260903/out_data/GeneralCaptureEligibilityProbe.lua,5450,492e9297b21778790a917c29e9863b9fd3b2f439833425817b1516a545390d39,5450,492e9297b21778790a917c29e9863b9fd3b2f439833425817b1516a545390d39,492e9297b21778790a917c29e9863b9fd3b2f439833425817b1516a545390d39,unchanged
swd3-general-capture-eligibility-probe/dist/verify-general-capture-eligibility-v02-20260903/swd3_general_capture_eligibility_probe.ext,research/archive/swd3-general-capture-eligibility-probe/dist/verify-general-capture-eligibility-v02-20260903/swd3_general_capture_eligibility_probe.ext,435,c678ee43d7ca9f67946af4cd3a08e387f02642a9731152e7685fca33eb3e35b0,435,c678ee43d7ca9f67946af4cd3a08e387f02642a9731152e7685fca33eb3e35b0,c678ee43d7ca9f67946af4cd3a08e387f02642a9731152e7685fca33eb3e35b0,unchanged
swd3-general-capture-eligibility-probe/dist/verify-general-capture-eligibility-v02-20260903/swd3_general_capture_eligibility_probe.ssmod,research/archive/swd3-general-capture-eligibility-probe/dist/verify-general-capture-eligibility-v02-20260903/swd3_general_capture_eligibility_probe.ssmod,2666,d91f0e7d32d2768f5a7e522fb2f18812b6fcb01154cc8bba0e4cf076cfb5ec21,2666,d91f0e7d32d2768f5a7e522fb2f18812b6fcb01154cc8bba0e4cf076cfb5ec21,d91f0e7d32d2768f5a7e522fb2f18812b6fcb01154cc8bba0e4cf076cfb5ec21,unchanged
swd3-general-capture-eligibility-probe/dist/verify-general-capture-eligibility-v02-20260903/out_data/GeneralCaptureEligibilityProbe.lua,research/archive/swd3-general-capture-eligibility-probe/dist/verify-general-capture-eligibility-v02-20260903/out_data/GeneralCaptureEligibilityProbe.lua,5783,9ae6bc7b68c8801ff7666654419520e52a03fedd76385b60f9df9e80863deaff,5783,9ae6bc7b68c8801ff7666654419520e52a03fedd76385b60f9df9e80863deaff,9ae6bc7b68c8801ff7666654419520e52a03fedd76385b60f9df9e80863deaff,unchanged
swd3-general-capture-eligibility-probe/dist/verify-general-capture-eligibility-v03-20260903/swd3_general_capture_eligibility_probe.ext,research/archive/swd3-general-capture-eligibility-probe/dist/verify-general-capture-eligibility-v03-20260903/swd3_general_capture_eligibility_probe.ext,438,be14706b9a92d0c9f8f67822f56a0e18cf7ed8d4077dd6c7c897deca4bb1aa70,438,be14706b9a92d0c9f8f67822f56a0e18cf7ed8d4077dd6c7c897deca4bb1aa70,be14706b9a92d0c9f8f67822f56a0e18cf7ed8d4077dd6c7c897deca4bb1aa70,unchanged
swd3-general-capture-eligibility-probe/dist/verify-general-capture-eligibility-v03-20260903/swd3_general_capture_eligibility_probe.ssmod,research/archive/swd3-general-capture-eligibility-probe/dist/verify-general-capture-eligibility-v03-20260903/swd3_general_capture_eligibility_probe.ssmod,2743,3c1090bc72dbe9f2bd639baa3c4a9a99b62a70c616d0c2d3fecc9c8cfc122ce9,2743,3c1090bc72dbe9f2bd639baa3c4a9a99b62a70c616d0c2d3fecc9c8cfc122ce9,3c1090bc72dbe9f2bd639baa3c4a9a99b62a70c616d0c2d3fecc9c8cfc122ce9,unchanged
swd3-general-capture-eligibility-probe/dist/verify-general-capture-eligibility-v03-20260903/out_data/GeneralCaptureEligibilityProbe.lua,research/archive/swd3-general-capture-eligibility-probe/dist/verify-general-capture-eligibility-v03-20260903/out_data/GeneralCaptureEligibilityProbe.lua,5693,93646ad0319fefb91eb9d75dce2924c2a67edb453ed965baf6e24f50b4cacdf3,5693,93646ad0319fefb91eb9d75dce2924c2a67edb453ed965baf6e24f50b4cacdf3,93646ad0319fefb91eb9d75dce2924c2a67edb453ed965baf6e24f50b4cacdf3,unchanged
swd3-general-capture-eligibility-probe/dist/verify-general-capture-eligibility-v04-20260903/swd3_general_capture_eligibility_probe.ext,research/archive/swd3-general-capture-eligibility-probe/dist/verify-general-capture-eligibility-v04-20260903/swd3_general_capture_eligibility_probe.ext,459,d894be3a9b0e461be1706ae2c376e0e037bf54003ccba70abaaa11f3fd449ba3,459,d894be3a9b0e461be1706ae2c376e0e037bf54003ccba70abaaa11f3fd449ba3,d894be3a9b0e461be1706ae2c376e0e037bf54003ccba70abaaa11f3fd449ba3,unchanged
swd3-general-capture-eligibility-probe/dist/verify-general-capture-eligibility-v04-20260903/swd3_general_capture_eligibility_probe.ssmod,research/archive/swd3-general-capture-eligibility-probe/dist/verify-general-capture-eligibility-v04-20260903/swd3_general_capture_eligibility_probe.ssmod,3274,0295c4ad412dc0f7ce078a4dd6e5d12366749272021a21b23a81c4e1fd12ba7f,3274,0295c4ad412dc0f7ce078a4dd6e5d12366749272021a21b23a81c4e1fd12ba7f,0295c4ad412dc0f7ce078a4dd6e5d12366749272021a21b23a81c4e1fd12ba7f,unchanged
swd3-general-capture-eligibility-probe/dist/verify-general-capture-eligibility-v04-20260903/out_data/GeneralCaptureEligibilityProbe.lua,research/archive/swd3-general-capture-eligibility-probe/dist/verify-general-capture-eligibility-v04-20260903/out_data/GeneralCaptureEligibilityProbe.lua,7773,1b65886e2d5db08ada6e2069ca6062a69e0f77a6cfbee25681b43d68ca7aecad,7773,1b65886e2d5db08ada6e2069ca6062a69e0f77a6cfbee25681b43d68ca7aecad,1b65886e2d5db08ada6e2069ca6062a69e0f77a6cfbee25681b43d68ca7aecad,unchanged
swd3-general-capture-eligibility-probe/src/swd3_general_capture_eligibility_probe.ext,research/archive/swd3-general-capture-eligibility-probe/src/swd3_general_capture_eligibility_probe.ext,459,d894be3a9b0e461be1706ae2c376e0e037bf54003ccba70abaaa11f3fd449ba3,459,d894be3a9b0e461be1706ae2c376e0e037bf54003ccba70abaaa11f3fd449ba3,d894be3a9b0e461be1706ae2c376e0e037bf54003ccba70abaaa11f3fd449ba3,unchanged
swd3-general-capture-eligibility-probe/src/data/GeneralCaptureEligibilityProbe.lua,research/archive/swd3-general-capture-eligibility-probe/src/data/GeneralCaptureEligibilityProbe.lua,7773,1b65886e2d5db08ada6e2069ca6062a69e0f77a6cfbee25681b43d68ca7aecad,7773,1b65886e2d5db08ada6e2069ca6062a69e0f77a6cfbee25681b43d68ca7aecad,1b65886e2d5db08ada6e2069ca6062a69e0f77a6cfbee25681b43d68ca7aecad,unchanged
swd3-general-capture-eligibility-probe/tests/mock_general_capture_eligibility_probe.lua,research/archive/swd3-general-capture-eligibility-probe/tests/mock_general_capture_eligibility_probe.lua,2078,75950ab16212c99cb3ee449fa4e2baf072931a892b7036be6ba12fc7fe52148b,2078,75950ab16212c99cb3ee449fa4e2baf072931a892b7036be6ba12fc7fe52148b,75950ab16212c99cb3ee449fa4e2baf072931a892b7036be6ba12fc7fe52148b,unchanged
swd3-general-capture-eligibility-probe/tests/run-tests.ps1,research/archive/swd3-general-capture-eligibility-probe/tests/run-tests.ps1,672,acfab703f62616babbcb4e75075fee1768cfd52d06a97bb91d70916e47311ece,672,acfab703f62616babbcb4e75075fee1768cfd52d06a97bb91d70916e47311ece,acfab703f62616babbcb4e75075fee1768cfd52d06a97bb91d70916e47311ece,unchanged
swd3-story-boss-level-gate-probe/README.md,research/archive/swd3-story-boss-level-gate-probe/README.md,2347,9026487e80d1e3e71229d3d5fe91d7dc1fa0ee468b427149b6c1e19b0c4cd289,2347,9026487e80d1e3e71229d3d5fe91d7dc1fa0ee468b427149b6c1e19b0c4cd289,212fa9dcb48576df77622cfd2a327984b98f92cdd4e0d47f3af0fafee0c921c6,document edit
swd3-story-boss-level-gate-probe/TESTING.md,research/archive/swd3-story-boss-level-gate-probe/TESTING.md,2748,2786017ec5a1559ca24943f5c7168df651cf2ff038151b12fd33c8892a97db59,2748,2786017ec5a1559ca24943f5c7168df651cf2ff038151b12fd33c8892a97db59,2786017ec5a1559ca24943f5c7168df651cf2ff038151b12fd33c8892a97db59,unchanged
swd3-story-boss-level-gate-probe/dist/swd3_story_boss_level_gate_probe.ssmod,research/archive/swd3-story-boss-level-gate-probe/dist/swd3_story_boss_level_gate_probe.ssmod,2774,aa6ef31846a77b06057abaaa2ae0a689513b26d890ccfeec6a3638b3d9cf633e,2774,aa6ef31846a77b06057abaaa2ae0a689513b26d890ccfeec6a3638b3d9cf633e,aa6ef31846a77b06057abaaa2ae0a689513b26d890ccfeec6a3638b3d9cf633e,unchanged
swd3-story-boss-level-gate-probe/dist/build-v02-20260903/swd3_story_boss_level_gate_probe.ssmod,research/archive/swd3-story-boss-level-gate-probe/dist/build-v02-20260903/swd3_story_boss_level_gate_probe.ssmod,3391,993bd18dec3a027b55687258d22574a0aed00f4b9644bef61ef139ab8ac797bc,3391,993bd18dec3a027b55687258d22574a0aed00f4b9644bef61ef139ab8ac797bc,993bd18dec3a027b55687258d22574a0aed00f4b9644bef61ef139ab8ac797bc,unchanged
swd3-story-boss-level-gate-probe/dist/verify-20260903/swd3_story_boss_level_gate_probe.ext,research/archive/swd3-story-boss-level-gate-probe/dist/verify-20260903/swd3_story_boss_level_gate_probe.ext,378,36cb33da05d20ee244db3ca7004d366fd5567343e5b23d7ca6d2bbc3a98ec059,378,36cb33da05d20ee244db3ca7004d366fd5567343e5b23d7ca6d2bbc3a98ec059,36cb33da05d20ee244db3ca7004d366fd5567343e5b23d7ca6d2bbc3a98ec059,unchanged
swd3-story-boss-level-gate-probe/dist/verify-20260903/swd3_story_boss_level_gate_probe.ssmod,research/archive/swd3-story-boss-level-gate-probe/dist/verify-20260903/swd3_story_boss_level_gate_probe.ssmod,2774,aa6ef31846a77b06057abaaa2ae0a689513b26d890ccfeec6a3638b3d9cf633e,2774,aa6ef31846a77b06057abaaa2ae0a689513b26d890ccfeec6a3638b3d9cf633e,aa6ef31846a77b06057abaaa2ae0a689513b26d890ccfeec6a3638b3d9cf633e,unchanged
swd3-story-boss-level-gate-probe/dist/verify-20260903/out_data/StoryBossLevelGateProbe.lua,research/archive/swd3-story-boss-level-gate-probe/dist/verify-20260903/out_data/StoryBossLevelGateProbe.lua,5524,4ac57260ee9acb6099dd1207aa4a5d2c971fc080fccb51d7dbdeb590a1cfe1aa,5524,4ac57260ee9acb6099dd1207aa4a5d2c971fc080fccb51d7dbdeb590a1cfe1aa,4ac57260ee9acb6099dd1207aa4a5d2c971fc080fccb51d7dbdeb590a1cfe1aa,unchanged
swd3-story-boss-level-gate-probe/dist/verify-v02-20260903/swd3_story_boss_level_gate_probe.ext,research/archive/swd3-story-boss-level-gate-probe/dist/verify-v02-20260903/swd3_story_boss_level_gate_probe.ext,411,7ae301984b1fc98a970975c3e41819aab80ab83c0418dcefb54fc466371e7784,411,7ae301984b1fc98a970975c3e41819aab80ab83c0418dcefb54fc466371e7784,7ae301984b1fc98a970975c3e41819aab80ab83c0418dcefb54fc466371e7784,unchanged
swd3-story-boss-level-gate-probe/dist/verify-v02-20260903/swd3_story_boss_level_gate_probe.ssmod,research/archive/swd3-story-boss-level-gate-probe/dist/verify-v02-20260903/swd3_story_boss_level_gate_probe.ssmod,3391,993bd18dec3a027b55687258d22574a0aed00f4b9644bef61ef139ab8ac797bc,3391,993bd18dec3a027b55687258d22574a0aed00f4b9644bef61ef139ab8ac797bc,993bd18dec3a027b55687258d22574a0aed00f4b9644bef61ef139ab8ac797bc,unchanged
swd3-story-boss-level-gate-probe/dist/verify-v02-20260903/out_data/StoryBossLevelGateProbe.lua,research/archive/swd3-story-boss-level-gate-probe/dist/verify-v02-20260903/out_data/StoryBossLevelGateProbe.lua,7944,286cb1f824398fd1b2c691ed52e44db5af20ecea59489eddeee8834e8d2ea5d8,7944,286cb1f824398fd1b2c691ed52e44db5af20ecea59489eddeee8834e8d2ea5d8,286cb1f824398fd1b2c691ed52e44db5af20ecea59489eddeee8834e8d2ea5d8,unchanged
swd3-story-boss-level-gate-probe/src/swd3_story_boss_level_gate_probe.ext,research/archive/swd3-story-boss-level-gate-probe/src/swd3_story_boss_level_gate_probe.ext,411,7ae301984b1fc98a970975c3e41819aab80ab83c0418dcefb54fc466371e7784,411,7ae301984b1fc98a970975c3e41819aab80ab83c0418dcefb54fc466371e7784,7ae301984b1fc98a970975c3e41819aab80ab83c0418dcefb54fc466371e7784,unchanged
swd3-story-boss-level-gate-probe/src/data/StoryBossLevelGateProbe.lua,research/archive/swd3-story-boss-level-gate-probe/src/data/StoryBossLevelGateProbe.lua,7944,286cb1f824398fd1b2c691ed52e44db5af20ecea59489eddeee8834e8d2ea5d8,7944,286cb1f824398fd1b2c691ed52e44db5af20ecea59489eddeee8834e8d2ea5d8,286cb1f824398fd1b2c691ed52e44db5af20ecea59489eddeee8834e8d2ea5d8,unchanged
swd3-story-boss-level-gate-probe/tests/mock_story_boss_level_gate_probe.lua,research/archive/swd3-story-boss-level-gate-probe/tests/mock_story_boss_level_gate_probe.lua,1877,6b1007262309c00aa371842aa2fcf61ecf1ef08380934a8a04751c94bef5c929,1877,6b1007262309c00aa371842aa2fcf61ecf1ef08380934a8a04751c94bef5c929,6b1007262309c00aa371842aa2fcf61ecf1ef08380934a8a04751c94bef5c929,unchanged
swd3-story-boss-level-gate-probe/tests/run-tests.ps1,research/archive/swd3-story-boss-level-gate-probe/tests/run-tests.ps1,641,6709cbe6ab5f5aece6b3e9c1006bbe6a270475dd235c07bdda0120f3e12427e3,641,6709cbe6ab5f5aece6b3e9c1006bbe6a270475dd235c07bdda0120f3e12427e3,6709cbe6ab5f5aece6b3e9c1006bbe6a270475dd235c07bdda0120f3e12427e3,unchanged
swd3-high-level-capture-gate-probe/README.md,research/archive/swd3-high-level-capture-gate-probe/README.md,2589,7de37b1e38ad670168d191f27cdc8e6e2180d7e420f04e866872277bc9d31bf1,2589,7de37b1e38ad670168d191f27cdc8e6e2180d7e420f04e866872277bc9d31bf1,c7d045c76e81e886c3164f66b7b2d1aadc60e3ef870f2d450de81214d752b439,document edit
swd3-high-level-capture-gate-probe/swd3_high_level_capture_gate_probe.ssmod,research/archive/swd3-high-level-capture-gate-probe/swd3_high_level_capture_gate_probe.ssmod,3655,05400be36f896b0300f8591b5f4b9bf68e409c95c9089154f280c4af01b8853f,3655,05400be36f896b0300f8591b5f4b9bf68e409c95c9089154f280c4af01b8853f,05400be36f896b0300f8591b5f4b9bf68e409c95c9089154f280c4af01b8853f,unchanged
swd3-high-level-capture-gate-probe/TESTING.md,research/archive/swd3-high-level-capture-gate-probe/TESTING.md,1061,cde650587daa67ad1e90ede339db0dd66eb0d5e467377b337b308696136dc0ed,1061,cde650587daa67ad1e90ede339db0dd66eb0d5e467377b337b308696136dc0ed,cde650587daa67ad1e90ede339db0dd66eb0d5e467377b337b308696136dc0ed,unchanged
swd3-high-level-capture-gate-probe/src/swd3_high_level_capture_gate_probe.ext,research/archive/swd3-high-level-capture-gate-probe/src/swd3_high_level_capture_gate_probe.ext,412,d6cf53930b5a1044ae74bc7c6cdb8b1a2447b2461bb5543350a60933794b834c,412,d6cf53930b5a1044ae74bc7c6cdb8b1a2447b2461bb5543350a60933794b834c,d6cf53930b5a1044ae74bc7c6cdb8b1a2447b2461bb5543350a60933794b834c,unchanged
swd3-high-level-capture-gate-probe/src/data/HighLevelCaptureGateProbe.lua,research/archive/swd3-high-level-capture-gate-probe/src/data/HighLevelCaptureGateProbe.lua,8961,5f9f66ca99e8ab41715ea8846c3bb326134565f4c5f1cbd266b089e7f6ab8e42,8961,5f9f66ca99e8ab41715ea8846c3bb326134565f4c5f1cbd266b089e7f6ab8e42,5f9f66ca99e8ab41715ea8846c3bb326134565f4c5f1cbd266b089e7f6ab8e42,unchanged
swd3-high-level-capture-gate-probe/tests/mock_high_level_capture_gate_probe.lua,research/archive/swd3-high-level-capture-gate-probe/tests/mock_high_level_capture_gate_probe.lua,3144,efdbcbbf1bab11c392d04b35d2d7965614b2dab2e16860ecbdd5bc4d3d027d0a,3144,efdbcbbf1bab11c392d04b35d2d7965614b2dab2e16860ecbdd5bc4d3d027d0a,efdbcbbf1bab11c392d04b35d2d7965614b2dab2e16860ecbdd5bc4d3d027d0a,unchanged
swd3-high-level-capture-gate-probe/tests/run-tests.ps1,research/archive/swd3-high-level-capture-gate-probe/tests/run-tests.ps1,647,6c718136705757d02adebdb64372dd2c245719cc8b972941d70947fc9cc1aaf1,647,6c718136705757d02adebdb64372dd2c245719cc8b972941d70947fc9cc1aaf1,6c718136705757d02adebdb64372dd2c245719cc8b972941d70947fc9cc1aaf1,unchanged
swd3-high-level-capture-gate-probe/verify/swd3_high_level_capture_gate_probe.ext,research/archive/swd3-high-level-capture-gate-probe/verify/swd3_high_level_capture_gate_probe.ext,412,d6cf53930b5a1044ae74bc7c6cdb8b1a2447b2461bb5543350a60933794b834c,412,d6cf53930b5a1044ae74bc7c6cdb8b1a2447b2461bb5543350a60933794b834c,d6cf53930b5a1044ae74bc7c6cdb8b1a2447b2461bb5543350a60933794b834c,unchanged
swd3-high-level-capture-gate-probe/verify/swd3_high_level_capture_gate_probe.ssmod,research/archive/swd3-high-level-capture-gate-probe/verify/swd3_high_level_capture_gate_probe.ssmod,3655,05400be36f896b0300f8591b5f4b9bf68e409c95c9089154f280c4af01b8853f,3655,05400be36f896b0300f8591b5f4b9bf68e409c95c9089154f280c4af01b8853f,05400be36f896b0300f8591b5f4b9bf68e409c95c9089154f280c4af01b8853f,unchanged
swd3-high-level-capture-gate-probe/verify/out_data/HighLevelCaptureGateProbe.lua,research/archive/swd3-high-level-capture-gate-probe/verify/out_data/HighLevelCaptureGateProbe.lua,8961,5f9f66ca99e8ab41715ea8846c3bb326134565f4c5f1cbd266b089e7f6ab8e42,8961,5f9f66ca99e8ab41715ea8846c3bb326134565f4c5f1cbd266b089e7f6ab8e42,5f9f66ca99e8ab41715ea8846c3bb326134565f4c5f1cbd266b089e7f6ab8e42,unchanged
swd3-formal-capture-validation-probe/README.md,research/archive/swd3-formal-capture-validation-probe/README.md,1627,13ee305a565a3068f9ec5f5d0f0fd1fbede37315121d1bf47960e62e71ce33bb,1627,13ee305a565a3068f9ec5f5d0f0fd1fbede37315121d1bf47960e62e71ce33bb,4e9a6f491e90e3a8f4e68a7a933c9abf115edd749765f964a4d1fab03dcb7551,document edit
swd3-formal-capture-validation-probe/TESTING.md,research/archive/swd3-formal-capture-validation-probe/TESTING.md,956,4c84887e9d1ddb857caab2d04e7d70b2ce30219d61712cf30070c46ebaf9c6bb,956,4c84887e9d1ddb857caab2d04e7d70b2ce30219d61712cf30070c46ebaf9c6bb,4c84887e9d1ddb857caab2d04e7d70b2ce30219d61712cf30070c46ebaf9c6bb,unchanged
swd3-formal-capture-validation-probe/package-v01/swd3_formal_capture_validation_probe.ssmod,research/archive/swd3-formal-capture-validation-probe/package-v01/swd3_formal_capture_validation_probe.ssmod,2551,07e720dad31b994bc107defb82fc8dca49fc2334978c72fb5d113242dc304b42,2551,07e720dad31b994bc107defb82fc8dca49fc2334978c72fb5d113242dc304b42,07e720dad31b994bc107defb82fc8dca49fc2334978c72fb5d113242dc304b42,unchanged
swd3-formal-capture-validation-probe/package-v01/verify/swd3_formal_capture_validation_probe.ext,research/archive/swd3-formal-capture-validation-probe/package-v01/verify/swd3_formal_capture_validation_probe.ext,379,4bea1bb020274bd5c3e537d82a5935b6f77ae13ef6b74b873caab09458846151,379,4bea1bb020274bd5c3e537d82a5935b6f77ae13ef6b74b873caab09458846151,4bea1bb020274bd5c3e537d82a5935b6f77ae13ef6b74b873caab09458846151,unchanged
swd3-formal-capture-validation-probe/package-v01/verify/swd3_formal_capture_validation_probe.ssmod,research/archive/swd3-formal-capture-validation-probe/package-v01/verify/swd3_formal_capture_validation_probe.ssmod,2551,07e720dad31b994bc107defb82fc8dca49fc2334978c72fb5d113242dc304b42,2551,07e720dad31b994bc107defb82fc8dca49fc2334978c72fb5d113242dc304b42,07e720dad31b994bc107defb82fc8dca49fc2334978c72fb5d113242dc304b42,unchanged
swd3-formal-capture-validation-probe/package-v01/verify/out_data/FormalCaptureValidationProbe.lua,research/archive/swd3-formal-capture-validation-probe/package-v01/verify/out_data/FormalCaptureValidationProbe.lua,4565,600c95fb99c1b45acb3690cb7e58ab4d47d165430ff0be95f797b6234b1891c5,4565,600c95fb99c1b45acb3690cb7e58ab4d47d165430ff0be95f797b6234b1891c5,600c95fb99c1b45acb3690cb7e58ab4d47d165430ff0be95f797b6234b1891c5,unchanged
swd3-formal-capture-validation-probe/src/swd3_formal_capture_validation_probe.ext,research/archive/swd3-formal-capture-validation-probe/src/swd3_formal_capture_validation_probe.ext,379,4bea1bb020274bd5c3e537d82a5935b6f77ae13ef6b74b873caab09458846151,379,4bea1bb020274bd5c3e537d82a5935b6f77ae13ef6b74b873caab09458846151,4bea1bb020274bd5c3e537d82a5935b6f77ae13ef6b74b873caab09458846151,unchanged
swd3-formal-capture-validation-probe/src/data/FormalCaptureValidationProbe.lua,research/archive/swd3-formal-capture-validation-probe/src/data/FormalCaptureValidationProbe.lua,4565,600c95fb99c1b45acb3690cb7e58ab4d47d165430ff0be95f797b6234b1891c5,4565,600c95fb99c1b45acb3690cb7e58ab4d47d165430ff0be95f797b6234b1891c5,600c95fb99c1b45acb3690cb7e58ab4d47d165430ff0be95f797b6234b1891c5,unchanged
swd3-formal-capture-validation-probe/tests/mock_formal_capture_validation_probe.lua,research/archive/swd3-formal-capture-validation-probe/tests/mock_formal_capture_validation_probe.lua,1360,c572fe050445e2f829cfc3b809040648afd387556ff6c395b0ca47cc7d1456b7,1360,c572fe050445e2f829cfc3b809040648afd387556ff6c395b0ca47cc7d1456b7,c572fe050445e2f829cfc3b809040648afd387556ff6c395b0ca47cc7d1456b7,unchanged
swd3-formal-capture-validation-probe/tests/run-tests.ps1,research/archive/swd3-formal-capture-validation-probe/tests/run-tests.ps1,658,9989bc08e04472679c733e4b546c864f220a681945c7d57ec3f3a2ebdc2fcc1e,658,9989bc08e04472679c733e4b546c864f220a681945c7d57ec3f3a2ebdc2fcc1e,9989bc08e04472679c733e4b546c864f220a681945c7d57ec3f3a2ebdc2fcc1e,unchanged
swd3-guardian-resistance-battle-probe/README.md,research/archive/swd3-guardian-resistance-battle-probe/README.md,3274,919d78c83e240c1eb4769e8fd838848e5716c3e64a419276d6146caaa4a428b6,3274,919d78c83e240c1eb4769e8fd838848e5716c3e64a419276d6146caaa4a428b6,1e57965aeba944582108d398bb1252e0b7cbc225c2ef1f1438019457167ec1bb,document edit
swd3-guardian-resistance-battle-probe/dist/guardian_resistance_battle_probe.ssmod,research/archive/swd3-guardian-resistance-battle-probe/dist/guardian_resistance_battle_probe.ssmod,2364,3adc444ad22b3f0d28ebb3eaf65f26ad2287054205733006ca1848fe2d782dcc,2364,3adc444ad22b3f0d28ebb3eaf65f26ad2287054205733006ca1848fe2d782dcc,3adc444ad22b3f0d28ebb3eaf65f26ad2287054205733006ca1848fe2d782dcc,unchanged
swd3-guardian-resistance-battle-probe/dist/verify-v01-20260903/guardian_resistance_battle_probe.ext,research/archive/swd3-guardian-resistance-battle-probe/dist/verify-v01-20260903/guardian_resistance_battle_probe.ext,361,d808a647fb6bf1ccf68e4b7507b38932224fd475dafe47e9964796ab29104525,361,d808a647fb6bf1ccf68e4b7507b38932224fd475dafe47e9964796ab29104525,d808a647fb6bf1ccf68e4b7507b38932224fd475dafe47e9964796ab29104525,unchanged
swd3-guardian-resistance-battle-probe/dist/verify-v01-20260903/guardian_resistance_battle_probe.ssmod,research/archive/swd3-guardian-resistance-battle-probe/dist/verify-v01-20260903/guardian_resistance_battle_probe.ssmod,1967,5e3d0ddffcce729cce9d354721122ac213de88b3d148823df0f6090db688df85,1967,5e3d0ddffcce729cce9d354721122ac213de88b3d148823df0f6090db688df85,5e3d0ddffcce729cce9d354721122ac213de88b3d148823df0f6090db688df85,unchanged
swd3-guardian-resistance-battle-probe/dist/verify-v01-20260903/out_data/GuardianResistanceBattleProbe.lua,research/archive/swd3-guardian-resistance-battle-probe/dist/verify-v01-20260903/out_data/GuardianResistanceBattleProbe.lua,3125,fa17753e3f451f3914fa48d4e507ffd91c645cbaf5a08b081ff1492e0a8ef6f9,3125,fa17753e3f451f3914fa48d4e507ffd91c645cbaf5a08b081ff1492e0a8ef6f9,fa17753e3f451f3914fa48d4e507ffd91c645cbaf5a08b081ff1492e0a8ef6f9,unchanged
swd3-guardian-resistance-battle-probe/dist/verify-v02-20260903/guardian_resistance_battle_probe.ext,research/archive/swd3-guardian-resistance-battle-probe/dist/verify-v02-20260903/guardian_resistance_battle_probe.ext,361,d808a647fb6bf1ccf68e4b7507b38932224fd475dafe47e9964796ab29104525,361,d808a647fb6bf1ccf68e4b7507b38932224fd475dafe47e9964796ab29104525,d808a647fb6bf1ccf68e4b7507b38932224fd475dafe47e9964796ab29104525,unchanged
swd3-guardian-resistance-battle-probe/dist/verify-v02-20260903/guardian_resistance_battle_probe.ssmod,research/archive/swd3-guardian-resistance-battle-probe/dist/verify-v02-20260903/guardian_resistance_battle_probe.ssmod,1981,0c21570630f598befdc1e16980ba6e7bebe233695860ea9c22ec8e6b00c050f1,1981,0c21570630f598befdc1e16980ba6e7bebe233695860ea9c22ec8e6b00c050f1,0c21570630f598befdc1e16980ba6e7bebe233695860ea9c22ec8e6b00c050f1,unchanged
swd3-guardian-resistance-battle-probe/dist/verify-v02-20260903/out_data/GuardianResistanceBattleProbe.lua,research/archive/swd3-guardian-resistance-battle-probe/dist/verify-v02-20260903/out_data/GuardianResistanceBattleProbe.lua,3231,4f96b5184bd998314dd7b49b7b45231c47716a8789ed7bd366b4dd23cb333d1e,3231,4f96b5184bd998314dd7b49b7b45231c47716a8789ed7bd366b4dd23cb333d1e,4f96b5184bd998314dd7b49b7b45231c47716a8789ed7bd366b4dd23cb333d1e,unchanged
swd3-guardian-resistance-battle-probe/dist/verify-v03-20260903/guardian_resistance_battle_probe.ext,research/archive/swd3-guardian-resistance-battle-probe/dist/verify-v03-20260903/guardian_resistance_battle_probe.ext,361,d808a647fb6bf1ccf68e4b7507b38932224fd475dafe47e9964796ab29104525,361,d808a647fb6bf1ccf68e4b7507b38932224fd475dafe47e9964796ab29104525,d808a647fb6bf1ccf68e4b7507b38932224fd475dafe47e9964796ab29104525,unchanged
swd3-guardian-resistance-battle-probe/dist/verify-v03-20260903/guardian_resistance_battle_probe.ssmod,research/archive/swd3-guardian-resistance-battle-probe/dist/verify-v03-20260903/guardian_resistance_battle_probe.ssmod,1985,b301babfa7f5d576bd9a1261426e6a42edca8e047af42bc151666110695329df,1985,b301babfa7f5d576bd9a1261426e6a42edca8e047af42bc151666110695329df,b301babfa7f5d576bd9a1261426e6a42edca8e047af42bc151666110695329df,unchanged
swd3-guardian-resistance-battle-probe/dist/verify-v03-20260903/out_data/GuardianResistanceBattleProbe.lua,research/archive/swd3-guardian-resistance-battle-probe/dist/verify-v03-20260903/out_data/GuardianResistanceBattleProbe.lua,3158,d164b64b86c6103fda2388ae97c5dea42bfc5f46e87975dcf6238be09f636511,3158,d164b64b86c6103fda2388ae97c5dea42bfc5f46e87975dcf6238be09f636511,d164b64b86c6103fda2388ae97c5dea42bfc5f46e87975dcf6238be09f636511,unchanged
swd3-guardian-resistance-battle-probe/dist/verify-v04-20260903/guardian_resistance_battle_probe.ext,research/archive/swd3-guardian-resistance-battle-probe/dist/verify-v04-20260903/guardian_resistance_battle_probe.ext,361,d808a647fb6bf1ccf68e4b7507b38932224fd475dafe47e9964796ab29104525,361,d808a647fb6bf1ccf68e4b7507b38932224fd475dafe47e9964796ab29104525,d808a647fb6bf1ccf68e4b7507b38932224fd475dafe47e9964796ab29104525,unchanged
swd3-guardian-resistance-battle-probe/dist/verify-v04-20260903/guardian_resistance_battle_probe.ssmod,research/archive/swd3-guardian-resistance-battle-probe/dist/verify-v04-20260903/guardian_resistance_battle_probe.ssmod,2059,8cad87dcac0780b68b3d8b745d093b8728953e7b244e5a5fae1d2e3962cd7d15,2059,8cad87dcac0780b68b3d8b745d093b8728953e7b244e5a5fae1d2e3962cd7d15,8cad87dcac0780b68b3d8b745d093b8728953e7b244e5a5fae1d2e3962cd7d15,unchanged
swd3-guardian-resistance-battle-probe/dist/verify-v04-20260903/out_data/GuardianResistanceBattleProbe.lua,research/archive/swd3-guardian-resistance-battle-probe/dist/verify-v04-20260903/out_data/GuardianResistanceBattleProbe.lua,3484,af2ef0516a3b85a6a315179f657dd721c27bad4fc2619e0713ff37e65c1eea8b,3484,af2ef0516a3b85a6a315179f657dd721c27bad4fc2619e0713ff37e65c1eea8b,af2ef0516a3b85a6a315179f657dd721c27bad4fc2619e0713ff37e65c1eea8b,unchanged
swd3-guardian-resistance-battle-probe/dist/verify-v05-20260903/guardian_resistance_battle_probe.ext,research/archive/swd3-guardian-resistance-battle-probe/dist/verify-v05-20260903/guardian_resistance_battle_probe.ext,361,d808a647fb6bf1ccf68e4b7507b38932224fd475dafe47e9964796ab29104525,361,d808a647fb6bf1ccf68e4b7507b38932224fd475dafe47e9964796ab29104525,d808a647fb6bf1ccf68e4b7507b38932224fd475dafe47e9964796ab29104525,unchanged
swd3-guardian-resistance-battle-probe/dist/verify-v05-20260903/guardian_resistance_battle_probe.ssmod,research/archive/swd3-guardian-resistance-battle-probe/dist/verify-v05-20260903/guardian_resistance_battle_probe.ssmod,2169,b53fdbbff1e0182d7516de567f13a986804562e9041be0c9fcd865b11d9d780e,2169,b53fdbbff1e0182d7516de567f13a986804562e9041be0c9fcd865b11d9d780e,b53fdbbff1e0182d7516de567f13a986804562e9041be0c9fcd865b11d9d780e,unchanged
swd3-guardian-resistance-battle-probe/dist/verify-v05-20260903/out_data/GuardianResistanceBattleProbe.lua,research/archive/swd3-guardian-resistance-battle-probe/dist/verify-v05-20260903/out_data/GuardianResistanceBattleProbe.lua,3971,c5b517145b34a07f2704107e1925bc7a7fae85fd86b8608a85a89e9999406748,3971,c5b517145b34a07f2704107e1925bc7a7fae85fd86b8608a85a89e9999406748,c5b517145b34a07f2704107e1925bc7a7fae85fd86b8608a85a89e9999406748,unchanged
swd3-guardian-resistance-battle-probe/dist/verify-v06-20260903/guardian_resistance_battle_probe.ext,research/archive/swd3-guardian-resistance-battle-probe/dist/verify-v06-20260903/guardian_resistance_battle_probe.ext,361,d808a647fb6bf1ccf68e4b7507b38932224fd475dafe47e9964796ab29104525,361,d808a647fb6bf1ccf68e4b7507b38932224fd475dafe47e9964796ab29104525,d808a647fb6bf1ccf68e4b7507b38932224fd475dafe47e9964796ab29104525,unchanged
swd3-guardian-resistance-battle-probe/dist/verify-v06-20260903/guardian_resistance_battle_probe.ssmod,research/archive/swd3-guardian-resistance-battle-probe/dist/verify-v06-20260903/guardian_resistance_battle_probe.ssmod,2409,97d0d6e8b62929bb8e4f4d4dbecebdc805005109f98a1dbdb9f2974a05b5dbe5,2409,97d0d6e8b62929bb8e4f4d4dbecebdc805005109f98a1dbdb9f2974a05b5dbe5,97d0d6e8b62929bb8e4f4d4dbecebdc805005109f98a1dbdb9f2974a05b5dbe5,unchanged
swd3-guardian-resistance-battle-probe/dist/verify-v06-20260903/out_data/GuardianResistanceBattleProbe.lua,research/archive/swd3-guardian-resistance-battle-probe/dist/verify-v06-20260903/out_data/GuardianResistanceBattleProbe.lua,4986,a79fa3b0221f5fcb0d774dbdc09fe363011fcd0528696052bfb18b524938867a,4986,a79fa3b0221f5fcb0d774dbdc09fe363011fcd0528696052bfb18b524938867a,a79fa3b0221f5fcb0d774dbdc09fe363011fcd0528696052bfb18b524938867a,unchanged
swd3-guardian-resistance-battle-probe/dist/verify-v07-20260903/guardian_resistance_battle_probe.ext,research/archive/swd3-guardian-resistance-battle-probe/dist/verify-v07-20260903/guardian_resistance_battle_probe.ext,361,d808a647fb6bf1ccf68e4b7507b38932224fd475dafe47e9964796ab29104525,361,d808a647fb6bf1ccf68e4b7507b38932224fd475dafe47e9964796ab29104525,d808a647fb6bf1ccf68e4b7507b38932224fd475dafe47e9964796ab29104525,unchanged
swd3-guardian-resistance-battle-probe/dist/verify-v07-20260903/guardian_resistance_battle_probe.ssmod,research/archive/swd3-guardian-resistance-battle-probe/dist/verify-v07-20260903/guardian_resistance_battle_probe.ssmod,2485,d1bc0553c91a3dd60da6272163285cfdc8bfb93626b6286388dcee738230a6a3,2485,d1bc0553c91a3dd60da6272163285cfdc8bfb93626b6286388dcee738230a6a3,d1bc0553c91a3dd60da6272163285cfdc8bfb93626b6286388dcee738230a6a3,unchanged
swd3-guardian-resistance-battle-probe/dist/verify-v07-20260903/out_data/GuardianResistanceBattleProbe.lua,research/archive/swd3-guardian-resistance-battle-probe/dist/verify-v07-20260903/out_data/GuardianResistanceBattleProbe.lua,5183,0348fe0d56a22de432f3487a177880e4054a85d20a6de47978556e85e73f7821,5183,0348fe0d56a22de432f3487a177880e4054a85d20a6de47978556e85e73f7821,0348fe0d56a22de432f3487a177880e4054a85d20a6de47978556e85e73f7821,unchanged
swd3-guardian-resistance-battle-probe/dist/verify-v08-20260903/guardian_resistance_battle_probe.ext,research/archive/swd3-guardian-resistance-battle-probe/dist/verify-v08-20260903/guardian_resistance_battle_probe.ext,361,d808a647fb6bf1ccf68e4b7507b38932224fd475dafe47e9964796ab29104525,361,d808a647fb6bf1ccf68e4b7507b38932224fd475dafe47e9964796ab29104525,d808a647fb6bf1ccf68e4b7507b38932224fd475dafe47e9964796ab29104525,unchanged
swd3-guardian-resistance-battle-probe/dist/verify-v08-20260903/guardian_resistance_battle_probe.ssmod,research/archive/swd3-guardian-resistance-battle-probe/dist/verify-v08-20260903/guardian_resistance_battle_probe.ssmod,2206,7450cdbab0e187796c8ea19e35297e42451ee5d47eed3a923f28d592839b6ba2,2206,7450cdbab0e187796c8ea19e35297e42451ee5d47eed3a923f28d592839b6ba2,7450cdbab0e187796c8ea19e35297e42451ee5d47eed3a923f28d592839b6ba2,unchanged
swd3-guardian-resistance-battle-probe/dist/verify-v08-20260903/out_data/GuardianResistanceBattleProbe.lua,research/archive/swd3-guardian-resistance-battle-probe/dist/verify-v08-20260903/out_data/GuardianResistanceBattleProbe.lua,4076,6c056b726bcfd47a8435960df1a6f86093740b9ccb5a56679e40210b04c51b43,4076,6c056b726bcfd47a8435960df1a6f86093740b9ccb5a56679e40210b04c51b43,6c056b726bcfd47a8435960df1a6f86093740b9ccb5a56679e40210b04c51b43,unchanged
swd3-guardian-resistance-battle-probe/dist/verify-v09-20260903/guardian_resistance_battle_probe.ext,research/archive/swd3-guardian-resistance-battle-probe/dist/verify-v09-20260903/guardian_resistance_battle_probe.ext,361,d808a647fb6bf1ccf68e4b7507b38932224fd475dafe47e9964796ab29104525,361,d808a647fb6bf1ccf68e4b7507b38932224fd475dafe47e9964796ab29104525,d808a647fb6bf1ccf68e4b7507b38932224fd475dafe47e9964796ab29104525,unchanged
swd3-guardian-resistance-battle-probe/dist/verify-v09-20260903/guardian_resistance_battle_probe.ssmod,research/archive/swd3-guardian-resistance-battle-probe/dist/verify-v09-20260903/guardian_resistance_battle_probe.ssmod,2364,3adc444ad22b3f0d28ebb3eaf65f26ad2287054205733006ca1848fe2d782dcc,2364,3adc444ad22b3f0d28ebb3eaf65f26ad2287054205733006ca1848fe2d782dcc,3adc444ad22b3f0d28ebb3eaf65f26ad2287054205733006ca1848fe2d782dcc,unchanged
swd3-guardian-resistance-battle-probe/dist/verify-v09-20260903/out_data/GuardianResistanceBattleProbe.lua,research/archive/swd3-guardian-resistance-battle-probe/dist/verify-v09-20260903/out_data/GuardianResistanceBattleProbe.lua,4550,d0d3ae645875d52490bea3a85be60b66c6fa0f5f5b7b9a406bddc994d7c86f2b,4550,d0d3ae645875d52490bea3a85be60b66c6fa0f5f5b7b9a406bddc994d7c86f2b,d0d3ae645875d52490bea3a85be60b66c6fa0f5f5b7b9a406bddc994d7c86f2b,unchanged
swd3-guardian-resistance-battle-probe/src/guardian_resistance_battle_probe.ext,research/archive/swd3-guardian-resistance-battle-probe/src/guardian_resistance_battle_probe.ext,361,d808a647fb6bf1ccf68e4b7507b38932224fd475dafe47e9964796ab29104525,361,d808a647fb6bf1ccf68e4b7507b38932224fd475dafe47e9964796ab29104525,d808a647fb6bf1ccf68e4b7507b38932224fd475dafe47e9964796ab29104525,unchanged
swd3-guardian-resistance-battle-probe/src/data/GuardianResistanceBattleProbe.lua,research/archive/swd3-guardian-resistance-battle-probe/src/data/GuardianResistanceBattleProbe.lua,7717,f846b4463d4f4b79c0e6d76098f586d728d5035d4bd78760fb305b19c710f5f0,7717,f846b4463d4f4b79c0e6d76098f586d728d5035d4bd78760fb305b19c710f5f0,f846b4463d4f4b79c0e6d76098f586d728d5035d4bd78760fb305b19c710f5f0,unchanged
swd3-guardian-resistance-battle-probe/tests/mock_guardian_resistance_battle_probe.lua,research/archive/swd3-guardian-resistance-battle-probe/tests/mock_guardian_resistance_battle_probe.lua,2336,2311081af882fef2b2826f8838c7706573d0008a23fe5d90c1f7feabdec7110a,2336,2311081af882fef2b2826f8838c7706573d0008a23fe5d90c1f7feabdec7110a,2311081af882fef2b2826f8838c7706573d0008a23fe5d90c1f7feabdec7110a,unchanged
swd3-guardian-resistance-battle-probe/tests/run-tests.ps1,research/archive/swd3-guardian-resistance-battle-probe/tests/run-tests.ps1,586,1e596a62d3ec63254fb8d0f95458c4202fd06f340e4092ef84b9a45386c9b941,586,1e596a62d3ec63254fb8d0f95458c4202fd06f340e4092ef84b9a45386c9b941,1e596a62d3ec63254fb8d0f95458c4202fd06f340e4092ef84b9a45386c9b941,unchanged
swd3-guardian-resistance-runtime-probe/README.md,research/archive/swd3-guardian-resistance-runtime-probe/README.md,1726,ab326d33f8bc86a50d16694a5c18f10c3ed978f33f0d608f617a43f5b2e1b7c5,1726,ab326d33f8bc86a50d16694a5c18f10c3ed978f33f0d608f617a43f5b2e1b7c5,f6393acb106c1c4d685332b1694316eabe5bdfe6821b770ca87acea49031be9b,document edit
swd3-guardian-resistance-runtime-probe/src/guardian_resistance_runtime_probe.ext,research/archive/swd3-guardian-resistance-runtime-probe/src/guardian_resistance_runtime_probe.ext,371,90fed424d61d15aef368d621db289c572ae7903339e1faa24c82cfaddd8e8638,371,90fed424d61d15aef368d621db289c572ae7903339e1faa24c82cfaddd8e8638,90fed424d61d15aef368d621db289c572ae7903339e1faa24c82cfaddd8e8638,unchanged
swd3-guardian-resistance-runtime-probe/src/data/GuardianResistanceRuntimeProbe.lua,research/archive/swd3-guardian-resistance-runtime-probe/src/data/GuardianResistanceRuntimeProbe.lua,5949,9012cc11f924c38e198c98bd9c276f1746e3a0d791ac6b02d0a66b5bf8c13cde,5949,9012cc11f924c38e198c98bd9c276f1746e3a0d791ac6b02d0a66b5bf8c13cde,9012cc11f924c38e198c98bd9c276f1746e3a0d791ac6b02d0a66b5bf8c13cde,unchanged
swd3-guardian-resistance-runtime-probe/tests/mock_guardian_resistance_runtime_probe.lua,research/archive/swd3-guardian-resistance-runtime-probe/tests/mock_guardian_resistance_runtime_probe.lua,1340,1996bf2266dae2b3b1e38281a904f8c18696973ae80d7e35baa5ed4aec156b5a,1340,1996bf2266dae2b3b1e38281a904f8c18696973ae80d7e35baa5ed4aec156b5a,1996bf2266dae2b3b1e38281a904f8c18696973ae80d7e35baa5ed4aec156b5a,unchanged
swd3-guardian-resistance-runtime-probe/tests/run-tests.ps1,research/archive/swd3-guardian-resistance-runtime-probe/tests/run-tests.ps1,590,9aae0522a63c20646eac68ea162215aeab02cef90efe70ef169c1ef2f13a7297,590,9aae0522a63c20646eac68ea162215aeab02cef90efe70ef169c1ef2f13a7297,9aae0522a63c20646eac68ea162215aeab02cef90efe70ef169c1ef2f13a7297,unchanged
swd3-high-level-capture-rate-probe/README.md,research/archive/swd3-high-level-capture-rate-probe/README.md,5222,df19899d17ba0115306f523087c545a2fde3e7f5b5a563ae260b4e96e7fa6597,5222,df19899d17ba0115306f523087c545a2fde3e7f5b5a563ae260b4e96e7fa6597,7ff690b0af5970f88a5b89939e69d873d89011c0fbbcd44256d1eec738602f9a,document edit
swd3-high-level-capture-rate-probe/TESTING.md,research/archive/swd3-high-level-capture-rate-probe/TESTING.md,10325,cccaa6162c2f7bfc2026521b668b2426a395678eefeba4e502cdc4b55301f2db,10325,cccaa6162c2f7bfc2026521b668b2426a395678eefeba4e502cdc4b55301f2db,cccaa6162c2f7bfc2026521b668b2426a395678eefeba4e502cdc4b55301f2db,unchanged
swd3-high-level-capture-rate-probe/src/swd3_high_level_capture_rate_probe.ext,research/archive/swd3-high-level-capture-rate-probe/src/swd3_high_level_capture_rate_probe.ext,376,09aa5a66b25ed10d497d225dd4a5918dcf4ee1b53220c4f2c7f5ec89c9b38fb1,376,09aa5a66b25ed10d497d225dd4a5918dcf4ee1b53220c4f2c7f5ec89c9b38fb1,09aa5a66b25ed10d497d225dd4a5918dcf4ee1b53220c4f2c7f5ec89c9b38fb1,unchanged
swd3-high-level-capture-rate-probe/src/data/HighLevelCaptureRateProbe.lua,research/archive/swd3-high-level-capture-rate-probe/src/data/HighLevelCaptureRateProbe.lua,22484,f28eda46339be0a404bff50eb3a0dab04d7450357f793e1ab812b1595cea6bea,22484,f28eda46339be0a404bff50eb3a0dab04d7450357f793e1ab812b1595cea6bea,f28eda46339be0a404bff50eb3a0dab04d7450357f793e1ab812b1595cea6bea,unchanged
swd3-high-level-capture-rate-probe/tests/mock_high_level_capture_rate_probe.lua,research/archive/swd3-high-level-capture-rate-probe/tests/mock_high_level_capture_rate_probe.lua,4941,e1950592f8b67b0de7a4cae53498df968e8a5e6db9e5641f0ab668dc8387535e,4941,e1950592f8b67b0de7a4cae53498df968e8a5e6db9e5641f0ab668dc8387535e,e1950592f8b67b0de7a4cae53498df968e8a5e6db9e5641f0ab668dc8387535e,unchanged
swd3-high-level-capture-rate-probe/tests/run-tests.ps1,research/archive/swd3-high-level-capture-rate-probe/tests/run-tests.ps1,581,fcf07990da8b9617615750acd75a10de0617a35e199f0e60757cb2ae05a815ba,581,fcf07990da8b9617615750acd75a10de0617a35e199f0e60757cb2ae05a815ba,fcf07990da8b9617615750acd75a10de0617a35e199f0e60757cb2ae05a815ba,unchanged
swd3-high-level-capture-rate-probe/_build_v01/swd3_high_level_capture_rate_probe.ssmod,research/archive/swd3-high-level-capture-rate-probe/_build_v01/swd3_high_level_capture_rate_probe.ssmod,3291,323c3a46063de8bd46b61eb89db6f905cfba39e9b753b650e732680da72209a7,3291,323c3a46063de8bd46b61eb89db6f905cfba39e9b753b650e732680da72209a7,323c3a46063de8bd46b61eb89db6f905cfba39e9b753b650e732680da72209a7,unchanged
swd3-high-level-capture-rate-probe/_build_v02/swd3_high_level_capture_rate_probe.ssmod,research/archive/swd3-high-level-capture-rate-probe/_build_v02/swd3_high_level_capture_rate_probe.ssmod,3278,a1e644ae3a90a64bf554a8ea291461d8d2ae2ed8e2f8062effbda0b544a0c21e,3278,a1e644ae3a90a64bf554a8ea291461d8d2ae2ed8e2f8062effbda0b544a0c21e,a1e644ae3a90a64bf554a8ea291461d8d2ae2ed8e2f8062effbda0b544a0c21e,unchanged
swd3-high-level-capture-rate-probe/_build_v03/swd3_high_level_capture_rate_probe.ssmod,research/archive/swd3-high-level-capture-rate-probe/_build_v03/swd3_high_level_capture_rate_probe.ssmod,4065,7ae9febebc1a55249c9c451b8196fe34c10e1872beeb602f6991cf701bbd9746,4065,7ae9febebc1a55249c9c451b8196fe34c10e1872beeb602f6991cf701bbd9746,7ae9febebc1a55249c9c451b8196fe34c10e1872beeb602f6991cf701bbd9746,unchanged
swd3-high-level-capture-rate-probe/_build_v04/swd3_high_level_capture_rate_probe.ssmod,research/archive/swd3-high-level-capture-rate-probe/_build_v04/swd3_high_level_capture_rate_probe.ssmod,4371,ef517e36d9870d586bbcfee7d8c724ae8feb8b86b5da24703db19820b26b39a9,4371,ef517e36d9870d586bbcfee7d8c724ae8feb8b86b5da24703db19820b26b39a9,ef517e36d9870d586bbcfee7d8c724ae8feb8b86b5da24703db19820b26b39a9,unchanged
swd3-high-level-capture-rate-probe/_build_v05/swd3_high_level_capture_rate_probe.ssmod,research/archive/swd3-high-level-capture-rate-probe/_build_v05/swd3_high_level_capture_rate_probe.ssmod,4781,c5bd4e8ece0da7e91439217a753b1a1ea6845df0df000e2afb51bf22423bd720,4781,c5bd4e8ece0da7e91439217a753b1a1ea6845df0df000e2afb51bf22423bd720,c5bd4e8ece0da7e91439217a753b1a1ea6845df0df000e2afb51bf22423bd720,unchanged
swd3-high-level-capture-rate-probe/_build_v06/swd3_high_level_capture_rate_probe.ssmod,research/archive/swd3-high-level-capture-rate-probe/_build_v06/swd3_high_level_capture_rate_probe.ssmod,4821,aec99e2b8f4edb2a3b95ff077ba5e0b5b9826044e8cf46cefbb3dc9db49beb4b,4821,aec99e2b8f4edb2a3b95ff077ba5e0b5b9826044e8cf46cefbb3dc9db49beb4b,aec99e2b8f4edb2a3b95ff077ba5e0b5b9826044e8cf46cefbb3dc9db49beb4b,unchanged
swd3-high-level-capture-rate-probe/_build_v07/swd3_high_level_capture_rate_probe.ssmod,research/archive/swd3-high-level-capture-rate-probe/_build_v07/swd3_high_level_capture_rate_probe.ssmod,3861,5619dfdc166cb4fe95b6df0141a2fdc5a704a5bb704961ad8e99c6efa2386606,3861,5619dfdc166cb4fe95b6df0141a2fdc5a704a5bb704961ad8e99c6efa2386606,5619dfdc166cb4fe95b6df0141a2fdc5a704a5bb704961ad8e99c6efa2386606,unchanged
swd3-high-level-capture-rate-probe/_build_v08/swd3_high_level_capture_rate_probe.ssmod,research/archive/swd3-high-level-capture-rate-probe/_build_v08/swd3_high_level_capture_rate_probe.ssmod,4189,c85a3033035cb42d30e9ddac1c1c1d21e676366a3adcb89a989e7e99b8c2411f,4189,c85a3033035cb42d30e9ddac1c1c1d21e676366a3adcb89a989e7e99b8c2411f,c85a3033035cb42d30e9ddac1c1c1d21e676366a3adcb89a989e7e99b8c2411f,unchanged
swd3-high-level-capture-rate-probe/_build_v09_event_trace/swd3_high_level_capture_rate_probe.ssmod,research/archive/swd3-high-level-capture-rate-probe/_build_v09_event_trace/swd3_high_level_capture_rate_probe.ssmod,5221,b268c1580718d4dd84689406ba8c19ff09e262260f218d4356a6dfc36968d5b2,5221,b268c1580718d4dd84689406ba8c19ff09e262260f218d4356a6dfc36968d5b2,b268c1580718d4dd84689406ba8c19ff09e262260f218d4356a6dfc36968d5b2,unchanged
swd3-high-level-capture-rate-probe/_build_v09_event_trace/verify/swd3_high_level_capture_rate_probe.ext,research/archive/swd3-high-level-capture-rate-probe/_build_v09_event_trace/verify/swd3_high_level_capture_rate_probe.ext,442,f0cb9d72b690b3128c85af04a9b9929fc42a904276dd158661d531b09f9f7120,442,f0cb9d72b690b3128c85af04a9b9929fc42a904276dd158661d531b09f9f7120,f0cb9d72b690b3128c85af04a9b9929fc42a904276dd158661d531b09f9f7120,unchanged
swd3-high-level-capture-rate-probe/_build_v09_event_trace/verify/swd3_high_level_capture_rate_probe.ssmod,research/archive/swd3-high-level-capture-rate-probe/_build_v09_event_trace/verify/swd3_high_level_capture_rate_probe.ssmod,5221,b268c1580718d4dd84689406ba8c19ff09e262260f218d4356a6dfc36968d5b2,5221,b268c1580718d4dd84689406ba8c19ff09e262260f218d4356a6dfc36968d5b2,b268c1580718d4dd84689406ba8c19ff09e262260f218d4356a6dfc36968d5b2,unchanged
swd3-high-level-capture-rate-probe/_build_v09_event_trace/verify/out_data/HighLevelCaptureRateProbe.lua,research/archive/swd3-high-level-capture-rate-probe/_build_v09_event_trace/verify/out_data/HighLevelCaptureRateProbe.lua,15868,0d797a62dbbba3d02549705bd97f2e0bf9025efd1c61fb55ef0fc9ad8a6c7b68,15868,0d797a62dbbba3d02549705bd97f2e0bf9025efd1c61fb55ef0fc9ad8a6c7b68,0d797a62dbbba3d02549705bd97f2e0bf9025efd1c61fb55ef0fc9ad8a6c7b68,unchanged
swd3-high-level-capture-rate-probe/_build_v10_timing_restore/swd3_high_level_capture_rate_probe.ssmod,research/archive/swd3-high-level-capture-rate-probe/_build_v10_timing_restore/swd3_high_level_capture_rate_probe.ssmod,5471,b8bd35e58a12199693bc96b2c6d024e83ce3f618e6c8b72e4dc9cc5a032292df,5471,b8bd35e58a12199693bc96b2c6d024e83ce3f618e6c8b72e4dc9cc5a032292df,b8bd35e58a12199693bc96b2c6d024e83ce3f618e6c8b72e4dc9cc5a032292df,unchanged
swd3-high-level-capture-rate-probe/_build_v10_timing_restore/verify/swd3_high_level_capture_rate_probe.ext,research/archive/swd3-high-level-capture-rate-probe/_build_v10_timing_restore/verify/swd3_high_level_capture_rate_probe.ext,429,625eba3ad0c8c4ff0783b4f688d883531e511e9dd574174949736b2dee025da6,429,625eba3ad0c8c4ff0783b4f688d883531e511e9dd574174949736b2dee025da6,625eba3ad0c8c4ff0783b4f688d883531e511e9dd574174949736b2dee025da6,unchanged
swd3-high-level-capture-rate-probe/_build_v10_timing_restore/verify/swd3_high_level_capture_rate_probe.ssmod,research/archive/swd3-high-level-capture-rate-probe/_build_v10_timing_restore/verify/swd3_high_level_capture_rate_probe.ssmod,5471,b8bd35e58a12199693bc96b2c6d024e83ce3f618e6c8b72e4dc9cc5a032292df,5471,b8bd35e58a12199693bc96b2c6d024e83ce3f618e6c8b72e4dc9cc5a032292df,b8bd35e58a12199693bc96b2c6d024e83ce3f618e6c8b72e4dc9cc5a032292df,unchanged
swd3-high-level-capture-rate-probe/_build_v10_timing_restore/verify/out_data/HighLevelCaptureRateProbe.lua,research/archive/swd3-high-level-capture-rate-probe/_build_v10_timing_restore/verify/out_data/HighLevelCaptureRateProbe.lua,17848,12fbbae1126cecbb214821bfa8ce73c33f8a68ad0fd4d3eac9aad1d3702616db,17848,12fbbae1126cecbb214821bfa8ce73c33f8a68ad0fd4d3eac9aad1d3702616db,12fbbae1126cecbb214821bfa8ce73c33f8a68ad0fd4d3eac9aad1d3702616db,unchanged
swd3-high-level-capture-rate-probe/_build_v11_bsc_inventory/swd3_high_level_capture_rate_probe.ssmod,research/archive/swd3-high-level-capture-rate-probe/_build_v11_bsc_inventory/swd3_high_level_capture_rate_probe.ssmod,5553,1fc80e9e7d2ed1c59b326ad8fd2f0cf61bea01eeb436ab543075c600cdec9061,5553,1fc80e9e7d2ed1c59b326ad8fd2f0cf61bea01eeb436ab543075c600cdec9061,1fc80e9e7d2ed1c59b326ad8fd2f0cf61bea01eeb436ab543075c600cdec9061,unchanged
swd3-high-level-capture-rate-probe/_build_v11_bsc_inventory/verify/swd3_high_level_capture_rate_probe.ext,research/archive/swd3-high-level-capture-rate-probe/_build_v11_bsc_inventory/verify/swd3_high_level_capture_rate_probe.ext,411,3916be7479be185b80968cf0b9b9b4f851fb8143d43650826b0de14391b4f5b1,411,3916be7479be185b80968cf0b9b9b4f851fb8143d43650826b0de14391b4f5b1,3916be7479be185b80968cf0b9b9b4f851fb8143d43650826b0de14391b4f5b1,unchanged
swd3-high-level-capture-rate-probe/_build_v11_bsc_inventory/verify/swd3_high_level_capture_rate_probe.ssmod,research/archive/swd3-high-level-capture-rate-probe/_build_v11_bsc_inventory/verify/swd3_high_level_capture_rate_probe.ssmod,5553,1fc80e9e7d2ed1c59b326ad8fd2f0cf61bea01eeb436ab543075c600cdec9061,5553,1fc80e9e7d2ed1c59b326ad8fd2f0cf61bea01eeb436ab543075c600cdec9061,1fc80e9e7d2ed1c59b326ad8fd2f0cf61bea01eeb436ab543075c600cdec9061,unchanged
swd3-high-level-capture-rate-probe/_build_v11_bsc_inventory/verify/out_data/HighLevelCaptureRateProbe.lua,research/archive/swd3-high-level-capture-rate-probe/_build_v11_bsc_inventory/verify/out_data/HighLevelCaptureRateProbe.lua,18289,d4b8bd4ba8b5648aa1dea0bd3e684df60229ed937ff0183382529ed46765a61d,18289,d4b8bd4ba8b5648aa1dea0bd3e684df60229ed937ff0183382529ed46765a61d,d4b8bd4ba8b5648aa1dea0bd3e684df60229ed937ff0183382529ed46765a61d,unchanged
swd3-high-level-capture-rate-probe/_build_v12_bsc_call/swd3_high_level_capture_rate_probe.ssmod,research/archive/swd3-high-level-capture-rate-probe/_build_v12_bsc_call/swd3_high_level_capture_rate_probe.ssmod,5914,7d2ab69cab661e7a6aac0f15d98174b3044a3c775ce8fe062c185eebc9745288,5914,7d2ab69cab661e7a6aac0f15d98174b3044a3c775ce8fe062c185eebc9745288,7d2ab69cab661e7a6aac0f15d98174b3044a3c775ce8fe062c185eebc9745288,unchanged
swd3-high-level-capture-rate-probe/_build_v12_bsc_call/verify/swd3_high_level_capture_rate_probe.ext,research/archive/swd3-high-level-capture-rate-probe/_build_v12_bsc_call/verify/swd3_high_level_capture_rate_probe.ext,399,2c442b4ab456213793f9c59be097a7f3991455369f217803cbac99d7a9eb8838,399,2c442b4ab456213793f9c59be097a7f3991455369f217803cbac99d7a9eb8838,2c442b4ab456213793f9c59be097a7f3991455369f217803cbac99d7a9eb8838,unchanged
swd3-high-level-capture-rate-probe/_build_v12_bsc_call/verify/swd3_high_level_capture_rate_probe.ssmod,research/archive/swd3-high-level-capture-rate-probe/_build_v12_bsc_call/verify/swd3_high_level_capture_rate_probe.ssmod,5914,7d2ab69cab661e7a6aac0f15d98174b3044a3c775ce8fe062c185eebc9745288,5914,7d2ab69cab661e7a6aac0f15d98174b3044a3c775ce8fe062c185eebc9745288,7d2ab69cab661e7a6aac0f15d98174b3044a3c775ce8fe062c185eebc9745288,unchanged
swd3-high-level-capture-rate-probe/_build_v12_bsc_call/verify/out_data/HighLevelCaptureRateProbe.lua,research/archive/swd3-high-level-capture-rate-probe/_build_v12_bsc_call/verify/out_data/HighLevelCaptureRateProbe.lua,20042,f50818c96454010101dfe540ab3bd8f9f90a94d00d25be2addcf936e85042248,20042,f50818c96454010101dfe540ab3bd8f9f90a94d00d25be2addcf936e85042248,f50818c96454010101dfe540ab3bd8f9f90a94d00d25be2addcf936e85042248,unchanged
swd3-high-level-capture-rate-probe/_build_v13_bsc_scene/swd3_high_level_capture_rate_probe.ssmod,research/archive/swd3-high-level-capture-rate-probe/_build_v13_bsc_scene/swd3_high_level_capture_rate_probe.ssmod,5976,97ee0c167c23e156b28bdeb4db25e37fb1219f8edd7c59a02c3fac1681e98a56,5976,97ee0c167c23e156b28bdeb4db25e37fb1219f8edd7c59a02c3fac1681e98a56,97ee0c167c23e156b28bdeb4db25e37fb1219f8edd7c59a02c3fac1681e98a56,unchanged
swd3-high-level-capture-rate-probe/_build_v13_bsc_scene/verify/swd3_high_level_capture_rate_probe.ext,research/archive/swd3-high-level-capture-rate-probe/_build_v13_bsc_scene/verify/swd3_high_level_capture_rate_probe.ext,392,65d19d0821a7745f7f48e4b0ddcd6a514f7a58860fd16f8837d7002097484aa6,392,65d19d0821a7745f7f48e4b0ddcd6a514f7a58860fd16f8837d7002097484aa6,65d19d0821a7745f7f48e4b0ddcd6a514f7a58860fd16f8837d7002097484aa6,unchanged
swd3-high-level-capture-rate-probe/_build_v13_bsc_scene/verify/swd3_high_level_capture_rate_probe.ssmod,research/archive/swd3-high-level-capture-rate-probe/_build_v13_bsc_scene/verify/swd3_high_level_capture_rate_probe.ssmod,5976,97ee0c167c23e156b28bdeb4db25e37fb1219f8edd7c59a02c3fac1681e98a56,5976,97ee0c167c23e156b28bdeb4db25e37fb1219f8edd7c59a02c3fac1681e98a56,97ee0c167c23e156b28bdeb4db25e37fb1219f8edd7c59a02c3fac1681e98a56,unchanged
swd3-high-level-capture-rate-probe/_build_v13_bsc_scene/verify/out_data/HighLevelCaptureRateProbe.lua,research/archive/swd3-high-level-capture-rate-probe/_build_v13_bsc_scene/verify/out_data/HighLevelCaptureRateProbe.lua,20553,7560b3eb7732b379e6b0179caa5d7a75591371991ffdc986248de623bea8b72f,20553,7560b3eb7732b379e6b0179caa5d7a75591371991ffdc986248de623bea8b72f,7560b3eb7732b379e6b0179caa5d7a75591371991ffdc986248de623bea8b72f,unchanged
swd3-high-level-capture-rate-probe/_build_v14_scene_diagnostics/swd3_high_level_capture_rate_probe.ssmod,research/archive/swd3-high-level-capture-rate-probe/_build_v14_scene_diagnostics/swd3_high_level_capture_rate_probe.ssmod,6028,5f2a4b69b402ddfb61e635291aab7014b9a330959cb5aff069845bcdbb7390c5,6028,5f2a4b69b402ddfb61e635291aab7014b9a330959cb5aff069845bcdbb7390c5,5f2a4b69b402ddfb61e635291aab7014b9a330959cb5aff069845bcdbb7390c5,unchanged
swd3-high-level-capture-rate-probe/_build_v14_scene_diagnostics/verify/swd3_high_level_capture_rate_probe.ext,research/archive/swd3-high-level-capture-rate-probe/_build_v14_scene_diagnostics/verify/swd3_high_level_capture_rate_probe.ext,388,bbaa1ea1df9b0899872da5f4d2bd4ca3c3e560049cf48a73dde49fa92440174f,388,bbaa1ea1df9b0899872da5f4d2bd4ca3c3e560049cf48a73dde49fa92440174f,bbaa1ea1df9b0899872da5f4d2bd4ca3c3e560049cf48a73dde49fa92440174f,unchanged
swd3-high-level-capture-rate-probe/_build_v14_scene_diagnostics/verify/swd3_high_level_capture_rate_probe.ssmod,research/archive/swd3-high-level-capture-rate-probe/_build_v14_scene_diagnostics/verify/swd3_high_level_capture_rate_probe.ssmod,6028,5f2a4b69b402ddfb61e635291aab7014b9a330959cb5aff069845bcdbb7390c5,6028,5f2a4b69b402ddfb61e635291aab7014b9a330959cb5aff069845bcdbb7390c5,5f2a4b69b402ddfb61e635291aab7014b9a330959cb5aff069845bcdbb7390c5,unchanged
swd3-high-level-capture-rate-probe/_build_v14_scene_diagnostics/verify/out_data/HighLevelCaptureRateProbe.lua,research/archive/swd3-high-level-capture-rate-probe/_build_v14_scene_diagnostics/verify/out_data/HighLevelCaptureRateProbe.lua,20809,042b9999721cce9939d4fa7b3aa379bd826e27c339ef2cafbcc0dc8cbfc859b2,20809,042b9999721cce9939d4fa7b3aa379bd826e27c339ef2cafbcc0dc8cbfc859b2,042b9999721cce9939d4fa7b3aa379bd826e27c339ef2cafbcc0dc8cbfc859b2,unchanged
swd3-high-level-capture-rate-probe/_build_v15_battle_script/swd3_high_level_capture_rate_probe.ssmod,research/archive/swd3-high-level-capture-rate-probe/_build_v15_battle_script/swd3_high_level_capture_rate_probe.ssmod,6159,8ae25c2762cdb913ee4e4254dfaf75c4b4dfe274e3e33cc08da6bf214de75a84,6159,8ae25c2762cdb913ee4e4254dfaf75c4b4dfe274e3e33cc08da6bf214de75a84,8ae25c2762cdb913ee4e4254dfaf75c4b4dfe274e3e33cc08da6bf214de75a84,unchanged
swd3-high-level-capture-rate-probe/_build_v15_battle_script/_verify/swd3_high_level_capture_rate_probe.ext,research/archive/swd3-high-level-capture-rate-probe/_build_v15_battle_script/_verify/swd3_high_level_capture_rate_probe.ext,376,8d0f8ff7a5b6bd47217b1e0d5ae506c6646f8b557927f2c86835139a16891b51,376,8d0f8ff7a5b6bd47217b1e0d5ae506c6646f8b557927f2c86835139a16891b51,8d0f8ff7a5b6bd47217b1e0d5ae506c6646f8b557927f2c86835139a16891b51,unchanged
swd3-high-level-capture-rate-probe/_build_v15_battle_script/_verify/swd3_high_level_capture_rate_probe.ssmod,research/archive/swd3-high-level-capture-rate-probe/_build_v15_battle_script/_verify/swd3_high_level_capture_rate_probe.ssmod,6159,8ae25c2762cdb913ee4e4254dfaf75c4b4dfe274e3e33cc08da6bf214de75a84,6159,8ae25c2762cdb913ee4e4254dfaf75c4b4dfe274e3e33cc08da6bf214de75a84,8ae25c2762cdb913ee4e4254dfaf75c4b4dfe274e3e33cc08da6bf214de75a84,unchanged
swd3-high-level-capture-rate-probe/_build_v15_battle_script/_verify/out_data/HighLevelCaptureRateProbe.lua,research/archive/swd3-high-level-capture-rate-probe/_build_v15_battle_script/_verify/out_data/HighLevelCaptureRateProbe.lua,22477,c083751d63c505b135201c88daa698f4faa8bbc8be1528edd1e7da923a1f1a5f,22477,c083751d63c505b135201c88daa698f4faa8bbc8be1528edd1e7da923a1f1a5f,c083751d63c505b135201c88daa698f4faa8bbc8be1528edd1e7da923a1f1a5f,unchanged
swd3-high-level-capture-rate-probe/_build_v16_log_label/swd3_high_level_capture_rate_probe.ssmod,research/archive/swd3-high-level-capture-rate-probe/_build_v16_log_label/swd3_high_level_capture_rate_probe.ssmod,6159,7fd596c5302a9bb6332e366d47be92fc0c1585f65457123098ce1e0fefd173c1,6159,7fd596c5302a9bb6332e366d47be92fc0c1585f65457123098ce1e0fefd173c1,7fd596c5302a9bb6332e366d47be92fc0c1585f65457123098ce1e0fefd173c1,unchanged
swd3-high-level-capture-rate-probe/_build_v16_log_label/_verify/swd3_high_level_capture_rate_probe.ext,research/archive/swd3-high-level-capture-rate-probe/_build_v16_log_label/_verify/swd3_high_level_capture_rate_probe.ext,376,09aa5a66b25ed10d497d225dd4a5918dcf4ee1b53220c4f2c7f5ec89c9b38fb1,376,09aa5a66b25ed10d497d225dd4a5918dcf4ee1b53220c4f2c7f5ec89c9b38fb1,09aa5a66b25ed10d497d225dd4a5918dcf4ee1b53220c4f2c7f5ec89c9b38fb1,unchanged
swd3-high-level-capture-rate-probe/_build_v16_log_label/_verify/swd3_high_level_capture_rate_probe.ssmod,research/archive/swd3-high-level-capture-rate-probe/_build_v16_log_label/_verify/swd3_high_level_capture_rate_probe.ssmod,6159,7fd596c5302a9bb6332e366d47be92fc0c1585f65457123098ce1e0fefd173c1,6159,7fd596c5302a9bb6332e366d47be92fc0c1585f65457123098ce1e0fefd173c1,7fd596c5302a9bb6332e366d47be92fc0c1585f65457123098ce1e0fefd173c1,unchanged
swd3-high-level-capture-rate-probe/_build_v16_log_label/_verify/out_data/HighLevelCaptureRateProbe.lua,research/archive/swd3-high-level-capture-rate-probe/_build_v16_log_label/_verify/out_data/HighLevelCaptureRateProbe.lua,22484,f28eda46339be0a404bff50eb3a0dab04d7450357f793e1ab812b1595cea6bea,22484,f28eda46339be0a404bff50eb3a0dab04d7450357f793e1ab812b1595cea6bea,f28eda46339be0a404bff50eb3a0dab04d7450357f793e1ab812b1595cea6bea,unchanged
swd3-high-level-capture-rate-probe/_verify_v01/swd3_high_level_capture_rate_probe.ext,research/archive/swd3-high-level-capture-rate-probe/_verify_v01/swd3_high_level_capture_rate_probe.ext,402,7b73ec2f08ff5d29149e29cb9bb40aab62b83353906f0717521ca0adb6dc21d2,402,7b73ec2f08ff5d29149e29cb9bb40aab62b83353906f0717521ca0adb6dc21d2,7b73ec2f08ff5d29149e29cb9bb40aab62b83353906f0717521ca0adb6dc21d2,unchanged
swd3-high-level-capture-rate-probe/_verify_v01/swd3_high_level_capture_rate_probe.ssmod,research/archive/swd3-high-level-capture-rate-probe/_verify_v01/swd3_high_level_capture_rate_probe.ssmod,3291,323c3a46063de8bd46b61eb89db6f905cfba39e9b753b650e732680da72209a7,3291,323c3a46063de8bd46b61eb89db6f905cfba39e9b753b650e732680da72209a7,323c3a46063de8bd46b61eb89db6f905cfba39e9b753b650e732680da72209a7,unchanged
swd3-high-level-capture-rate-probe/_verify_v01/out_data/HighLevelCaptureRateProbe.lua,research/archive/swd3-high-level-capture-rate-probe/_verify_v01/out_data/HighLevelCaptureRateProbe.lua,7264,61c2e8f91e9bb4fca43de72c38306b2d4cbfd39f5f2a2ca9b46b3b05b3a9663d,7264,61c2e8f91e9bb4fca43de72c38306b2d4cbfd39f5f2a2ca9b46b3b05b3a9663d,61c2e8f91e9bb4fca43de72c38306b2d4cbfd39f5f2a2ca9b46b3b05b3a9663d,unchanged
swd3-high-level-capture-rate-probe/_verify_v02/swd3_high_level_capture_rate_probe.ext,research/archive/swd3-high-level-capture-rate-probe/_verify_v02/swd3_high_level_capture_rate_probe.ext,398,98a7ee082d042e5472cdf8598d11bb08596f1ee30cc4969ce3ae0b6fd3bafda5,398,98a7ee082d042e5472cdf8598d11bb08596f1ee30cc4969ce3ae0b6fd3bafda5,98a7ee082d042e5472cdf8598d11bb08596f1ee30cc4969ce3ae0b6fd3bafda5,unchanged
swd3-high-level-capture-rate-probe/_verify_v02/swd3_high_level_capture_rate_probe.ssmod,research/archive/swd3-high-level-capture-rate-probe/_verify_v02/swd3_high_level_capture_rate_probe.ssmod,3278,a1e644ae3a90a64bf554a8ea291461d8d2ae2ed8e2f8062effbda0b544a0c21e,3278,a1e644ae3a90a64bf554a8ea291461d8d2ae2ed8e2f8062effbda0b544a0c21e,a1e644ae3a90a64bf554a8ea291461d8d2ae2ed8e2f8062effbda0b544a0c21e,unchanged
swd3-high-level-capture-rate-probe/_verify_v02/out_data/HighLevelCaptureRateProbe.lua,research/archive/swd3-high-level-capture-rate-probe/_verify_v02/out_data/HighLevelCaptureRateProbe.lua,7228,86a788b1221f651e2c6197e4d06d1da1ed6746c577da17b694e5cc85373f9301,7228,86a788b1221f651e2c6197e4d06d1da1ed6746c577da17b694e5cc85373f9301,86a788b1221f651e2c6197e4d06d1da1ed6746c577da17b694e5cc85373f9301,unchanged
swd3-high-level-capture-rate-probe/_verify_v03/swd3_high_level_capture_rate_probe.ext,research/archive/swd3-high-level-capture-rate-probe/_verify_v03/swd3_high_level_capture_rate_probe.ext,417,6ba66bb38952713d79d4f2215aaf4d11b6e074eac0f76f8b90e5201693e41cad,417,6ba66bb38952713d79d4f2215aaf4d11b6e074eac0f76f8b90e5201693e41cad,6ba66bb38952713d79d4f2215aaf4d11b6e074eac0f76f8b90e5201693e41cad,unchanged
swd3-high-level-capture-rate-probe/_verify_v03/swd3_high_level_capture_rate_probe.ssmod,research/archive/swd3-high-level-capture-rate-probe/_verify_v03/swd3_high_level_capture_rate_probe.ssmod,4065,7ae9febebc1a55249c9c451b8196fe34c10e1872beeb602f6991cf701bbd9746,4065,7ae9febebc1a55249c9c451b8196fe34c10e1872beeb602f6991cf701bbd9746,7ae9febebc1a55249c9c451b8196fe34c10e1872beeb602f6991cf701bbd9746,unchanged
swd3-high-level-capture-rate-probe/_verify_v03/out_data/HighLevelCaptureRateProbe.lua,research/archive/swd3-high-level-capture-rate-probe/_verify_v03/out_data/HighLevelCaptureRateProbe.lua,9629,132c79d3ee690d88a2083eab9e0a3ae438cf08c6aea2339575bfa7371b0a6a9a,9629,132c79d3ee690d88a2083eab9e0a3ae438cf08c6aea2339575bfa7371b0a6a9a,132c79d3ee690d88a2083eab9e0a3ae438cf08c6aea2339575bfa7371b0a6a9a,unchanged
swd3-high-level-capture-rate-probe/_verify_v03_retry/swd3_high_level_capture_rate_probe.ext,research/archive/swd3-high-level-capture-rate-probe/_verify_v03_retry/swd3_high_level_capture_rate_probe.ext,417,6ba66bb38952713d79d4f2215aaf4d11b6e074eac0f76f8b90e5201693e41cad,417,6ba66bb38952713d79d4f2215aaf4d11b6e074eac0f76f8b90e5201693e41cad,6ba66bb38952713d79d4f2215aaf4d11b6e074eac0f76f8b90e5201693e41cad,unchanged
swd3-high-level-capture-rate-probe/_verify_v03_retry/swd3_high_level_capture_rate_probe.ssmod,research/archive/swd3-high-level-capture-rate-probe/_verify_v03_retry/swd3_high_level_capture_rate_probe.ssmod,4065,7ae9febebc1a55249c9c451b8196fe34c10e1872beeb602f6991cf701bbd9746,4065,7ae9febebc1a55249c9c451b8196fe34c10e1872beeb602f6991cf701bbd9746,7ae9febebc1a55249c9c451b8196fe34c10e1872beeb602f6991cf701bbd9746,unchanged
swd3-high-level-capture-rate-probe/_verify_v03_retry/out_data/HighLevelCaptureRateProbe.lua,research/archive/swd3-high-level-capture-rate-probe/_verify_v03_retry/out_data/HighLevelCaptureRateProbe.lua,9629,132c79d3ee690d88a2083eab9e0a3ae438cf08c6aea2339575bfa7371b0a6a9a,9629,132c79d3ee690d88a2083eab9e0a3ae438cf08c6aea2339575bfa7371b0a6a9a,132c79d3ee690d88a2083eab9e0a3ae438cf08c6aea2339575bfa7371b0a6a9a,unchanged
swd3-high-level-capture-rate-probe/_verify_v04/swd3_high_level_capture_rate_probe.ext,research/archive/swd3-high-level-capture-rate-probe/_verify_v04/swd3_high_level_capture_rate_probe.ext,417,d320a521e67a148564e9277cf4c3784f3778f31afb322294b4262d0d83668464,417,d320a521e67a148564e9277cf4c3784f3778f31afb322294b4262d0d83668464,d320a521e67a148564e9277cf4c3784f3778f31afb322294b4262d0d83668464,unchanged
swd3-high-level-capture-rate-probe/_verify_v04/swd3_high_level_capture_rate_probe.ssmod,research/archive/swd3-high-level-capture-rate-probe/_verify_v04/swd3_high_level_capture_rate_probe.ssmod,4371,ef517e36d9870d586bbcfee7d8c724ae8feb8b86b5da24703db19820b26b39a9,4371,ef517e36d9870d586bbcfee7d8c724ae8feb8b86b5da24703db19820b26b39a9,ef517e36d9870d586bbcfee7d8c724ae8feb8b86b5da24703db19820b26b39a9,unchanged
swd3-high-level-capture-rate-probe/_verify_v04/out_data/HighLevelCaptureRateProbe.lua,research/archive/swd3-high-level-capture-rate-probe/_verify_v04/out_data/HighLevelCaptureRateProbe.lua,11189,80202db74e15965809d82c195f10117966446eeb6eb8204a3a94d4601d42a44a,11189,80202db74e15965809d82c195f10117966446eeb6eb8204a3a94d4601d42a44a,80202db74e15965809d82c195f10117966446eeb6eb8204a3a94d4601d42a44a,unchanged
swd3-high-level-capture-rate-probe/_verify_v05/swd3_high_level_capture_rate_probe.ext,research/archive/swd3-high-level-capture-rate-probe/_verify_v05/swd3_high_level_capture_rate_probe.ext,417,b34421bc2c94c7c87ba6ea05c0c9cb009dc877f4ddde9078d8e155e78129160f,417,b34421bc2c94c7c87ba6ea05c0c9cb009dc877f4ddde9078d8e155e78129160f,b34421bc2c94c7c87ba6ea05c0c9cb009dc877f4ddde9078d8e155e78129160f,unchanged
swd3-high-level-capture-rate-probe/_verify_v05/swd3_high_level_capture_rate_probe.ssmod,research/archive/swd3-high-level-capture-rate-probe/_verify_v05/swd3_high_level_capture_rate_probe.ssmod,4781,c5bd4e8ece0da7e91439217a753b1a1ea6845df0df000e2afb51bf22423bd720,4781,c5bd4e8ece0da7e91439217a753b1a1ea6845df0df000e2afb51bf22423bd720,c5bd4e8ece0da7e91439217a753b1a1ea6845df0df000e2afb51bf22423bd720,unchanged
swd3-high-level-capture-rate-probe/_verify_v05/out_data/HighLevelCaptureRateProbe.lua,research/archive/swd3-high-level-capture-rate-probe/_verify_v05/out_data/HighLevelCaptureRateProbe.lua,12518,532bb778b50568acced8e63ac7d20a9bde4685abbce5393da83d325e3ec9ac6c,12518,532bb778b50568acced8e63ac7d20a9bde4685abbce5393da83d325e3ec9ac6c,532bb778b50568acced8e63ac7d20a9bde4685abbce5393da83d325e3ec9ac6c,unchanged
swd3-high-level-capture-rate-probe/_verify_v06/swd3_high_level_capture_rate_probe.ext,research/archive/swd3-high-level-capture-rate-probe/_verify_v06/swd3_high_level_capture_rate_probe.ext,417,cb27c319e5d0c652c949a84f7a459a1cdaed12fdf0d8886bf9c910cf899b9e9b,417,cb27c319e5d0c652c949a84f7a459a1cdaed12fdf0d8886bf9c910cf899b9e9b,cb27c319e5d0c652c949a84f7a459a1cdaed12fdf0d8886bf9c910cf899b9e9b,unchanged
swd3-high-level-capture-rate-probe/_verify_v06/swd3_high_level_capture_rate_probe.ssmod,research/archive/swd3-high-level-capture-rate-probe/_verify_v06/swd3_high_level_capture_rate_probe.ssmod,4821,aec99e2b8f4edb2a3b95ff077ba5e0b5b9826044e8cf46cefbb3dc9db49beb4b,4821,aec99e2b8f4edb2a3b95ff077ba5e0b5b9826044e8cf46cefbb3dc9db49beb4b,aec99e2b8f4edb2a3b95ff077ba5e0b5b9826044e8cf46cefbb3dc9db49beb4b,unchanged
swd3-high-level-capture-rate-probe/_verify_v06/out_data/HighLevelCaptureRateProbe.lua,research/archive/swd3-high-level-capture-rate-probe/_verify_v06/out_data/HighLevelCaptureRateProbe.lua,12701,776c97b4db1bf8b1c0385603db87c0fecbc699adb69bd95006b618588032072e,12701,776c97b4db1bf8b1c0385603db87c0fecbc699adb69bd95006b618588032072e,776c97b4db1bf8b1c0385603db87c0fecbc699adb69bd95006b618588032072e,unchanged
swd3-high-level-capture-rate-probe/_verify_v07/swd3_high_level_capture_rate_probe.ext,research/archive/swd3-high-level-capture-rate-probe/_verify_v07/swd3_high_level_capture_rate_probe.ext,419,341efe5e270b12a2a6234004fef74bbb331c548368e779921e0fdd9f9dd34a13,419,341efe5e270b12a2a6234004fef74bbb331c548368e779921e0fdd9f9dd34a13,341efe5e270b12a2a6234004fef74bbb331c548368e779921e0fdd9f9dd34a13,unchanged
swd3-high-level-capture-rate-probe/_verify_v07/swd3_high_level_capture_rate_probe.ssmod,research/archive/swd3-high-level-capture-rate-probe/_verify_v07/swd3_high_level_capture_rate_probe.ssmod,3861,5619dfdc166cb4fe95b6df0141a2fdc5a704a5bb704961ad8e99c6efa2386606,3861,5619dfdc166cb4fe95b6df0141a2fdc5a704a5bb704961ad8e99c6efa2386606,5619dfdc166cb4fe95b6df0141a2fdc5a704a5bb704961ad8e99c6efa2386606,unchanged
swd3-high-level-capture-rate-probe/_verify_v07/out_data/HighLevelCaptureRateProbe.lua,research/archive/swd3-high-level-capture-rate-probe/_verify_v07/out_data/HighLevelCaptureRateProbe.lua,9613,c364e098486b4e2a2ad106bc164df25c887a78ce9bfb35f7bf5e1a712f092b8d,9613,c364e098486b4e2a2ad106bc164df25c887a78ce9bfb35f7bf5e1a712f092b8d,c364e098486b4e2a2ad106bc164df25c887a78ce9bfb35f7bf5e1a712f092b8d,unchanged
swd3-high-level-capture-rate-probe/_verify_v08/swd3_high_level_capture_rate_probe.ext,research/archive/swd3-high-level-capture-rate-probe/_verify_v08/swd3_high_level_capture_rate_probe.ext,426,fc448f456f668d4b2d1317cd9c1c7039fbc3e3cfbdc41eb9670a5c6f12cffb1a,426,fc448f456f668d4b2d1317cd9c1c7039fbc3e3cfbdc41eb9670a5c6f12cffb1a,fc448f456f668d4b2d1317cd9c1c7039fbc3e3cfbdc41eb9670a5c6f12cffb1a,unchanged
swd3-high-level-capture-rate-probe/_verify_v08/swd3_high_level_capture_rate_probe.ssmod,research/archive/swd3-high-level-capture-rate-probe/_verify_v08/swd3_high_level_capture_rate_probe.ssmod,4189,c85a3033035cb42d30e9ddac1c1c1d21e676366a3adcb89a989e7e99b8c2411f,4189,c85a3033035cb42d30e9ddac1c1c1d21e676366a3adcb89a989e7e99b8c2411f,c85a3033035cb42d30e9ddac1c1c1d21e676366a3adcb89a989e7e99b8c2411f,unchanged
swd3-high-level-capture-rate-probe/_verify_v08/out_data/HighLevelCaptureRateProbe.lua,research/archive/swd3-high-level-capture-rate-probe/_verify_v08/out_data/HighLevelCaptureRateProbe.lua,11099,7f80f1771aead03d88f4115fd030f41f01278a544b8c726a88ed4f0178b689ec,11099,7f80f1771aead03d88f4115fd030f41f01278a544b8c726a88ed4f0178b689ec,7f80f1771aead03d88f4115fd030f41f01278a544b8c726a88ed4f0178b689ec,unchanged
swd3-manual-capture-bridge-probe/README.md,research/archive/swd3-manual-capture-bridge-probe/README.md,3363,657475c6158bea831448d832b40a5c1b8e76a55180c749932c5b1383b6bb56c7,3363,657475c6158bea831448d832b40a5c1b8e76a55180c749932c5b1383b6bb56c7,3b22959044327fe41cca94a68a57b920ce135f729656e5731d8425e2c93bac09,document edit
swd3-manual-capture-bridge-probe/TESTING.md,research/archive/swd3-manual-capture-bridge-probe/TESTING.md,5000,7636fda4a9fc19a109fff4b9b670c29a813b7b0fae16632f1093737cf5e8629b,5000,7636fda4a9fc19a109fff4b9b670c29a813b7b0fae16632f1093737cf5e8629b,7636fda4a9fc19a109fff4b9b670c29a813b7b0fae16632f1093737cf5e8629b,unchanged
swd3-manual-capture-bridge-probe/src/swd3_manual_capture_bridge_probe.ext,research/archive/swd3-manual-capture-bridge-probe/src/swd3_manual_capture_bridge_probe.ext,338,e2042f9d8eeec8fa1d01c279f2d1a1c21d5fdaa0f4e943ec6e030da6c2a62326,338,e2042f9d8eeec8fa1d01c279f2d1a1c21d5fdaa0f4e943ec6e030da6c2a62326,e2042f9d8eeec8fa1d01c279f2d1a1c21d5fdaa0f4e943ec6e030da6c2a62326,unchanged
swd3-manual-capture-bridge-probe/src/data/ManualCaptureBridgeProbe.lua,research/archive/swd3-manual-capture-bridge-probe/src/data/ManualCaptureBridgeProbe.lua,11975,cf7e6c9a3da266f8b5894f611ac715089e3c9f1037d28a1ea6453ee3e81d0cd6,11975,cf7e6c9a3da266f8b5894f611ac715089e3c9f1037d28a1ea6453ee3e81d0cd6,cf7e6c9a3da266f8b5894f611ac715089e3c9f1037d28a1ea6453ee3e81d0cd6,unchanged
swd3-manual-capture-bridge-probe/tests/mock_manual_capture_bridge_probe.lua,research/archive/swd3-manual-capture-bridge-probe/tests/mock_manual_capture_bridge_probe.lua,3734,9141e12d4fe5a1f2f29a0c0cfd187d82cf46a7e8b07dbaabe1515c3edfbd1a7d,3734,9141e12d4fe5a1f2f29a0c0cfd187d82cf46a7e8b07dbaabe1515c3edfbd1a7d,9141e12d4fe5a1f2f29a0c0cfd187d82cf46a7e8b07dbaabe1515c3edfbd1a7d,unchanged
swd3-manual-capture-bridge-probe/tests/run-tests.ps1,research/archive/swd3-manual-capture-bridge-probe/tests/run-tests.ps1,610,5243cff5472324d78008261eef4d7c0eec28f674171a2e320795abe2801f1ea5,610,5243cff5472324d78008261eef4d7c0eec28f674171a2e320795abe2801f1ea5,5243cff5472324d78008261eef4d7c0eec28f674171a2e320795abe2801f1ea5,unchanged
swd3-manual-capture-bridge-probe/_build_v01_handoff/swd3_manual_capture_bridge_probe.ssmod,research/archive/swd3-manual-capture-bridge-probe/_build_v01_handoff/swd3_manual_capture_bridge_probe.ssmod,3421,5f379f6c06741031a07dbb140aaa7c1b5d2a08e6bb913ff0e4d73eb420bf966e,3421,5f379f6c06741031a07dbb140aaa7c1b5d2a08e6bb913ff0e4d73eb420bf966e,5f379f6c06741031a07dbb140aaa7c1b5d2a08e6bb913ff0e4d73eb420bf966e,unchanged
swd3-manual-capture-bridge-probe/_build_v01_handoff/_verify/swd3_manual_capture_bridge_probe.ext,research/archive/swd3-manual-capture-bridge-probe/_build_v01_handoff/_verify/swd3_manual_capture_bridge_probe.ext,347,0da43b184279de382b5f3a75a35f932be04041aba7d98384a442e5f4c37e0934,347,0da43b184279de382b5f3a75a35f932be04041aba7d98384a442e5f4c37e0934,0da43b184279de382b5f3a75a35f932be04041aba7d98384a442e5f4c37e0934,unchanged
swd3-manual-capture-bridge-probe/_build_v01_handoff/_verify/swd3_manual_capture_bridge_probe.ssmod,research/archive/swd3-manual-capture-bridge-probe/_build_v01_handoff/_verify/swd3_manual_capture_bridge_probe.ssmod,3421,5f379f6c06741031a07dbb140aaa7c1b5d2a08e6bb913ff0e4d73eb420bf966e,3421,5f379f6c06741031a07dbb140aaa7c1b5d2a08e6bb913ff0e4d73eb420bf966e,5f379f6c06741031a07dbb140aaa7c1b5d2a08e6bb913ff0e4d73eb420bf966e,unchanged
swd3-manual-capture-bridge-probe/_build_v01_handoff/_verify/out_data/ManualCaptureBridgeProbe.lua,research/archive/swd3-manual-capture-bridge-probe/_build_v01_handoff/_verify/out_data/ManualCaptureBridgeProbe.lua,8308,495e981f2b22ff53ed1aff2b6a526c895dd90e3bd17388fef0d7591581654c03,8308,495e981f2b22ff53ed1aff2b6a526c895dd90e3bd17388fef0d7591581654c03,495e981f2b22ff53ed1aff2b6a526c895dd90e3bd17388fef0d7591581654c03,unchanged
swd3-manual-capture-bridge-probe/_build_v02_runtime_accessor/swd3_manual_capture_bridge_probe.ssmod,research/archive/swd3-manual-capture-bridge-probe/_build_v02_runtime_accessor/swd3_manual_capture_bridge_probe.ssmod,3616,df05a48b919ef6ea048f6acbb92f5575ae46d0c0686a2b507cb8332d4638dbeb,3616,df05a48b919ef6ea048f6acbb92f5575ae46d0c0686a2b507cb8332d4638dbeb,df05a48b919ef6ea048f6acbb92f5575ae46d0c0686a2b507cb8332d4638dbeb,unchanged
swd3-manual-capture-bridge-probe/_build_v02_runtime_accessor/_verify/swd3_manual_capture_bridge_probe.ext,research/archive/swd3-manual-capture-bridge-probe/_build_v02_runtime_accessor/_verify/swd3_manual_capture_bridge_probe.ext,347,3e231a90bd4face612b62f929f46db3428f6e694fac1d9b0915e84fa5d4fd65d,347,3e231a90bd4face612b62f929f46db3428f6e694fac1d9b0915e84fa5d4fd65d,3e231a90bd4face612b62f929f46db3428f6e694fac1d9b0915e84fa5d4fd65d,unchanged
swd3-manual-capture-bridge-probe/_build_v02_runtime_accessor/_verify/swd3_manual_capture_bridge_probe.ssmod,research/archive/swd3-manual-capture-bridge-probe/_build_v02_runtime_accessor/_verify/swd3_manual_capture_bridge_probe.ssmod,3616,df05a48b919ef6ea048f6acbb92f5575ae46d0c0686a2b507cb8332d4638dbeb,3616,df05a48b919ef6ea048f6acbb92f5575ae46d0c0686a2b507cb8332d4638dbeb,df05a48b919ef6ea048f6acbb92f5575ae46d0c0686a2b507cb8332d4638dbeb,unchanged
swd3-manual-capture-bridge-probe/_build_v02_runtime_accessor/_verify/out_data/ManualCaptureBridgeProbe.lua,research/archive/swd3-manual-capture-bridge-probe/_build_v02_runtime_accessor/_verify/out_data/ManualCaptureBridgeProbe.lua,8866,d106c36ed2920dcca47c96c245a98b7270dac69df06a534712225e1d8d49e07b,8866,d106c36ed2920dcca47c96c245a98b7270dac69df06a534712225e1d8d49e07b,d106c36ed2920dcca47c96c245a98b7270dac69df06a534712225e1d8d49e07b,unchanged
swd3-manual-capture-bridge-probe/_build_v03_userdata/swd3_manual_capture_bridge_probe.ssmod,research/archive/swd3-manual-capture-bridge-probe/_build_v03_userdata/swd3_manual_capture_bridge_probe.ssmod,3612,1fbc49c6e8373050d6644440063c282e3b36b037419c55064158e508936c9123,3612,1fbc49c6e8373050d6644440063c282e3b36b037419c55064158e508936c9123,1fbc49c6e8373050d6644440063c282e3b36b037419c55064158e508936c9123,unchanged
swd3-manual-capture-bridge-probe/_build_v03_userdata/_verify/swd3_manual_capture_bridge_probe.ext,research/archive/swd3-manual-capture-bridge-probe/_build_v03_userdata/_verify/swd3_manual_capture_bridge_probe.ext,347,c9d02d55b02e91f84c0b42c9a512f35cb39a188e6e883e760e4bfb5219532f1a,347,c9d02d55b02e91f84c0b42c9a512f35cb39a188e6e883e760e4bfb5219532f1a,c9d02d55b02e91f84c0b42c9a512f35cb39a188e6e883e760e4bfb5219532f1a,unchanged
swd3-manual-capture-bridge-probe/_build_v03_userdata/_verify/swd3_manual_capture_bridge_probe.ssmod,research/archive/swd3-manual-capture-bridge-probe/_build_v03_userdata/_verify/swd3_manual_capture_bridge_probe.ssmod,3612,1fbc49c6e8373050d6644440063c282e3b36b037419c55064158e508936c9123,3612,1fbc49c6e8373050d6644440063c282e3b36b037419c55064158e508936c9123,1fbc49c6e8373050d6644440063c282e3b36b037419c55064158e508936c9123,unchanged
swd3-manual-capture-bridge-probe/_build_v03_userdata/_verify/out_data/ManualCaptureBridgeProbe.lua,research/archive/swd3-manual-capture-bridge-probe/_build_v03_userdata/_verify/out_data/ManualCaptureBridgeProbe.lua,8826,2c7bc72e5e84935946805519348a2a0e1a36a0fd85f5c0fad47ebd6446afdbb0,8826,2c7bc72e5e84935946805519348a2a0e1a36a0fd85f5c0fad47ebd6446afdbb0,2c7bc72e5e84935946805519348a2a0e1a36a0fd85f5c0fad47ebd6446afdbb0,unchanged
swd3-manual-capture-bridge-probe/_build_v04_auto_observer/swd3_manual_capture_bridge_probe.ssmod,research/archive/swd3-manual-capture-bridge-probe/_build_v04_auto_observer/swd3_manual_capture_bridge_probe.ssmod,4192,77612da678aafecf4180f42992c53a51cd890b0e663440cffd1808778038491b,4192,77612da678aafecf4180f42992c53a51cd890b0e663440cffd1808778038491b,77612da678aafecf4180f42992c53a51cd890b0e663440cffd1808778038491b,unchanged
swd3-manual-capture-bridge-probe/_build_v04_auto_observer/_verify/swd3_manual_capture_bridge_probe.ext,research/archive/swd3-manual-capture-bridge-probe/_build_v04_auto_observer/_verify/swd3_manual_capture_bridge_probe.ext,338,6156c6b2d06c7157deb712a455893313c841140c8367ce22b9391032a84fbd45,338,6156c6b2d06c7157deb712a455893313c841140c8367ce22b9391032a84fbd45,6156c6b2d06c7157deb712a455893313c841140c8367ce22b9391032a84fbd45,unchanged
swd3-manual-capture-bridge-probe/_build_v04_auto_observer/_verify/swd3_manual_capture_bridge_probe.ssmod,research/archive/swd3-manual-capture-bridge-probe/_build_v04_auto_observer/_verify/swd3_manual_capture_bridge_probe.ssmod,4192,77612da678aafecf4180f42992c53a51cd890b0e663440cffd1808778038491b,4192,77612da678aafecf4180f42992c53a51cd890b0e663440cffd1808778038491b,77612da678aafecf4180f42992c53a51cd890b0e663440cffd1808778038491b,unchanged
swd3-manual-capture-bridge-probe/_build_v04_auto_observer/_verify/out_data/ManualCaptureBridgeProbe.lua,research/archive/swd3-manual-capture-bridge-probe/_build_v04_auto_observer/_verify/out_data/ManualCaptureBridgeProbe.lua,11444,6b56cbdb7e81f8457438ad8e1f7ae987e57915187704c1be4ecb35d062179601,11444,6b56cbdb7e81f8457438ad8e1f7ae987e57915187704c1be4ecb35d062179601,6b56cbdb7e81f8457438ad8e1f7ae987e57915187704c1be4ecb35d062179601,unchanged
swd3-manual-capture-bridge-probe/_build_v05_ai_snapshot/swd3_manual_capture_bridge_probe.ssmod,research/archive/swd3-manual-capture-bridge-probe/_build_v05_ai_snapshot/swd3_manual_capture_bridge_probe.ssmod,4281,963de162405551f3a955647cd180ba90c4937206ebb0749e2ba6476c892a283b,4281,963de162405551f3a955647cd180ba90c4937206ebb0749e2ba6476c892a283b,963de162405551f3a955647cd180ba90c4937206ebb0749e2ba6476c892a283b,unchanged
swd3-manual-capture-bridge-probe/_build_v05_ai_snapshot/_verify/swd3_manual_capture_bridge_probe.ext,research/archive/swd3-manual-capture-bridge-probe/_build_v05_ai_snapshot/_verify/swd3_manual_capture_bridge_probe.ext,338,e2042f9d8eeec8fa1d01c279f2d1a1c21d5fdaa0f4e943ec6e030da6c2a62326,338,e2042f9d8eeec8fa1d01c279f2d1a1c21d5fdaa0f4e943ec6e030da6c2a62326,e2042f9d8eeec8fa1d01c279f2d1a1c21d5fdaa0f4e943ec6e030da6c2a62326,unchanged
swd3-manual-capture-bridge-probe/_build_v05_ai_snapshot/_verify/swd3_manual_capture_bridge_probe.ssmod,research/archive/swd3-manual-capture-bridge-probe/_build_v05_ai_snapshot/_verify/swd3_manual_capture_bridge_probe.ssmod,4281,963de162405551f3a955647cd180ba90c4937206ebb0749e2ba6476c892a283b,4281,963de162405551f3a955647cd180ba90c4937206ebb0749e2ba6476c892a283b,963de162405551f3a955647cd180ba90c4937206ebb0749e2ba6476c892a283b,unchanged
swd3-manual-capture-bridge-probe/_build_v05_ai_snapshot/_verify/out_data/ManualCaptureBridgeProbe.lua,research/archive/swd3-manual-capture-bridge-probe/_build_v05_ai_snapshot/_verify/out_data/ManualCaptureBridgeProbe.lua,11975,cf7e6c9a3da266f8b5894f611ac715089e3c9f1037d28a1ea6453ee3e81d0cd6,11975,cf7e6c9a3da266f8b5894f611ac715089e3c9f1037d28a1ea6453ee3e81d0cd6,cf7e6c9a3da266f8b5894f611ac715089e3c9f1037d28a1ea6453ee3e81d0cd6,unchanged
swd3-live-card-battle-dialogue-probe/live_card_battle_dialogue_probe.ssmod,research/archive/swd3-live-card-battle-dialogue-probe/live_card_battle_dialogue_probe.ssmod,2838,fa08744e570f3a8c10f396199629ba84a786a587373c6f46ff2c33a514d1299c,2838,fa08744e570f3a8c10f396199629ba84a786a587373c6f46ff2c33a514d1299c,fa08744e570f3a8c10f396199629ba84a786a587373c6f46ff2c33a514d1299c,unchanged
swd3-live-card-battle-dialogue-probe/README.md,research/archive/swd3-live-card-battle-dialogue-probe/README.md,933,0f15c85787ca76a6c6bc09d958cb3d494c69a3fc5a0259e67bc621e39748efed,945,65614fc030709abe166b17b1370641f39cedd183d57b719b18113332193a139a,e6fc1b0cc7f8d38f3d5446c737f6ff22c698d06cc8d38d557e4ce1e72aa592d6,document edit
swd3-live-card-battle-dialogue-probe/dist/live_card_battle_dialogue_probe.ssmod,research/archive/swd3-live-card-battle-dialogue-probe/dist/live_card_battle_dialogue_probe.ssmod,2838,fa08744e570f3a8c10f396199629ba84a786a587373c6f46ff2c33a514d1299c,2838,fa08744e570f3a8c10f396199629ba84a786a587373c6f46ff2c33a514d1299c,fa08744e570f3a8c10f396199629ba84a786a587373c6f46ff2c33a514d1299c,unchanged
swd3-live-card-battle-dialogue-probe/src/live_card_battle_dialogue_probe.ext,research/archive/swd3-live-card-battle-dialogue-probe/src/live_card_battle_dialogue_probe.ext,510,6044da279cfc39ee5d29d68f0c61e53470ce6e2fe666cab465cb7655f04915bc,510,6044da279cfc39ee5d29d68f0c61e53470ce6e2fe666cab465cb7655f04915bc,6044da279cfc39ee5d29d68f0c61e53470ce6e2fe666cab465cb7655f04915bc,unchanged
swd3-live-card-battle-dialogue-probe/src/data/LiveCardDialogueProbe.lua,research/archive/swd3-live-card-battle-dialogue-probe/src/data/LiveCardDialogueProbe.lua,4169,49bbe7e0b846dc743df56c358089e3742c4d66f4846826a6e636d669e48401d8,4169,49bbe7e0b846dc743df56c358089e3742c4d66f4846826a6e636d669e48401d8,49bbe7e0b846dc743df56c358089e3742c4d66f4846826a6e636d669e48401d8,unchanged
swd3-live-card-battle-dialogue-probe/src/data/LiveCardDialogueProbe.txt,research/archive/swd3-live-card-battle-dialogue-probe/src/data/LiveCardDialogueProbe.txt,186,a550e10f9d1fadb0f545cc1b75c762331fcf12065743c9b37458360ea558fe7a,186,a550e10f9d1fadb0f545cc1b75c762331fcf12065743c9b37458360ea558fe7a,a550e10f9d1fadb0f545cc1b75c762331fcf12065743c9b37458360ea558fe7a,unchanged
_build_all_monster_static_capture_v12/swd3_all_monster_static_capture.ssmod,.work/legacy/_build_all_monster_static_capture_v12/swd3_all_monster_static_capture.ssmod,12006,abf38aa6a8834ac04554c203c706ec9efb16bfa0bb7a8f198b2187a0b01998ba,12006,abf38aa6a8834ac04554c203c706ec9efb16bfa0bb7a8f198b2187a0b01998ba,abf38aa6a8834ac04554c203c706ec9efb16bfa0bb7a8f198b2187a0b01998ba,unchanged
_build_all_monster_static_capture_v12_final/swd3_all_monster_static_capture.ssmod,.work/legacy/_build_all_monster_static_capture_v12_final/swd3_all_monster_static_capture.ssmod,12006,abf38aa6a8834ac04554c203c706ec9efb16bfa0bb7a8f198b2187a0b01998ba,12006,abf38aa6a8834ac04554c203c706ec9efb16bfa0bb7a8f198b2187a0b01998ba,abf38aa6a8834ac04554c203c706ec9efb16bfa0bb7a8f198b2187a0b01998ba,unchanged
_build_all_monster_static_capture_v13/swd3_all_monster_static_capture.ssmod,.work/legacy/_build_all_monster_static_capture_v13/swd3_all_monster_static_capture.ssmod,12811,b6caac2781c4004db4ff7cff8086c3fa63026f88e057b5edc6e135a4e5e93d0e,12811,b6caac2781c4004db4ff7cff8086c3fa63026f88e057b5edc6e135a4e5e93d0e,b6caac2781c4004db4ff7cff8086c3fa63026f88e057b5edc6e135a4e5e93d0e,unchanged
_build_guardian_resistance_probe_v010/guardian_resistance_battle_probe.ssmod,.work/legacy/_build_guardian_resistance_probe_v010/guardian_resistance_battle_probe.ssmod,3085,f6dd08939ae6059880d8483153945068179cc85e6e1b7187bb7b2c0510376037,3085,f6dd08939ae6059880d8483153945068179cc85e6e1b7187bb7b2c0510376037,f6dd08939ae6059880d8483153945068179cc85e6e1b7187bb7b2c0510376037,unchanged
_build_guardian_resistance_probe_v011/guardian_resistance_battle_probe.ssmod,.work/legacy/_build_guardian_resistance_probe_v011/guardian_resistance_battle_probe.ssmod,3427,54a060b6dd78ab6984dc5422df9bd8f6f59e640af45034716b71e8386c6112a9,3427,54a060b6dd78ab6984dc5422df9bd8f6f59e640af45034716b71e8386c6112a9,54a060b6dd78ab6984dc5422df9bd8f6f59e640af45034716b71e8386c6112a9,unchanged
_build_guardian_resistance_runtime_probe_v001/guardian_resistance_runtime_probe.ssmod,.work/legacy/_build_guardian_resistance_runtime_probe_v001/guardian_resistance_runtime_probe.ssmod,2876,0f36378f2146ee22811f0bde2536ac4b85a75b7e22b00c6bdd6b3ef94fb8f92e,2876,0f36378f2146ee22811f0bde2536ac4b85a75b7e22b00c6bdd6b3ef94fb8f92e,0f36378f2146ee22811f0bde2536ac4b85a75b7e22b00c6bdd6b3ef94fb8f92e,unchanged
_critical_balance_audit_20260904/live_card_battle/live_card_battle.ext,.work/legacy/_critical_balance_audit_20260904/live_card_battle/live_card_battle.ext,589,8355764a3c5ccc3b81484a025b1d40d6598d7b303c7c5d06fd7ae61a097ba93b,589,8355764a3c5ccc3b81484a025b1d40d6598d7b303c7c5d06fd7ae61a097ba93b,8355764a3c5ccc3b81484a025b1d40d6598d7b303c7c5d06fd7ae61a097ba93b,unchanged
_critical_balance_audit_20260904/live_card_battle/live_card_battle.ssmod,.work/legacy/_critical_balance_audit_20260904/live_card_battle/live_card_battle.ssmod,15851,dd46cced39af1dfda58446dc921c632c54bdf4b6f6e99df55c348dc0194fab3c,15851,dd46cced39af1dfda58446dc921c632c54bdf4b6f6e99df55c348dc0194fab3c,dd46cced39af1dfda58446dc921c632c54bdf4b6f6e99df55c348dc0194fab3c,unchanged
_critical_balance_audit_20260904/live_card_battle/out_data/CardBattleRules.lua,.work/legacy/_critical_balance_audit_20260904/live_card_battle/out_data/CardBattleRules.lua,22822,e93ab3726a169fd533abfde50529951db1d0735bb945f122ceacddaa14ea21a4,22822,e93ab3726a169fd533abfde50529951db1d0735bb945f122ceacddaa14ea21a4,e93ab3726a169fd533abfde50529951db1d0735bb945f122ceacddaa14ea21a4,unchanged
_critical_balance_audit_20260904/live_card_battle/out_data/LiveCardBattle.lua,.work/legacy/_critical_balance_audit_20260904/live_card_battle/out_data/LiveCardBattle.lua,30418,1cc60e2ca78eeab94ca17ccc08df73f20b7369eae1a54f48d58048672e5ab754,30418,1cc60e2ca78eeab94ca17ccc08df73f20b7369eae1a54f48d58048672e5ab754,1cc60e2ca78eeab94ca17ccc08df73f20b7369eae1a54f48d58048672e5ab754,unchanged
_critical_balance_audit_20260904/live_card_battle/out_data/LiveCardBattle.txt,.work/legacy/_critical_balance_audit_20260904/live_card_battle/out_data/LiveCardBattle.txt,1068,af825fcc5c1882e203e24186730576ae612f16f9b80f2ef14e69a9ac16c00823,1068,af825fcc5c1882e203e24186730576ae612f16f9b80f2ef14e69a9ac16c00823,af825fcc5c1882e203e24186730576ae612f16f9b80f2ef14e69a9ac16c00823,unchanged
_critical_balance_audit_20260904/proficiency_multiplier/proficiency_multiplier.ext,.work/legacy/_critical_balance_audit_20260904/proficiency_multiplier/proficiency_multiplier.ext,476,e08aa0f0156b6eda298bc8936764ba1370f959380e94d9d940d489835904e914,476,e08aa0f0156b6eda298bc8936764ba1370f959380e94d9d940d489835904e914,e08aa0f0156b6eda298bc8936764ba1370f959380e94d9d940d489835904e914,unchanged
_critical_balance_audit_20260904/proficiency_multiplier/proficiency_multiplier.ssmod,.work/legacy/_critical_balance_audit_20260904/proficiency_multiplier/proficiency_multiplier.ssmod,2209,580cb912620e79a315f3705e9caea198a097a5e2a0fc47329f9a22de77958db7,2209,580cb912620e79a315f3705e9caea198a097a5e2a0fc47329f9a22de77958db7,580cb912620e79a315f3705e9caea198a097a5e2a0fc47329f9a22de77958db7,unchanged
_critical_balance_audit_20260904/proficiency_multiplier/out_data/00_ProficiencyMultiplierConfig.lua,.work/legacy/_critical_balance_audit_20260904/proficiency_multiplier/out_data/00_ProficiencyMultiplierConfig.lua,394,8f14aaccf0248e29cac031f5d36cf3f7ce049731ef47c3e4d3051ef93ae6b90e,394,8f14aaccf0248e29cac031f5d36cf3f7ce049731ef47c3e4d3051ef93ae6b90e,8f14aaccf0248e29cac031f5d36cf3f7ce049731ef47c3e4d3051ef93ae6b90e,unchanged
_critical_balance_audit_20260904/proficiency_multiplier/out_data/ProficiencyMultiplier.lua,.work/legacy/_critical_balance_audit_20260904/proficiency_multiplier/out_data/ProficiencyMultiplier.lua,2191,5a29da23857c8f48425e4dff03948f1ef2359bd6be5e8c73f16d0f67208bc33c,2191,5a29da23857c8f48425e4dff03948f1ef2359bd6be5e8c73f16d0f67208bc33c,5a29da23857c8f48425e4dff03948f1ef2359bd6be5e8c73f16d0f67208bc33c,unchanged
_critical_balance_audit_20260904/refinery_diagnostics_unlock/refinery_diagnostics_unlock.ext,.work/legacy/_critical_balance_audit_20260904/refinery_diagnostics_unlock/refinery_diagnostics_unlock.ext,570,32ff1d332652e95506b0f44ae67aca988f043a9d1543ca911150ab15736224e0,570,32ff1d332652e95506b0f44ae67aca988f043a9d1543ca911150ab15736224e0,32ff1d332652e95506b0f44ae67aca988f043a9d1543ca911150ab15736224e0,unchanged
_critical_balance_audit_20260904/refinery_diagnostics_unlock/refinery_diagnostics_unlock.ssmod,.work/legacy/_critical_balance_audit_20260904/refinery_diagnostics_unlock/refinery_diagnostics_unlock.ssmod,6011,498db24c022c33b802ce2bd34eac12a6d5e113fd75304fe44ceddf37d8c0ac83,6011,498db24c022c33b802ce2bd34eac12a6d5e113fd75304fe44ceddf37d8c0ac83,498db24c022c33b802ce2bd34eac12a6d5e113fd75304fe44ceddf37d8c0ac83,unchanged
_critical_balance_audit_20260904/refinery_diagnostics_unlock/out_data/RefineryDiagnosticsUnlock.lua,.work/legacy/_critical_balance_audit_20260904/refinery_diagnostics_unlock/out_data/RefineryDiagnosticsUnlock.lua,16603,a6e3572d075e14df42ed9604f2e92138480ba200d34b3536b22e7ba8d4d8a814,16603,a6e3572d075e14df42ed9604f2e92138480ba200d34b3536b22e7ba8d4d8a814,a6e3572d075e14df42ed9604f2e92138480ba200d34b3536b22e7ba8d4d8a814,unchanged
_critical_balance_audit_20260904/refinery_diagnostics_unlock/out_data/RefineryDiagnosticsUnlock.txt,.work/legacy/_critical_balance_audit_20260904/refinery_diagnostics_unlock/out_data/RefineryDiagnosticsUnlock.txt,808,c9657d5d5cd16ac58210b891cf6f83ba3702c4f15afe9dbd9ac4128ec567db91,808,c9657d5d5cd16ac58210b891cf6f83ba3702c4f15afe9dbd9ac4128ec567db91,c9657d5d5cd16ac58210b891cf6f83ba3702c4f15afe9dbd9ac4128ec567db91,unchanged
_critical_balance_audit_20260904/static_capture_current/swd3_all_monster_static_capture.ext,.work/legacy/_critical_balance_audit_20260904/static_capture_current/swd3_all_monster_static_capture.ext,865,d5e1bb33a520d6555a8d28bc15dcedf5ae3476721f3ee1e2e9efb4aa1fdcca74,865,d5e1bb33a520d6555a8d28bc15dcedf5ae3476721f3ee1e2e9efb4aa1fdcca74,d5e1bb33a520d6555a8d28bc15dcedf5ae3476721f3ee1e2e9efb4aa1fdcca74,unchanged
_critical_balance_audit_20260904/static_capture_current/swd3_all_monster_static_capture.ssmod,.work/legacy/_critical_balance_audit_20260904/static_capture_current/swd3_all_monster_static_capture.ssmod,16794,d17004abe76af3476cc65817f5190bbe4dc2ff0faf775a0ca25f4917648dc005,16794,d17004abe76af3476cc65817f5190bbe4dc2ff0faf775a0ca25f4917648dc005,d17004abe76af3476cc65817f5190bbe4dc2ff0faf775a0ca25f4917648dc005,unchanged
_critical_balance_audit_20260904/static_capture_current/out_data/AllMonsterCaptureRuntime.lua,.work/legacy/_critical_balance_audit_20260904/static_capture_current/out_data/AllMonsterCaptureRuntime.lua,12011,8174f5aa37b2d38378c4275ccec8ce190640cb12c0f7e2d5c68128ef22561035,12011,8174f5aa37b2d38378c4275ccec8ce190640cb12c0f7e2d5c68128ef22561035,8174f5aa37b2d38378c4275ccec8ce190640cb12c0f7e2d5c68128ef22561035,unchanged
_critical_balance_audit_20260904/static_capture_current/out_data/AllMonsterStaticCapture.lua,.work/legacy/_critical_balance_audit_20260904/static_capture_current/out_data/AllMonsterStaticCapture.lua,9245,c384cf173f9804b888d3a81521ba09bae539c2202d0d49477dbbdd2e8d400414,9245,c384cf173f9804b888d3a81521ba09bae539c2202d0d49477dbbdd2e8d400414,c384cf173f9804b888d3a81521ba09bae539c2202d0d49477dbbdd2e8d400414,unchanged
_critical_balance_audit_20260904/static_capture_current/out_data/AllMonsterStaticCapture.txt,.work/legacy/_critical_balance_audit_20260904/static_capture_current/out_data/AllMonsterStaticCapture.txt,24401,eec9bf776091d98ca654329b94b56b96b5cea193f3d053d0263bd82522445e56,24401,eec9bf776091d98ca654329b94b56b96b5cea193f3d053d0263bd82522445e56,eec9bf776091d98ca654329b94b56b96b5cea193f3d053d0263bd82522445e56,unchanged
_critical_balance_audit_20260904/static_capture_current/out_data/AllMonsterStaticCatalogue.lua,.work/legacy/_critical_balance_audit_20260904/static_capture_current/out_data/AllMonsterStaticCatalogue.lua,46375,852b3c8b009cc690f4a6283dbb67960a26340761947ea101bb77f82a28af2b2f,46375,852b3c8b009cc690f4a6283dbb67960a26340761947ea101bb77f82a28af2b2f,852b3c8b009cc690f4a6283dbb67960a26340761947ea101bb77f82a28af2b2f,unchanged
_guardian_specs_v12_preview/all-monster-static-cards.csv,.work/legacy/_guardian_specs_v12_preview/all-monster-static-cards.csv,39202,7d21bc8cf647c65a5685c3a2c7b8866425379bd4484476975afeb2a3b889e97a,39202,7d21bc8cf647c65a5685c3a2c7b8866425379bd4484476975afeb2a3b889e97a,7d21bc8cf647c65a5685c3a2c7b8866425379bd4484476975afeb2a3b889e97a,unchanged
_guardian_specs_v12_preview/AllMonsterStaticCapture.txt,.work/legacy/_guardian_specs_v12_preview/AllMonsterStaticCapture.txt,30540,a79f82b6e09b8a16b075d0dda85b348a566d8ee7b6e83cc13e7b0867a06b796b,30540,a79f82b6e09b8a16b075d0dda85b348a566d8ee7b6e83cc13e7b0867a06b796b,a79f82b6e09b8a16b075d0dda85b348a566d8ee7b6e83cc13e7b0867a06b796b,unchanged
_guardian_specs_v12_preview/AllMonsterStaticCatalogue.lua,.work/legacy/_guardian_specs_v12_preview/AllMonsterStaticCatalogue.lua,33040,bba52530c54741dc5ea9b975df52b2aa2a668bc22b482dc4e09c95f7facf7e1d,33040,bba52530c54741dc5ea9b975df52b2aa2a668bc22b482dc4e09c95f7facf7e1d,bba52530c54741dc5ea9b975df52b2aa2a668bc22b482dc4e09c95f7facf7e1d,unchanged
_guardian_specs_v12_preview/static-card-guardian-specs.csv,.work/legacy/_guardian_specs_v12_preview/static-card-guardian-specs.csv,38148,76ea8a2f00fdd1d9598cda3ba7b021ae26adc501220c8b1ea8b40960015091ce,38148,76ea8a2f00fdd1d9598cda3ba7b021ae26adc501220c8b1ea8b40960015091ce,76ea8a2f00fdd1d9598cda3ba7b021ae26adc501220c8b1ea8b40960015091ce,unchanged
_retired_guardian_resistance_probe_packages/guardian_resistance_battle_probe.ssmod,.work/legacy/_retired_guardian_resistance_probe_packages/guardian_resistance_battle_probe.ssmod,3427,54a060b6dd78ab6984dc5422df9bd8f6f59e640af45034716b71e8386c6112a9,3427,54a060b6dd78ab6984dc5422df9bd8f6f59e640af45034716b71e8386c6112a9,54a060b6dd78ab6984dc5422df9bd8f6f59e640af45034716b71e8386c6112a9,unchanged
_retired_guardian_resistance_probe_packages/guardian_resistance_runtime_probe.ssmod,.work/legacy/_retired_guardian_resistance_probe_packages/guardian_resistance_runtime_probe.ssmod,2876,0f36378f2146ee22811f0bde2536ac4b85a75b7e22b00c6bdd6b3ef94fb8f92e,2876,0f36378f2146ee22811f0bde2536ac4b85a75b7e22b00c6bdd6b3ef94fb8f92e,0f36378f2146ee22811f0bde2536ac4b85a75b7e22b00c6bdd6b3ef94fb8f92e,unchanged
_verify_all_monster_static_capture_v12/swd3_all_monster_static_capture.ext,.work/legacy/_verify_all_monster_static_capture_v12/swd3_all_monster_static_capture.ext,699,196ff0964256de8d69c129b29f2db137ef14009f00ac4853cedefe3b191ac96c,699,196ff0964256de8d69c129b29f2db137ef14009f00ac4853cedefe3b191ac96c,196ff0964256de8d69c129b29f2db137ef14009f00ac4853cedefe3b191ac96c,unchanged
_verify_all_monster_static_capture_v12/swd3_all_monster_static_capture.ssmod,.work/legacy/_verify_all_monster_static_capture_v12/swd3_all_monster_static_capture.ssmod,12006,abf38aa6a8834ac04554c203c706ec9efb16bfa0bb7a8f198b2187a0b01998ba,12006,abf38aa6a8834ac04554c203c706ec9efb16bfa0bb7a8f198b2187a0b01998ba,abf38aa6a8834ac04554c203c706ec9efb16bfa0bb7a8f198b2187a0b01998ba,unchanged
_verify_all_monster_static_capture_v12/out_data/AllMonsterCaptureRuntime.lua,.work/legacy/_verify_all_monster_static_capture_v12/out_data/AllMonsterCaptureRuntime.lua,10711,5239328309a297eca198358631f51d480b0e23e3288bffce0d592a2d50ff0c3a,10711,5239328309a297eca198358631f51d480b0e23e3288bffce0d592a2d50ff0c3a,5239328309a297eca198358631f51d480b0e23e3288bffce0d592a2d50ff0c3a,unchanged
_verify_all_monster_static_capture_v12/out_data/AllMonsterStaticCapture.lua,.work/legacy/_verify_all_monster_static_capture_v12/out_data/AllMonsterStaticCapture.lua,10515,9cdcac4da27fe49ac81326d287df6a2b24d1b45dea8349dc6aa25db6234526a7,10515,9cdcac4da27fe49ac81326d287df6a2b24d1b45dea8349dc6aa25db6234526a7,9cdcac4da27fe49ac81326d287df6a2b24d1b45dea8349dc6aa25db6234526a7,unchanged
_verify_all_monster_static_capture_v12/out_data/AllMonsterStaticCapture.txt,.work/legacy/_verify_all_monster_static_capture_v12/out_data/AllMonsterStaticCapture.txt,30540,a79f82b6e09b8a16b075d0dda85b348a566d8ee7b6e83cc13e7b0867a06b796b,30540,a79f82b6e09b8a16b075d0dda85b348a566d8ee7b6e83cc13e7b0867a06b796b,a79f82b6e09b8a16b075d0dda85b348a566d8ee7b6e83cc13e7b0867a06b796b,unchanged
_verify_all_monster_static_capture_v12/out_data/AllMonsterStaticCatalogue.lua,.work/legacy/_verify_all_monster_static_capture_v12/out_data/AllMonsterStaticCatalogue.lua,33040,bba52530c54741dc5ea9b975df52b2aa2a668bc22b482dc4e09c95f7facf7e1d,33040,bba52530c54741dc5ea9b975df52b2aa2a668bc22b482dc4e09c95f7facf7e1d,bba52530c54741dc5ea9b975df52b2aa2a668bc22b482dc4e09c95f7facf7e1d,unchanged
_verify_all_monster_static_capture_v12_final/swd3_all_monster_static_capture.ext,.work/legacy/_verify_all_monster_static_capture_v12_final/swd3_all_monster_static_capture.ext,699,196ff0964256de8d69c129b29f2db137ef14009f00ac4853cedefe3b191ac96c,699,196ff0964256de8d69c129b29f2db137ef14009f00ac4853cedefe3b191ac96c,196ff0964256de8d69c129b29f2db137ef14009f00ac4853cedefe3b191ac96c,unchanged
_verify_all_monster_static_capture_v12_final/swd3_all_monster_static_capture.ssmod,.work/legacy/_verify_all_monster_static_capture_v12_final/swd3_all_monster_static_capture.ssmod,12006,abf38aa6a8834ac04554c203c706ec9efb16bfa0bb7a8f198b2187a0b01998ba,12006,abf38aa6a8834ac04554c203c706ec9efb16bfa0bb7a8f198b2187a0b01998ba,abf38aa6a8834ac04554c203c706ec9efb16bfa0bb7a8f198b2187a0b01998ba,unchanged
_verify_all_monster_static_capture_v12_final/out_data/AllMonsterCaptureRuntime.lua,.work/legacy/_verify_all_monster_static_capture_v12_final/out_data/AllMonsterCaptureRuntime.lua,10711,5239328309a297eca198358631f51d480b0e23e3288bffce0d592a2d50ff0c3a,10711,5239328309a297eca198358631f51d480b0e23e3288bffce0d592a2d50ff0c3a,5239328309a297eca198358631f51d480b0e23e3288bffce0d592a2d50ff0c3a,unchanged
_verify_all_monster_static_capture_v12_final/out_data/AllMonsterStaticCapture.lua,.work/legacy/_verify_all_monster_static_capture_v12_final/out_data/AllMonsterStaticCapture.lua,10515,9cdcac4da27fe49ac81326d287df6a2b24d1b45dea8349dc6aa25db6234526a7,10515,9cdcac4da27fe49ac81326d287df6a2b24d1b45dea8349dc6aa25db6234526a7,9cdcac4da27fe49ac81326d287df6a2b24d1b45dea8349dc6aa25db6234526a7,unchanged
_verify_all_monster_static_capture_v12_final/out_data/AllMonsterStaticCapture.txt,.work/legacy/_verify_all_monster_static_capture_v12_final/out_data/AllMonsterStaticCapture.txt,30540,a79f82b6e09b8a16b075d0dda85b348a566d8ee7b6e83cc13e7b0867a06b796b,30540,a79f82b6e09b8a16b075d0dda85b348a566d8ee7b6e83cc13e7b0867a06b796b,a79f82b6e09b8a16b075d0dda85b348a566d8ee7b6e83cc13e7b0867a06b796b,unchanged
_verify_all_monster_static_capture_v12_final/out_data/AllMonsterStaticCatalogue.lua,.work/legacy/_verify_all_monster_static_capture_v12_final/out_data/AllMonsterStaticCatalogue.lua,33040,bba52530c54741dc5ea9b975df52b2aa2a668bc22b482dc4e09c95f7facf7e1d,33040,bba52530c54741dc5ea9b975df52b2aa2a668bc22b482dc4e09c95f7facf7e1d,bba52530c54741dc5ea9b975df52b2aa2a668bc22b482dc4e09c95f7facf7e1d,unchanged
_verify_all_monster_static_capture_v13/swd3_all_monster_static_capture.ext,.work/legacy/_verify_all_monster_static_capture_v13/swd3_all_monster_static_capture.ext,699,2a2111e928084e0f8e459c61570732dec28bbf0412c5381f442c60b398ecf284,699,2a2111e928084e0f8e459c61570732dec28bbf0412c5381f442c60b398ecf284,2a2111e928084e0f8e459c61570732dec28bbf0412c5381f442c60b398ecf284,unchanged
_verify_all_monster_static_capture_v13/swd3_all_monster_static_capture.ssmod,.work/legacy/_verify_all_monster_static_capture_v13/swd3_all_monster_static_capture.ssmod,12811,b6caac2781c4004db4ff7cff8086c3fa63026f88e057b5edc6e135a4e5e93d0e,12811,b6caac2781c4004db4ff7cff8086c3fa63026f88e057b5edc6e135a4e5e93d0e,b6caac2781c4004db4ff7cff8086c3fa63026f88e057b5edc6e135a4e5e93d0e,unchanged
_verify_all_monster_static_capture_v13/out_data/AllMonsterCaptureRuntime.lua,.work/legacy/_verify_all_monster_static_capture_v13/out_data/AllMonsterCaptureRuntime.lua,10711,5239328309a297eca198358631f51d480b0e23e3288bffce0d592a2d50ff0c3a,10711,5239328309a297eca198358631f51d480b0e23e3288bffce0d592a2d50ff0c3a,5239328309a297eca198358631f51d480b0e23e3288bffce0d592a2d50ff0c3a,unchanged
_verify_all_monster_static_capture_v13/out_data/AllMonsterStaticCapture.lua,.work/legacy/_verify_all_monster_static_capture_v13/out_data/AllMonsterStaticCapture.lua,9245,c384cf173f9804b888d3a81521ba09bae539c2202d0d49477dbbdd2e8d400414,9245,c384cf173f9804b888d3a81521ba09bae539c2202d0d49477dbbdd2e8d400414,c384cf173f9804b888d3a81521ba09bae539c2202d0d49477dbbdd2e8d400414,unchanged
_verify_all_monster_static_capture_v13/out_data/AllMonsterStaticCapture.txt,.work/legacy/_verify_all_monster_static_capture_v13/out_data/AllMonsterStaticCapture.txt,17619,40a27b50000eb0f04a87bea979d4fcb64a51d45e9edf9eca3aac4289b5c955c9,17619,40a27b50000eb0f04a87bea979d4fcb64a51d45e9edf9eca3aac4289b5c955c9,40a27b50000eb0f04a87bea979d4fcb64a51d45e9edf9eca3aac4289b5c955c9,unchanged
_verify_all_monster_static_capture_v13/out_data/AllMonsterStaticCatalogue.lua,.work/legacy/_verify_all_monster_static_capture_v13/out_data/AllMonsterStaticCatalogue.lua,43450,e3d8916bd724fe0f831efdb658f52853bfce8b79c86b4b9e003e5c16f3d60735,43450,e3d8916bd724fe0f831efdb658f52853bfce8b79c86b4b9e003e5c16f3d60735,e3d8916bd724fe0f831efdb658f52853bfce8b79c86b4b9e003e5c16f3d60735,unchanged
_verify_guardian_resistance_probe_v010/guardian_resistance_battle_probe.ext,.work/legacy/_verify_guardian_resistance_probe_v010/guardian_resistance_battle_probe.ext,361,d808a647fb6bf1ccf68e4b7507b38932224fd475dafe47e9964796ab29104525,361,d808a647fb6bf1ccf68e4b7507b38932224fd475dafe47e9964796ab29104525,d808a647fb6bf1ccf68e4b7507b38932224fd475dafe47e9964796ab29104525,unchanged
_verify_guardian_resistance_probe_v010/guardian_resistance_battle_probe.ssmod,.work/legacy/_verify_guardian_resistance_probe_v010/guardian_resistance_battle_probe.ssmod,3085,f6dd08939ae6059880d8483153945068179cc85e6e1b7187bb7b2c0510376037,3085,f6dd08939ae6059880d8483153945068179cc85e6e1b7187bb7b2c0510376037,f6dd08939ae6059880d8483153945068179cc85e6e1b7187bb7b2c0510376037,unchanged
_verify_guardian_resistance_probe_v010/out_data/GuardianResistanceBattleProbe.lua,.work/legacy/_verify_guardian_resistance_probe_v010/out_data/GuardianResistanceBattleProbe.lua,6370,fac94c5e9c31fb1bfb7304d427fd88c4f7f6f6cb144e6805845a030ea9029057,6370,fac94c5e9c31fb1bfb7304d427fd88c4f7f6f6cb144e6805845a030ea9029057,fac94c5e9c31fb1bfb7304d427fd88c4f7f6f6cb144e6805845a030ea9029057,unchanged
_verify_guardian_resistance_probe_v011/guardian_resistance_battle_probe.ext,.work/legacy/_verify_guardian_resistance_probe_v011/guardian_resistance_battle_probe.ext,361,d808a647fb6bf1ccf68e4b7507b38932224fd475dafe47e9964796ab29104525,361,d808a647fb6bf1ccf68e4b7507b38932224fd475dafe47e9964796ab29104525,d808a647fb6bf1ccf68e4b7507b38932224fd475dafe47e9964796ab29104525,unchanged
_verify_guardian_resistance_probe_v011/guardian_resistance_battle_probe.ssmod,.work/legacy/_verify_guardian_resistance_probe_v011/guardian_resistance_battle_probe.ssmod,3427,54a060b6dd78ab6984dc5422df9bd8f6f59e640af45034716b71e8386c6112a9,3427,54a060b6dd78ab6984dc5422df9bd8f6f59e640af45034716b71e8386c6112a9,54a060b6dd78ab6984dc5422df9bd8f6f59e640af45034716b71e8386c6112a9,unchanged
_verify_guardian_resistance_probe_v011/out_data/GuardianResistanceBattleProbe.lua,.work/legacy/_verify_guardian_resistance_probe_v011/out_data/GuardianResistanceBattleProbe.lua,7717,f846b4463d4f4b79c0e6d76098f586d728d5035d4bd78760fb305b19c710f5f0,7717,f846b4463d4f4b79c0e6d76098f586d728d5035d4bd78760fb305b19c710f5f0,f846b4463d4f4b79c0e6d76098f586d728d5035d4bd78760fb305b19c710f5f0,unchanged
_verify_guardian_resistance_runtime_probe_v001/guardian_resistance_runtime_probe.ext,.work/legacy/_verify_guardian_resistance_runtime_probe_v001/guardian_resistance_runtime_probe.ext,371,90fed424d61d15aef368d621db289c572ae7903339e1faa24c82cfaddd8e8638,371,90fed424d61d15aef368d621db289c572ae7903339e1faa24c82cfaddd8e8638,90fed424d61d15aef368d621db289c572ae7903339e1faa24c82cfaddd8e8638,unchanged
_verify_guardian_resistance_runtime_probe_v001/guardian_resistance_runtime_probe.ssmod,.work/legacy/_verify_guardian_resistance_runtime_probe_v001/guardian_resistance_runtime_probe.ssmod,2876,0f36378f2146ee22811f0bde2536ac4b85a75b7e22b00c6bdd6b3ef94fb8f92e,2876,0f36378f2146ee22811f0bde2536ac4b85a75b7e22b00c6bdd6b3ef94fb8f92e,0f36378f2146ee22811f0bde2536ac4b85a75b7e22b00c6bdd6b3ef94fb8f92e,unchanged
_verify_guardian_resistance_runtime_probe_v001/out_data/GuardianResistanceRuntimeProbe.lua,.work/legacy/_verify_guardian_resistance_runtime_probe_v001/out_data/GuardianResistanceRuntimeProbe.lua,5949,9012cc11f924c38e198c98bd9c276f1746e3a0d791ac6b02d0a66b5bf8c13cde,5949,9012cc11f924c38e198c98bd9c276f1746e3a0d791ac6b02d0a66b5bf8c13cde,9012cc11f924c38e198c98bd9c276f1746e3a0d791ac6b02d0a66b5bf8c13cde,unchanged
_verify_live_card_battle_v030_average_161db77c95494f7598217fd2aa024c6c/live_card_battle.ext,.work/legacy/_verify_live_card_battle_v030_average_161db77c95494f7598217fd2aa024c6c/live_card_battle.ext,589,17dc3460cab45fef83dce29577b910c9728e9633d89e1a9a1304329397f6ab5d,589,17dc3460cab45fef83dce29577b910c9728e9633d89e1a9a1304329397f6ab5d,17dc3460cab45fef83dce29577b910c9728e9633d89e1a9a1304329397f6ab5d,unchanged
_verify_live_card_battle_v030_average_161db77c95494f7598217fd2aa024c6c/live_card_battle.ssmod,.work/legacy/_verify_live_card_battle_v030_average_161db77c95494f7598217fd2aa024c6c/live_card_battle.ssmod,15378,f36a64d7964b8a166c9b32e1bc86c728d7941807941a6e20cbdc62676edc9229,15378,f36a64d7964b8a166c9b32e1bc86c728d7941807941a6e20cbdc62676edc9229,f36a64d7964b8a166c9b32e1bc86c728d7941807941a6e20cbdc62676edc9229,unchanged
_verify_live_card_battle_v030_average_161db77c95494f7598217fd2aa024c6c/out_data/CardBattleRules.lua,.work/legacy/_verify_live_card_battle_v030_average_161db77c95494f7598217fd2aa024c6c/out_data/CardBattleRules.lua,22822,e93ab3726a169fd533abfde50529951db1d0735bb945f122ceacddaa14ea21a4,22822,e93ab3726a169fd533abfde50529951db1d0735bb945f122ceacddaa14ea21a4,e93ab3726a169fd533abfde50529951db1d0735bb945f122ceacddaa14ea21a4,unchanged
_verify_live_card_battle_v030_average_161db77c95494f7598217fd2aa024c6c/out_data/LiveCardBattle.lua,.work/legacy/_verify_live_card_battle_v030_average_161db77c95494f7598217fd2aa024c6c/out_data/LiveCardBattle.lua,28662,88833a379a94cc52c5c38a36549446eac3a0ceb9f845d6968151588fe9e5a156,28662,88833a379a94cc52c5c38a36549446eac3a0ceb9f845d6968151588fe9e5a156,88833a379a94cc52c5c38a36549446eac3a0ceb9f845d6968151588fe9e5a156,unchanged
_verify_live_card_battle_v030_average_161db77c95494f7598217fd2aa024c6c/out_data/LiveCardBattle.txt,.work/legacy/_verify_live_card_battle_v030_average_161db77c95494f7598217fd2aa024c6c/out_data/LiveCardBattle.txt,1068,af825fcc5c1882e203e24186730576ae612f16f9b80f2ef14e69a9ac16c00823,1068,af825fcc5c1882e203e24186730576ae612f16f9b80f2ef14e69a9ac16c00823,af825fcc5c1882e203e24186730576ae612f16f9b80f2ef14e69a9ac16c00823,unchanged
_verify_live_card_battle_v030_diagnostics_86cfc4fa7906487f92e0830c0fdb5208/live_card_battle.ext,.work/legacy/_verify_live_card_battle_v030_diagnostics_86cfc4fa7906487f92e0830c0fdb5208/live_card_battle.ext,589,17dc3460cab45fef83dce29577b910c9728e9633d89e1a9a1304329397f6ab5d,589,17dc3460cab45fef83dce29577b910c9728e9633d89e1a9a1304329397f6ab5d,17dc3460cab45fef83dce29577b910c9728e9633d89e1a9a1304329397f6ab5d,unchanged
_verify_live_card_battle_v030_diagnostics_86cfc4fa7906487f92e0830c0fdb5208/live_card_battle.ssmod,.work/legacy/_verify_live_card_battle_v030_diagnostics_86cfc4fa7906487f92e0830c0fdb5208/live_card_battle.ssmod,15626,bab5c1e8fc236fe3f0e879f28903f5ff5046f6bce140555c7913b3639cd44619,15626,bab5c1e8fc236fe3f0e879f28903f5ff5046f6bce140555c7913b3639cd44619,bab5c1e8fc236fe3f0e879f28903f5ff5046f6bce140555c7913b3639cd44619,unchanged
_verify_live_card_battle_v030_diagnostics_86cfc4fa7906487f92e0830c0fdb5208/out_data/CardBattleRules.lua,.work/legacy/_verify_live_card_battle_v030_diagnostics_86cfc4fa7906487f92e0830c0fdb5208/out_data/CardBattleRules.lua,22822,e93ab3726a169fd533abfde50529951db1d0735bb945f122ceacddaa14ea21a4,22822,e93ab3726a169fd533abfde50529951db1d0735bb945f122ceacddaa14ea21a4,e93ab3726a169fd533abfde50529951db1d0735bb945f122ceacddaa14ea21a4,unchanged
_verify_live_card_battle_v030_diagnostics_86cfc4fa7906487f92e0830c0fdb5208/out_data/LiveCardBattle.lua,.work/legacy/_verify_live_card_battle_v030_diagnostics_86cfc4fa7906487f92e0830c0fdb5208/out_data/LiveCardBattle.lua,29676,9a2cc64662130efd87a7e88e8e732deea75db1cb3e875d8ff84f96a388a5f34e,29676,9a2cc64662130efd87a7e88e8e732deea75db1cb3e875d8ff84f96a388a5f34e,9a2cc64662130efd87a7e88e8e732deea75db1cb3e875d8ff84f96a388a5f34e,unchanged
_verify_live_card_battle_v030_diagnostics_86cfc4fa7906487f92e0830c0fdb5208/out_data/LiveCardBattle.txt,.work/legacy/_verify_live_card_battle_v030_diagnostics_86cfc4fa7906487f92e0830c0fdb5208/out_data/LiveCardBattle.txt,1068,af825fcc5c1882e203e24186730576ae612f16f9b80f2ef14e69a9ac16c00823,1068,af825fcc5c1882e203e24186730576ae612f16f9b80f2ef14e69a9ac16c00823,af825fcc5c1882e203e24186730576ae612f16f9b80f2ef14e69a9ac16c00823,unchanged
_verify_live_card_battle_v030_diagnostics_final_b494106034324f148669f94c27ac6d78/live_card_battle.ext,.work/legacy/_verify_live_card_battle_v030_diagnostics_final_b494106034324f148669f94c27ac6d78/live_card_battle.ext,589,17dc3460cab45fef83dce29577b910c9728e9633d89e1a9a1304329397f6ab5d,589,17dc3460cab45fef83dce29577b910c9728e9633d89e1a9a1304329397f6ab5d,17dc3460cab45fef83dce29577b910c9728e9633d89e1a9a1304329397f6ab5d,unchanged
_verify_live_card_battle_v030_diagnostics_final_b494106034324f148669f94c27ac6d78/live_card_battle.ssmod,.work/legacy/_verify_live_card_battle_v030_diagnostics_final_b494106034324f148669f94c27ac6d78/live_card_battle.ssmod,15651,5e3f50afe8351eb7cbd8a4b0d637fd804c92e443654321c63ebeec8948d3c691,15651,5e3f50afe8351eb7cbd8a4b0d637fd804c92e443654321c63ebeec8948d3c691,5e3f50afe8351eb7cbd8a4b0d637fd804c92e443654321c63ebeec8948d3c691,unchanged
_verify_live_card_battle_v030_diagnostics_final_b494106034324f148669f94c27ac6d78/out_data/CardBattleRules.lua,.work/legacy/_verify_live_card_battle_v030_diagnostics_final_b494106034324f148669f94c27ac6d78/out_data/CardBattleRules.lua,22822,e93ab3726a169fd533abfde50529951db1d0735bb945f122ceacddaa14ea21a4,22822,e93ab3726a169fd533abfde50529951db1d0735bb945f122ceacddaa14ea21a4,e93ab3726a169fd533abfde50529951db1d0735bb945f122ceacddaa14ea21a4,unchanged
_verify_live_card_battle_v030_diagnostics_final_b494106034324f148669f94c27ac6d78/out_data/LiveCardBattle.lua,.work/legacy/_verify_live_card_battle_v030_diagnostics_final_b494106034324f148669f94c27ac6d78/out_data/LiveCardBattle.lua,29831,124c5f99a1921f8cbeae8fd05d36b6499eaf8dc238d18a0dc63558d63f2f40ec,29831,124c5f99a1921f8cbeae8fd05d36b6499eaf8dc238d18a0dc63558d63f2f40ec,124c5f99a1921f8cbeae8fd05d36b6499eaf8dc238d18a0dc63558d63f2f40ec,unchanged
_verify_live_card_battle_v030_diagnostics_final_b494106034324f148669f94c27ac6d78/out_data/LiveCardBattle.txt,.work/legacy/_verify_live_card_battle_v030_diagnostics_final_b494106034324f148669f94c27ac6d78/out_data/LiveCardBattle.txt,1068,af825fcc5c1882e203e24186730576ae612f16f9b80f2ef14e69a9ac16c00823,1068,af825fcc5c1882e203e24186730576ae612f16f9b80f2ef14e69a9ac16c00823,af825fcc5c1882e203e24186730576ae612f16f9b80f2ef14e69a9ac16c00823,unchanged
_verify_live_card_battle_v030_f59a722241674f7bbe8b3905e98c3481/live_card_battle.ext,.work/legacy/_verify_live_card_battle_v030_f59a722241674f7bbe8b3905e98c3481/live_card_battle.ext,586,ddb49dd315c411fb2918f4280819ff2f5b5d817c9712a610c965eabff655d699,586,ddb49dd315c411fb2918f4280819ff2f5b5d817c9712a610c965eabff655d699,ddb49dd315c411fb2918f4280819ff2f5b5d817c9712a610c965eabff655d699,unchanged
_verify_live_card_battle_v030_f59a722241674f7bbe8b3905e98c3481/live_card_battle.ssmod,.work/legacy/_verify_live_card_battle_v030_f59a722241674f7bbe8b3905e98c3481/live_card_battle.ssmod,15283,3e7aee4480e52e762d20db2ad91da6295591f4fee5401d14a2a522898fe23f95,15283,3e7aee4480e52e762d20db2ad91da6295591f4fee5401d14a2a522898fe23f95,3e7aee4480e52e762d20db2ad91da6295591f4fee5401d14a2a522898fe23f95,unchanged
_verify_live_card_battle_v030_f59a722241674f7bbe8b3905e98c3481/out_data/CardBattleRules.lua,.work/legacy/_verify_live_card_battle_v030_f59a722241674f7bbe8b3905e98c3481/out_data/CardBattleRules.lua,22526,80eda57ac00f39e029d752432a5993bf795901f18375b2cdc70cc582be5f71a1,22526,80eda57ac00f39e029d752432a5993bf795901f18375b2cdc70cc582be5f71a1,80eda57ac00f39e029d752432a5993bf795901f18375b2cdc70cc582be5f71a1,unchanged
_verify_live_card_battle_v030_f59a722241674f7bbe8b3905e98c3481/out_data/LiveCardBattle.lua,.work/legacy/_verify_live_card_battle_v030_f59a722241674f7bbe8b3905e98c3481/out_data/LiveCardBattle.lua,28456,3dc603b203edd35b944547c7e146127014724981898c2cad28e9eecc5345883d,28456,3dc603b203edd35b944547c7e146127014724981898c2cad28e9eecc5345883d,3dc603b203edd35b944547c7e146127014724981898c2cad28e9eecc5345883d,unchanged
_verify_live_card_battle_v030_f59a722241674f7bbe8b3905e98c3481/out_data/LiveCardBattle.txt,.work/legacy/_verify_live_card_battle_v030_f59a722241674f7bbe8b3905e98c3481/out_data/LiveCardBattle.txt,1029,29f3f9cd2dc5b730efecfb148bfa19388d394c2f5b081449df0c9ddc019d8dff,1029,29f3f9cd2dc5b730efecfb148bfa19388d394c2f5b081449df0c9ddc019d8dff,29f3f9cd2dc5b730efecfb148bfa19388d394c2f5b081449df0c9ddc019d8dff,unchanged
_verify_live_card_battle_v030_persistent_draft_d6a186518b1149dfbef622ee35ea6222/live_card_battle.ext,.work/legacy/_verify_live_card_battle_v030_persistent_draft_d6a186518b1149dfbef622ee35ea6222/live_card_battle.ext,589,17dc3460cab45fef83dce29577b910c9728e9633d89e1a9a1304329397f6ab5d,589,17dc3460cab45fef83dce29577b910c9728e9633d89e1a9a1304329397f6ab5d,17dc3460cab45fef83dce29577b910c9728e9633d89e1a9a1304329397f6ab5d,unchanged
_verify_live_card_battle_v030_persistent_draft_d6a186518b1149dfbef622ee35ea6222/live_card_battle.ssmod,.work/legacy/_verify_live_card_battle_v030_persistent_draft_d6a186518b1149dfbef622ee35ea6222/live_card_battle.ssmod,15853,307b828ee7222e26d85d5e678a8e19b49ab873650c6fb2914405e53d4ce637e0,15853,307b828ee7222e26d85d5e678a8e19b49ab873650c6fb2914405e53d4ce637e0,307b828ee7222e26d85d5e678a8e19b49ab873650c6fb2914405e53d4ce637e0,unchanged
_verify_live_card_battle_v030_persistent_draft_d6a186518b1149dfbef622ee35ea6222/out_data/CardBattleRules.lua,.work/legacy/_verify_live_card_battle_v030_persistent_draft_d6a186518b1149dfbef622ee35ea6222/out_data/CardBattleRules.lua,22822,e93ab3726a169fd533abfde50529951db1d0735bb945f122ceacddaa14ea21a4,22822,e93ab3726a169fd533abfde50529951db1d0735bb945f122ceacddaa14ea21a4,e93ab3726a169fd533abfde50529951db1d0735bb945f122ceacddaa14ea21a4,unchanged
_verify_live_card_battle_v030_persistent_draft_d6a186518b1149dfbef622ee35ea6222/out_data/LiveCardBattle.lua,.work/legacy/_verify_live_card_battle_v030_persistent_draft_d6a186518b1149dfbef622ee35ea6222/out_data/LiveCardBattle.lua,30418,1cc60e2ca78eeab94ca17ccc08df73f20b7369eae1a54f48d58048672e5ab754,30418,1cc60e2ca78eeab94ca17ccc08df73f20b7369eae1a54f48d58048672e5ab754,1cc60e2ca78eeab94ca17ccc08df73f20b7369eae1a54f48d58048672e5ab754,unchanged
_verify_live_card_battle_v030_persistent_draft_d6a186518b1149dfbef622ee35ea6222/out_data/LiveCardBattle.txt,.work/legacy/_verify_live_card_battle_v030_persistent_draft_d6a186518b1149dfbef622ee35ea6222/out_data/LiveCardBattle.txt,1068,af825fcc5c1882e203e24186730576ae612f16f9b80f2ef14e69a9ac16c00823,1068,af825fcc5c1882e203e24186730576ae612f16f9b80f2ef14e69a9ac16c00823,af825fcc5c1882e203e24186730576ae612f16f9b80f2ef14e69a9ac16c00823,unchanged
script-index-inspect/script_index.ssmod,.work/extracted/script-index-inspect/script_index.ssmod,2029941,9995b9a1327700b9ed8f642d091bcea40129ec2f9ddff03220a4df1691db85bf,2029941,9995b9a1327700b9ed8f642d091bcea40129ec2f9ddff03220a4df1691db85bf,9995b9a1327700b9ed8f642d091bcea40129ec2f9ddff03220a4df1691db85bf,unchanged
script-index-inspect/out_data/ACT_Append.lua,.work/extracted/script-index-inspect/out_data/ACT_Append.lua,1311,5931608ba29c22b62f5af4471a7735743350c23e8e226d7a786acab9c4dd34b8,1311,5931608ba29c22b62f5af4471a7735743350c23e8e226d7a786acab9c4dd34b8,5931608ba29c22b62f5af4471a7735743350c23e8e226d7a786acab9c4dd34b8,unchanged
script-index-inspect/out_data/act.ext,.work/extracted/script-index-inspect/out_data/act.ext,900599,977b88a5894fa95a654544563db6d2f084074202bf6e6225c7b7c7d8191dd8a2,900599,977b88a5894fa95a654544563db6d2f084074202bf6e6225c7b7c7d8191dd8a2,977b88a5894fa95a654544563db6d2f084074202bf6e6225c7b7c7d8191dd8a2,unchanged
script-index-inspect/out_data/BattleArea.lua,.work/extracted/script-index-inspect/out_data/BattleArea.lua,19591,075b3cae697eab7a53d648ff1e18d27e285a970595406af12e1c269b695c2aba,19591,075b3cae697eab7a53d648ff1e18d27e285a970595406af12e1c269b695c2aba,075b3cae697eab7a53d648ff1e18d27e285a970595406af12e1c269b695c2aba,unchanged
script-index-inspect/out_data/BattleField.lua,.work/extracted/script-index-inspect/out_data/BattleField.lua,79290,b17c49515bab084d18834aa76689c2f09fe72b0db1b28f4cbccdc65c1b54b56f,79290,b17c49515bab084d18834aa76689c2f09fe72b0db1b28f4cbccdc65c1b54b56f,b17c49515bab084d18834aa76689c2f09fe72b0db1b28f4cbccdc65c1b54b56f,unchanged
script-index-inspect/out_data/BattleFieldBackgroung.lua,.work/extracted/script-index-inspect/out_data/BattleFieldBackgroung.lua,5897,43e773714dfa89c54a49f1b827afad8e5ad0651a4f9b48b7933425d160cd4bbd,5897,43e773714dfa89c54a49f1b827afad8e5ad0651a4f9b48b7933425d160cd4bbd,43e773714dfa89c54a49f1b827afad8e5ad0651a4f9b48b7933425d160cd4bbd,unchanged
script-index-inspect/out_data/BattlePlayerAI.lua,.work/extracted/script-index-inspect/out_data/BattlePlayerAI.lua,33469,82bc6e89159d9dccaef6d84421048d97b3e06c0ca334053881d9199632f1c6cb,33469,82bc6e89159d9dccaef6d84421048d97b3e06c0ca334053881d9199632f1c6cb,82bc6e89159d9dccaef6d84421048d97b3e06c0ca334053881d9199632f1c6cb,unchanged
script-index-inspect/out_data/BattleScript.lua,.work/extracted/script-index-inspect/out_data/BattleScript.lua,95279,022f554431683a30c7e55833af85e8d49dff9ee5bf6fd974b0121e2c715b3f86,95279,022f554431683a30c7e55833af85e8d49dff9ee5bf6fd974b0121e2c715b3f86,022f554431683a30c7e55833af85e8d49dff9ee5bf6fd974b0121e2c715b3f86,unchanged
script-index-inspect/out_data/BattleScriptString.txt,.work/extracted/script-index-inspect/out_data/BattleScriptString.txt,6962,657547fba6158638df439c10c64e4a51d1f4774f3901b8bac9bdf4be9353d548,6962,657547fba6158638df439c10c64e4a51d1f4774f3901b8bac9bdf4be9353d548,657547fba6158638df439c10c64e4a51d1f4774f3901b8bac9bdf4be9353d548,unchanged
script-index-inspect/out_data/Const.lua,.work/extracted/script-index-inspect/out_data/Const.lua,3509,836e0c11fb40afbf045eda128e8608cc07d043c54bebc9cdb604674cb559f4b3,3509,836e0c11fb40afbf045eda128e8608cc07d043c54bebc9cdb604674cb559f4b3,836e0c11fb40afbf045eda128e8608cc07d043c54bebc9cdb604674cb559f4b3,unchanged
script-index-inspect/out_data/Define.lua,.work/extracted/script-index-inspect/out_data/Define.lua,11500,68720a2c69a7b94f834bead7a311c015a57767cd276d4b8b89d356aec50cf27e,11500,68720a2c69a7b94f834bead7a311c015a57767cd276d4b8b89d356aec50cf27e,68720a2c69a7b94f834bead7a311c015a57767cd276d4b8b89d356aec50cf27e,unchanged
script-index-inspect/out_data/Function_Repository.lua,.work/extracted/script-index-inspect/out_data/Function_Repository.lua,35312,7e3f5cc42c5d44011a51fb5dd118a2cf88583dfe66f483c6c6c98fe0a37354bf,35312,7e3f5cc42c5d44011a51fb5dd118a2cf88583dfe66f483c6c6c98fe0a37354bf,7e3f5cc42c5d44011a51fb5dd118a2cf88583dfe66f483c6c6c98fe0a37354bf,unchanged
script-index-inspect/out_data/GameData_ACTDefine.lua,.work/extracted/script-index-inspect/out_data/GameData_ACTDefine.lua,11373,a8300b3f11aaf028f8e9e8dd313b1018cf09de6ebc68c128c7c0e92700378816,11373,a8300b3f11aaf028f8e9e8dd313b1018cf09de6ebc68c128c7c0e92700378816,a8300b3f11aaf028f8e9e8dd313b1018cf09de6ebc68c128c7c0e92700378816,unchanged
script-index-inspect/out_data/GameData_ArmorData.lua,.work/extracted/script-index-inspect/out_data/GameData_ArmorData.lua,76705,0308f5c6c4320372b7c33bf4e15ebc8a41e2568fbbfa5027476f42fa772b52ac,76705,0308f5c6c4320372b7c33bf4e15ebc8a41e2568fbbfa5027476f42fa772b52ac,0308f5c6c4320372b7c33bf4e15ebc8a41e2568fbbfa5027476f42fa772b52ac,unchanged
script-index-inspect/out_data/GameData_AttackEffect.lua,.work/extracted/script-index-inspect/out_data/GameData_AttackEffect.lua,109031,794eb68cbfa5609bc0f0577e71a0fc9729edcd0fed1f0bc38eed8b3f57c1c9b7,109031,794eb68cbfa5609bc0f0577e71a0fc9729edcd0fed1f0bc38eed8b3f57c1c9b7,794eb68cbfa5609bc0f0577e71a0fc9729edcd0fed1f0bc38eed8b3f57c1c9b7,unchanged
script-index-inspect/out_data/GameData_BattleCharData.lua,.work/extracted/script-index-inspect/out_data/GameData_BattleCharData.lua,171388,d5c3934d4819286b6835cc2f48f572b70c0d1f929e609462b5a6fd82e7220a0f,171388,d5c3934d4819286b6835cc2f48f572b70c0d1f929e609462b5a6fd82e7220a0f,d5c3934d4819286b6835cc2f48f572b70c0d1f929e609462b5a6fd82e7220a0f,unchanged
script-index-inspect/out_data/GameData_cFunction.lua,.work/extracted/script-index-inspect/out_data/GameData_cFunction.lua,4290,83eeca42c8ef6970baa7ea456ead01e54c057376406a2cecddb53d076476fc5b,4290,83eeca42c8ef6970baa7ea456ead01e54c057376406a2cecddb53d076476fc5b,83eeca42c8ef6970baa7ea456ead01e54c057376406a2cecddb53d076476fc5b,unchanged
script-index-inspect/out_data/GameData_Char.lua,.work/extracted/script-index-inspect/out_data/GameData_Char.lua,366767,40364a3e4015834ba80dda0975b78a8a49d60cfde175e4faf3a6caa1514c9dec,366767,40364a3e4015834ba80dda0975b78a8a49d60cfde175e4faf3a6caa1514c9dec,40364a3e4015834ba80dda0975b78a8a49d60cfde175e4faf3a6caa1514c9dec,unchanged
script-index-inspect/out_data/GameData_ItemData.lua,.work/extracted/script-index-inspect/out_data/GameData_ItemData.lua,84240,59848d74a39e6b3366e4e5e41210eca10a6dc510bfb2d632e6dcd18af79479a0,84240,59848d74a39e6b3366e4e5e41210eca10a6dc510bfb2d632e6dcd18af79479a0,59848d74a39e6b3366e4e5e41210eca10a6dc510bfb2d632e6dcd18af79479a0,unchanged
script-index-inspect/out_data/GameData_MapDetail.lua,.work/extracted/script-index-inspect/out_data/GameData_MapDetail.lua,103107,8ab24da7a8fd2f839948540087ba973e14896bbb1f3b26600b7559ee29d491ff,103107,8ab24da7a8fd2f839948540087ba973e14896bbb1f3b26600b7559ee29d491ff,8ab24da7a8fd2f839948540087ba973e14896bbb1f3b26600b7559ee29d491ff,unchanged
script-index-inspect/out_data/GameData_MapGroup.lua,.work/extracted/script-index-inspect/out_data/GameData_MapGroup.lua,6169,808e6208253b45291c5e997e6052464d75d866152a01fdddad26c95aeecf4297,6169,808e6208253b45291c5e997e6052464d75d866152a01fdddad26c95aeecf4297,808e6208253b45291c5e997e6052464d75d866152a01fdddad26c95aeecf4297,unchanged
script-index-inspect/out_data/GameData_MusicFiles.lua,.work/extracted/script-index-inspect/out_data/GameData_MusicFiles.lua,11016,662aa1e231c48c0413fdb082b5e36f02a7f2efaa8e6aa68a7a980f6ff8de9ffe,11016,662aa1e231c48c0413fdb082b5e36f02a7f2efaa8e6aa68a7a980f6ff8de9ffe,662aa1e231c48c0413fdb082b5e36f02a7f2efaa8e6aa68a7a980f6ff8de9ffe,unchanged
script-index-inspect/out_data/GameData_NewGame.lua,.work/extracted/script-index-inspect/out_data/GameData_NewGame.lua,2828,482743f45f929932b92b449e14d693afa2b467daf7f21dff30ab5e82b171fd71,2828,482743f45f929932b92b449e14d693afa2b467daf7f21dff30ab5e82b171fd71,482743f45f929932b92b449e14d693afa2b467daf7f21dff30ab5e82b171fd71,unchanged
script-index-inspect/out_data/GameData_PartyData.lua,.work/extracted/script-index-inspect/out_data/GameData_PartyData.lua,563,2d539e2ce8f62ec2de98b5d5a76f9c63f95475c33e7ebd33bc3c2d2f21cd51aa,563,2d539e2ce8f62ec2de98b5d5a76f9c63f95475c33e7ebd33bc3c2d2f21cd51aa,2d539e2ce8f62ec2de98b5d5a76f9c63f95475c33e7ebd33bc3c2d2f21cd51aa,unchanged
script-index-inspect/out_data/GameData_PlayerLevel.lua,.work/extracted/script-index-inspect/out_data/GameData_PlayerLevel.lua,15495,5807fa617f9b68af6d3931e20184052ac042a80775525bc53ad556671168a4b2,15495,5807fa617f9b68af6d3931e20184052ac042a80775525bc53ad556671168a4b2,5807fa617f9b68af6d3931e20184052ac042a80775525bc53ad556671168a4b2,unchanged
script-index-inspect/out_data/GameData_Quest.lua,.work/extracted/script-index-inspect/out_data/GameData_Quest.lua,13993,30011ee4e151b5c708fa8bc05a5325464d62d772d0417a162638c34c15d0ad16,13993,30011ee4e151b5c708fa8bc05a5325464d62d772d0417a162638c34c15d0ad16,30011ee4e151b5c708fa8bc05a5325464d62d772d0417a162638c34c15d0ad16,unchanged
script-index-inspect/out_data/GameData_RaceDefine.lua,.work/extracted/script-index-inspect/out_data/GameData_RaceDefine.lua,3285,b4c68f8ebe148e4308bf80fc8110c06ea758e5a5d5d9412fd639727f87f070d7,3285,b4c68f8ebe148e4308bf80fc8110c06ea758e5a5d5d9412fd639727f87f070d7,b4c68f8ebe148e4308bf80fc8110c06ea758e5a5d5d9412fd639727f87f070d7,unchanged
script-index-inspect/out_data/GameData_SkillData.lua,.work/extracted/script-index-inspect/out_data/GameData_SkillData.lua,73927,5a19234114d82c4a98a2f340c150ab3f3ee8e84481af73da6e1b653b5d1bbc9b,73927,5a19234114d82c4a98a2f340c150ab3f3ee8e84481af73da6e1b653b5d1bbc9b,5a19234114d82c4a98a2f340c150ab3f3ee8e84481af73da6e1b653b5d1bbc9b,unchanged
script-index-inspect/out_data/GameData_WeaponData.lua,.work/extracted/script-index-inspect/out_data/GameData_WeaponData.lua,35079,3d23e6f0b6c1f6cd35e248ced1fda719cb1c1adc2fb717e4a63f62898c0d8221,35079,3d23e6f0b6c1f6cd35e248ced1fda719cb1c1adc2fb717e4a63f62898c0d8221,3d23e6f0b6c1f6cd35e248ced1fda719cb1c1adc2fb717e4a63f62898c0d8221,unchanged
script-index-inspect/out_data/ItemPicData.lua,.work/extracted/script-index-inspect/out_data/ItemPicData.lua,64745,2d73b977ae24bef4b21dc34863148705323861c123dbfa0c84e93708093ede55,64745,2d73b977ae24bef4b21dc34863148705323861c123dbfa0c84e93708093ede55,2d73b977ae24bef4b21dc34863148705323861c123dbfa0c84e93708093ede55,unchanged
script-index-inspect/out_data/ItemsClass.lua,.work/extracted/script-index-inspect/out_data/ItemsClass.lua,13067,23b0f798ced4d5ecf875247ca8f7a0e5d17cb53aa8373d7e76a9c8965868a3f0,13067,23b0f798ced4d5ecf875247ca8f7a0e5d17cb53aa8373d7e76a9c8965868a3f0,23b0f798ced4d5ecf875247ca8f7a0e5d17cb53aa8373d7e76a9c8965868a3f0,unchanged
script-index-inspect/out_data/ItemString.txt,.work/extracted/script-index-inspect/out_data/ItemString.txt,163344,4c098c467823ef45366b4fd822ac61dffee51a2e153807363c699be663b9d49d,163344,4c098c467823ef45366b4fd822ac61dffee51a2e153807363c699be663b9d49d,4c098c467823ef45366b4fd822ac61dffee51a2e153807363c699be663b9d49d,unchanged
script-index-inspect/out_data/name.txt,.work/extracted/script-index-inspect/out_data/name.txt,21648,da06e803f37cfefc94655a022a02f6b2ef7584631dd3865cfc89bc587bc5c679,21648,da06e803f37cfefc94655a022a02f6b2ef7584631dd3865cfc89bc587bc5c679,da06e803f37cfefc94655a022a02f6b2ef7584631dd3865cfc89bc587bc5c679,unchanged
script-index-inspect/out_data/OnEvent_Battle.lua,.work/extracted/script-index-inspect/out_data/OnEvent_Battle.lua,32598,1173f8008165ee8939394794fd32c92b3c6cf9ed7dccae7282976e85f72b043e,32598,1173f8008165ee8939394794fd32c92b3c6cf9ed7dccae7282976e85f72b043e,1173f8008165ee8939394794fd32c92b3c6cf9ed7dccae7282976e85f72b043e,unchanged
script-index-inspect/out_data/OnEvent_BattleEnemyAI.lua,.work/extracted/script-index-inspect/out_data/OnEvent_BattleEnemyAI.lua,9472,ae1312d4cf0574351c7e6a89b9d14c007b7bff02c0514a515a9ef0899644aacf,9472,ae1312d4cf0574351c7e6a89b9d14c007b7bff02c0514a515a9ef0899644aacf,ae1312d4cf0574351c7e6a89b9d14c007b7bff02c0514a515a9ef0899644aacf,unchanged
script-index-inspect/out_data/OnEvent_BattleNPCAI.lua,.work/extracted/script-index-inspect/out_data/OnEvent_BattleNPCAI.lua,6032,c2e98eb352971b38f2db243745ff8052cc294fb6eb81c0128e452abe65d5af24,6032,c2e98eb352971b38f2db243745ff8052cc294fb6eb81c0128e452abe65d5af24,c2e98eb352971b38f2db243745ff8052cc294fb6eb81c0128e452abe65d5af24,unchanged
script-index-inspect/out_data/OnEvent_BattlePlayerAI.lua,.work/extracted/script-index-inspect/out_data/OnEvent_BattlePlayerAI.lua,27664,676cc2b1c3311e116bf633e4471103378dbf9a796c6a48bce50250effbbc53b5,27664,676cc2b1c3311e116bf633e4471103378dbf9a796c6a48bce50250effbbc53b5,676cc2b1c3311e116bf633e4471103378dbf9a796c6a48bce50250effbbc53b5,unchanged
script-index-inspect/out_data/OnEvent_Input.lua,.work/extracted/script-index-inspect/out_data/OnEvent_Input.lua,586,f7086113543c7491e3efdfcd6bcfb174a8157baa08ea26ef2fff94084a23aaa2,586,f7086113543c7491e3efdfcd6bcfb174a8157baa08ea26ef2fff94084a23aaa2,f7086113543c7491e3efdfcd6bcfb174a8157baa08ea26ef2fff94084a23aaa2,unchanged
script-index-inspect/out_data/OnEvent_Map.lua,.work/extracted/script-index-inspect/out_data/OnEvent_Map.lua,4917,6706852172c088e7f95a5b578054305b2b831d5b774cde6c13e8370e0687971f,4917,6706852172c088e7f95a5b578054305b2b831d5b774cde6c13e8370e0687971f,6706852172c088e7f95a5b578054305b2b831d5b774cde6c13e8370e0687971f,unchanged
script-index-inspect/out_data/OnEvent_Obsolt.lua,.work/extracted/script-index-inspect/out_data/OnEvent_Obsolt.lua,7381,132b9e119b2f8b26eec1c1dea9bd50b3aa1a5dde846ead065073ba469c0cf741,7381,132b9e119b2f8b26eec1c1dea9bd50b3aa1a5dde846ead065073ba469c0cf741,132b9e119b2f8b26eec1c1dea9bd50b3aa1a5dde846ead065073ba469c0cf741,unchanged
script-index-inspect/out_data/OnEvent.lua,.work/extracted/script-index-inspect/out_data/OnEvent.lua,2926,35a86f4dcf0428d41823488a852085c3be0fefe00381b649ac216b87ffc3c892,2926,35a86f4dcf0428d41823488a852085c3be0fefe00381b649ac216b87ffc3c892,35a86f4dcf0428d41823488a852085c3be0fefe00381b649ac216b87ffc3c892,unchanged
script-index-inspect/out_data/Path.lua,.work/extracted/script-index-inspect/out_data/Path.lua,73602,015d89c4a34cb507a3d3ee3d1c5b5d8e0ebcc29d033d0f8d8030c07c94067919,73602,015d89c4a34cb507a3d3ee3d1c5b5d8e0ebcc29d033d0f8d8030c07c94067919,015d89c4a34cb507a3d3ee3d1c5b5d8e0ebcc29d033d0f8d8030c07c94067919,unchanged
script-index-inspect/out_data/ScancodeDefine.lua,.work/extracted/script-index-inspect/out_data/ScancodeDefine.lua,7064,c8f8b6670fc3b0aaba99f8c7b3b021b507c691ea7be1a8db6740d22eff58648f,7064,c8f8b6670fc3b0aaba99f8c7b3b021b507c691ea7be1a8db6740d22eff58648f,c8f8b6670fc3b0aaba99f8c7b3b021b507c691ea7be1a8db6740d22eff58648f,unchanged
script-index-inspect/out_data/Scene_2016.lua,.work/extracted/script-index-inspect/out_data/Scene_2016.lua,205220,7ce21d2868740aa0729e8f477daadc3339f6db805be836bce0ae96cb450668e4,205220,7ce21d2868740aa0729e8f477daadc3339f6db805be836bce0ae96cb450668e4,7ce21d2868740aa0729e8f477daadc3339f6db805be836bce0ae96cb450668e4,unchanged
script-index-inspect/out_data/Scene_transport.lua,.work/extracted/script-index-inspect/out_data/Scene_transport.lua,12501,3389387de9807deb3b8f755a83c65e95458810fa5c5393669a64cd7351b7396c,12501,3389387de9807deb3b8f755a83c65e95458810fa5c5393669a64cd7351b7396c,3389387de9807deb3b8f755a83c65e95458810fa5c5393669a64cd7351b7396c,unchanged
script-index-inspect/out_data/Scene.lua,.work/extracted/script-index-inspect/out_data/Scene.lua,2808654,a4547882433c6c6302d13f39fe0e4a57a3735a65da311b17c63f150decd82b5b,2808654,a4547882433c6c6302d13f39fe0e4a57a3735a65da311b17c63f150decd82b5b,a4547882433c6c6302d13f39fe0e4a57a3735a65da311b17c63f150decd82b5b,unchanged
script-index-inspect/out_data/Scene.txt,.work/extracted/script-index-inspect/out_data/Scene.txt,649742,2379fe1e2d27f1e59a4204dae36b763cdec09a04ff807fcfc564190bee0fda1b,649742,2379fe1e2d27f1e59a4204dae36b763cdec09a04ff807fcfc564190bee0fda1b,2379fe1e2d27f1e59a4204dae36b763cdec09a04ff807fcfc564190bee0fda1b,unchanged
script-index-inspect/out_data/SceneSetting.lua,.work/extracted/script-index-inspect/out_data/SceneSetting.lua,66901,5369aab96f3a14886073ddbc7e994a26bdb88802c42eddc665cbe912466f131b,66901,5369aab96f3a14886073ddbc7e994a26bdb88802c42eddc665cbe912466f131b,5369aab96f3a14886073ddbc7e994a26bdb88802c42eddc665cbe912466f131b,unchanged
script-index-inspect/out_data/Setting.lua,.work/extracted/script-index-inspect/out_data/Setting.lua,5100,89998f3851776272c1a08e50d34927fd1bed2d33afda7b42f192d50aac6be860,5100,89998f3851776272c1a08e50d34927fd1bed2d33afda7b42f192d50aac6be860,89998f3851776272c1a08e50d34927fd1bed2d33afda7b42f192d50aac6be860,unchanged
script-index-inspect/out_data/Sound_Append.lua,.work/extracted/script-index-inspect/out_data/Sound_Append.lua,86,18abb91a22bf5440dc6bc8cd350020ae0a3f02b05ed610a1421de45064134bd1,86,18abb91a22bf5440dc6bc8cd350020ae0a3f02b05ed610a1421de45064134bd1,18abb91a22bf5440dc6bc8cd350020ae0a3f02b05ed610a1421de45064134bd1,unchanged
script-index-inspect/out_data/TSW_Append.lua,.work/extracted/script-index-inspect/out_data/TSW_Append.lua,1698,4c9703f9963b674a7951e5d3afa7c982308ed8f35e6e9c35cb61d7d3a16b7e84,1698,4c9703f9963b674a7951e5d3afa7c982308ed8f35e6e9c35cb61d7d3a16b7e84,4c9703f9963b674a7951e5d3afa7c982308ed8f35e6e9c35cb61d7d3a16b7e84,unchanged
script-index-inspect/out_data/tween.lua,.work/extracted/script-index-inspect/out_data/tween.lua,13704,e692b1af16121ab9a618e6d3d2946c7737458c614dc09bfab6df387104f35a2f,13704,e692b1af16121ab9a618e6d3d2946c7737458c614dc09bfab6df387104f35a2f,e692b1af16121ab9a618e6d3d2946c7737458c614dc09bfab6df387104f35a2f,unchanged
script-index-inspect/out_data_1/BattleScriptString.txt,.work/extracted/script-index-inspect/out_data_1/BattleScriptString.txt,6962,3aa6a30105c668b9a002a05f41fd780c7c56d4e574bca3810d8a6f29dc74a230,6962,3aa6a30105c668b9a002a05f41fd780c7c56d4e574bca3810d8a6f29dc74a230,3aa6a30105c668b9a002a05f41fd780c7c56d4e574bca3810d8a6f29dc74a230,unchanged
script-index-inspect/out_data_1/ItemString.txt,.work/extracted/script-index-inspect/out_data_1/ItemString.txt,163262,270472213c189df85a65bd1413538230ba855c5d87b20e1d8bdc64c43099a1d0,163262,270472213c189df85a65bd1413538230ba855c5d87b20e1d8bdc64c43099a1d0,270472213c189df85a65bd1413538230ba855c5d87b20e1d8bdc64c43099a1d0,unchanged
script-index-inspect/out_data_1/name.txt,.work/extracted/script-index-inspect/out_data_1/name.txt,21648,2f2fda0e6af6ea36c80b47af55af95c07a23269997f940b27cf261d3b7a1575c,21648,2f2fda0e6af6ea36c80b47af55af95c07a23269997f940b27cf261d3b7a1575c,2f2fda0e6af6ea36c80b47af55af95c07a23269997f940b27cf261d3b7a1575c,unchanged
script-index-inspect/out_data_1/Scene.txt,.work/extracted/script-index-inspect/out_data_1/Scene.txt,651455,5455c0e236705a52017e0e038db2a0c837401decfe0e5649272fcca73c68e6e7,651455,5455c0e236705a52017e0e038db2a0c837401decfe0e5649272fcca73c68e6e7,5455c0e236705a52017e0e038db2a0c837401decfe0e5649272fcca73c68e6e7,unchanged
script-index-inspect/out_data_2/BattleScriptString.txt,.work/extracted/script-index-inspect/out_data_2/BattleScriptString.txt,7494,73c752d7a7dabda7958bf295ef62b5ec15bff0bf313062a22fd94fcee4aa04cb,7494,73c752d7a7dabda7958bf295ef62b5ec15bff0bf313062a22fd94fcee4aa04cb,73c752d7a7dabda7958bf295ef62b5ec15bff0bf313062a22fd94fcee4aa04cb,unchanged
script-index-inspect/out_data_2/ItemString.txt,.work/extracted/script-index-inspect/out_data_2/ItemString.txt,193890,99d78f8dedf5935a49c9d969b8f1228bad09825938f5870cd2a7c6fe2953f765,193890,99d78f8dedf5935a49c9d969b8f1228bad09825938f5870cd2a7c6fe2953f765,99d78f8dedf5935a49c9d969b8f1228bad09825938f5870cd2a7c6fe2953f765,unchanged
script-index-inspect/out_data_2/name.txt,.work/extracted/script-index-inspect/out_data_2/name.txt,25258,fa7349e7025d57b39290f4ef1d3d12a75fabb5d4e68d459435791e0e9079e48f,25258,fa7349e7025d57b39290f4ef1d3d12a75fabb5d4e68d459435791e0e9079e48f,fa7349e7025d57b39290f4ef1d3d12a75fabb5d4e68d459435791e0e9079e48f,unchanged
script-index-inspect/out_data_2/Scene.txt,.work/extracted/script-index-inspect/out_data_2/Scene.txt,702232,e5056b128f6ef87e2042b668a3a38b5aabed049ade16fb4cad9d3e969b828408,702232,e5056b128f6ef87e2042b668a3a38b5aabed049ade16fb4cad9d3e969b828408,e5056b128f6ef87e2042b668a3a38b5aabed049ade16fb4cad9d3e969b828408,unchanged
script-index-inspect/out_data_3/BattleScriptString.txt,.work/extracted/script-index-inspect/out_data_3/BattleScriptString.txt,8622,ed8d9517e1bc6262b71d5a00a244fc90a8a40cc8134566f1ce9235c3497f045e,8622,ed8d9517e1bc6262b71d5a00a244fc90a8a40cc8134566f1ce9235c3497f045e,ed8d9517e1bc6262b71d5a00a244fc90a8a40cc8134566f1ce9235c3497f045e,unchanged
script-index-inspect/out_data_3/ItemString.txt,.work/extracted/script-index-inspect/out_data_3/ItemString.txt,195209,e4d34e8a36565f2251b749a254457e41b3d83cfe0a9c7915dda287b00337f141,195209,e4d34e8a36565f2251b749a254457e41b3d83cfe0a9c7915dda287b00337f141,e4d34e8a36565f2251b749a254457e41b3d83cfe0a9c7915dda287b00337f141,unchanged
script-index-inspect/out_data_3/name.txt,.work/extracted/script-index-inspect/out_data_3/name.txt,25451,e284d87bd4967b3595777a66874352c777e2880786c456e2494f94f76d6521ce,25451,e284d87bd4967b3595777a66874352c777e2880786c456e2494f94f76d6521ce,e284d87bd4967b3595777a66874352c777e2880786c456e2494f94f76d6521ce,unchanged
script-index-inspect/out_data_3/Scene.txt,.work/extracted/script-index-inspect/out_data_3/Scene.txt,841324,501995add780cc78c84e97c178d4bafea016ae164bd56db9b9b0fa7fa8698b1a,841324,501995add780cc78c84e97c178d4bafea016ae164bd56db9b9b0fa7fa8698b1a,501995add780cc78c84e97c178d4bafea016ae164bd56db9b9b0fa7fa8698b1a,unchanged
live_card_battle.ssmod,.work/legacy/live_card_battle.ssmod,12305,91d0f9a662f327f6984e67cc1bbe27f91caa1e367da29881eca6ca037f3514af,12305,91d0f9a662f327f6984e67cc1bbe27f91caa1e367da29881eca6ca037f3514af,91d0f9a662f327f6984e67cc1bbe27f91caa1e367da29881eca6ca037f3514af,unchanged
