"item_id","name","types","roles","discard","is_unique","Calculation","Consumption","Cons_MP","Cons_SP","Cons_Throw","Cons_Item","UsePlace","Price","ProficientPoint","ProficientHard","AddSpecial","SutraName","ResistanceSK","SkillExp","AddHP","AddMP","AddSP","AddSTR","AddStamina","AddWIS","AddSPD","AddFriend","AddDodge","AddATK","AddDEF","AttrFire","AttrIce","AttrWind","AttrEarth","AttrPoison","AttrLight","AttrDark","AttrThunder","AttrPhysical","AttackEffect","UseScript","ViewScript","function_flags"
"1","賽特","IT_06","","","","","","","","","","","","","","","","","","","","","","","","","","","","","-4","","","","","","","","","","","",
"2","妮可","","","","","","","","","","","","","","","","","","","","","","","","","","","","","","","","","","","2","-2","","","7","","",
"3","薇達","IT_06","","","","","","","","","","","","","","","","","","","","","","","","-2","","","-3","","","","","","","","","","","116","","",
"4","麥爾斯","IT_06","","","","","","","","","","","","","","","","","","","","","","","","-4","","","-2","","","","","","","","","","","1","","",
"5","莉蓮","","","","","","","","","","","","","","","","","","","","","","","","","","","","","","","","","","","","","","","","","",
"6","姆斯比爾","IT_06","","","","","","","","","","","","","","","","","","","","","","","","","","","","","-16","6","","","","","","","","61","","",
"7","康那里士","IT_06","","","","","","","","","","","","","","","","","","","","","","","","","","","","","","","","","-4","8","-6","2","","74","","",
"8","卡瑪","IT_09","","","","","","","","","","","","","","","","","","","","","","","","","","","","","","","","","","","","","","","","",
"9","肯迪","","","","","","","","","","","","","","","","","","","","","","","","","","","","","","","","","","","","","","","","","",
"10","慧彥","IT_06","","","","","","","","","","","","","","","","","","","","","","","","-5","","","3","","","","","","","-10","","","-2","188","","",
"11","安卡","","","","","","","","","","","","","","","","","","","","","","","","","","","","","","","","","","","","","","","","","",
"12","恐懼之王","IT_06","","","","","","","","","","","","","","","","","","","","","","","","","","","","","2","","","","","6","-16","","","159","","",
"13","藍魔神","IT_06","","","","","","","","","","","","","","","","","","","","","","","","","","","","","4","-10","","","","","","","","3","","",
"14","黃雷","","","","","","","","","","","","","","","","","","","","","","","","","","","","","","","","","","","","","","","","","",
"15","遠恩","","","","","","","","","","","","","","","","","","","","","","","","","","","","","","","","","","","","","","","","","",
"16","蜃樓王","IT_06","","","","","","","","","","","","","","","","","","","","","","","","","","","","","-2","-2","-2","-2","-10","4","-4","-2","","204","","",
"17","李靖","","","","","","","","","","","","","","","","","","","","","","","","","","","","","","","","","","","","","","","","","",
"18","鬼猴","IT_06","","","","","","","","","","","","","","","","","","","","","","","","","","","","","","","4","-10","-10","2","-2","","-8","150","","",
"19","天使石像","","","","","","","","","","","","","","","","","","","","","","","","","","","","","","","","","","","","","","","","","",
"20","人面獅身","","","","","","","","","","","","","","","","","","","","","","","","","","","","","","","","","","","","","","","","","",
"21","雅典娜石像","","","","","","","","","","","","","","","","","","","","","","","","","","","","","","","","","","","","","","","","","",
"22","波希頓石像","","","","","","","","","","","","","","","","","","","","","","","","","","","","","","","","","","","","","","","","","",
"23","高仙芝","","","","","","","","","","","","","","","","","","","","","","","","","","","","","","","","","","","","","","","","","",
"24","段秀實","","","","","","","","","","","","","","","","","","","","","","","","","","","","","","","","","","","","","","","","","",
"25","麥爾丹","","","","","","","","","","","","","","","","","","","","","","","","","","","","","","","","","","","","","","","","","",
"26","李嗣業","","","","","","","","","","","","","","","","","","","","","","","","","","","","","","","","","","","","","","","","","",
"27","軒轅劍仙","IT_05|IT_08","1|2|3|4","","","","400","","Y","","","1","","","","","","","","","","","","","","","","","","","","","","","","","","","","","","",
"28","撒旦","IT_06","","","","","","","","","","","","","","","","","","","","","","","","","","","","","-4","-2","-4","-4","-10","","-20","-4","","463","","",
"29","薩西","","","","","","","","","","","","","","","","","","","","","","","","","","","","","","","","","","","","","","","","","",
"30","波爾","","","","","","","","","","","","","","","","","","","","","","","","","","","","","","","","","","","","","","","","","",
"31","白連儀","","","","","","","","","","","","","","","","","","","","","","","","","","","","","","","","","","","","","","","","","",
"32","雨丹子","IT_06","","","","","","","","","","","","","","","","","","","","","","","","","","","","","-2","","","","-10","4","-4","","","346","","",
"33","張客","IT_06","","","","","","","","","","","","","","","","","","","","","","","","","","","","","","","","","-2","","","","","379","","",
"34","慧榮","IT_06","","","","","","","","","","","","","","","","","","","","","","","","-3","","","2","","","","","","","","","","","340","","",
"35","軒轅劍僮","IT_05|IT_06|IT_08","1|2|3|4","","","","600","","Y","","","1","","","","","","","","","","","","","","","","","","","","","","","","","","","","395","","",
"36","林明","","","","","","","","","","","","","","","","","","","","","","","","","","","","","","","","","","","","","","","","","",
"37","夜行裝林明","IT_06","","","","","","","","","","","","","","","","","","","","","","","","1","","","-2","","","","","","","","","","","2","","",
"38","鎮邪","IT_06","","","","","","","","","","","","","","","","","","","","","","","","","","","","","2","","","","2","-4","-4","","","1","","",
"39","王思月","IT_06","","","","","","","","","","","","","","","","","","","","","","","","","","","","","","","","","","2","-6","-4","","354","","",
"40","悟緣","IT_06","","","","","","","","","","","","","","","","","","","","","","","","-2","","","-1","","","","","","","","","","","307","","",
"41","唐玄宗","","","","","","","","","","","","","","","","","","","","","","","","","","","","","","","","","","","","","","","","","",
"42","安祿山","","","","","","","","","","","","","","","","","","","","","","","","","","","","","","","","","","","","","","","","","",
"43","楊貴妃","","","","","","","","","","","","","","","","","","","","","","","","","","","","","","","","","","","","","","","","","",
"44","楊國忠","","","","","","","","","","","","","","","","","","","","","","","","","","","","","","","","","","","","","","","","","",
"45","高力士","","","","","","","","","","","","","","","","","","","","","","","","","","","","","","","","","","","","","","","","","",
"46","蚩尤","IT_06","","","","","","","","","","","","","","","","","","","","","","","","","","","","","","","","","-10","6","-12","-4","","122","","",
"47","蟹精魔機","IT_12","1|2|3|4","","","","350","","Y","","","1","","","","","","","","","","","","","","-6","","","15","10","-2","","","","-10","","","-4","","433","","",
"48","機關三魔獸","IT_06","","","","","","","","","","","","","","","","","","","","","","","","","","","","","4","","","","-10","","","2","","","","",
"49","羯忍幻機","IT_12","1|2|3|4","","","","300","","Y","","","1","","","","","","","","","","","","","","3","","","10","5","2","","","","","2","","-4","","122","","",
"50","影忍妖機","IT_06","","","","","","","","","","","","","","","","","","","","","","","","","","","","","2","2","","","-10","","","4","","181","","",
"51","羯羊妖機","IT_06","","","","","","","","","","","","","","","","","","","","","","","","","","","","","-4","2","-2","-6","-10","4","-2","4","","131","","",
"52","夜叉悟緣","IT_06","","","","","","","","","","","","","","","","","","","","","","","","","","","","","6","","","","-10","6","-14","","","258","","",
"53","雨丹子五鬼","IT_06","","","","","","","","","","","","","","","","","","","","","","","","","","","","","","","","","-10","4","-12","","","346","","",
"54","人屍曼陀羅陣","","","","","","","","","","","","","","","","","","","","","","","","","","","","","","","","","","","","","","","","","",
"55","撒旦曼陀羅陣","","","","","","","","","","","","","","","","","","","","","","","","","","","","","","","","","","","","","","","","","",
"56","菲力斯","","","","","","","","","","","","","","","","","","","","","","","","","","","","","","","","","","","","","","","","","",
"57","機關和尚","","","","","","","","","","","","","","","","","","","","","","","","","","","","","","2","","","-10","-10","","","","","132","","",
"58","丕平三世","","","","","","","","","","","","","","","","","","","","","","","","","","","","","","","","","","","","","","","","","",
"59","牛魔王","IT_06","1|2|3|4","","","","500","","Y","","","1","","","","","","","","","","","","","","10","","","20","20","-8","-8","-8","-12","-8","-8","-8","-8","","141","","",
"60","冰魔薇達","IT_06","","","","","","","","","","","","","","","","","","","","","","","","","","","","","2","-14","","","","","","","","111","","",
"61","機關三魔獸","IT_06","","","","","","","","","","","","","","","","","","","","","","","","","","","","","6","","","","-10","","","","","1","","",
"62","藍魔神本體","IT_06","","","","","","","","","","","","","","","","","","","","","","","","","","","","","4","-16","","","","","","","","3","","",
"63","姆斯比爾","IT_05|IT_06|IT_08","1|2|3|4","","","","100","","Y","","","1","","","","","","","","","","","","","","","","","","","-10","6","","","","","","","","245","","",
"64","藍魔神","IT_05|IT_06|IT_08","1|2|3|4","","","","120","","Y","","","1","","","","","","","","","","","","","","","","","","","4","-12","","","","","","","","246","","",
"65","影忍妖機","","","","","","","","","","","","","","","","","","","","","","","","","","","","","","2","2","","","-10","","","4","","181","","",
"66","李白","","","","","","","","","","","","","","","","","","","","","","","","","","","","","","","","","","","","","","","","","",
"67","康那里士","IT_06","","","","","","","","","","","","","","","","","","","","","","","","","","","","","","","","","-4","8","-10","2","","257","","",
"68","撒旦麥爾斯","IT_06","","","","","","","","","","","","","","","","","","","","","","","","-4","","","-2","","-2","-2","-2","-2","-2","6","-16","-2","","1","","",
"69","撒旦麥爾斯","IT_06","","","","","","","","","","","","","","","","","","","","","","","","-4","","","-2","","-2","-2","-2","-2","-2","6","-16","-2","","1","","",
"70","蜃樓王","IT_05|IT_06|IT_08","1|2|3|4","","","","150","","Y","","","1","","","","","","","","","","","","","","","","","","","-2","-2","-2","-2","-10","4","-4","-2","","276","","",
"71","木鐵人","IT_06","","","","","","","","","","","","","","","","","","","","","","","","","","","","","2","","","-10","-10","","","-2","-2","132","","",
"72","康那里士","IT_06","","","","","","","","","","","","","","","","","","","","","","","","","","","","","","","","","-4","8","-20","2","","257","","",
"73","撒旦麥爾斯","IT_06","","","","","","","","","","","","","","","","","","","","","","","","-4","","","-2","","-2","-2","-2","-2","-2","6","-16","-2","","1","","",
"74","撒旦","IT_06","","","","","","","","","","","","","","","","","","","","","","","","","","","","","-8","-8","-8","-8","-8","4","-14","-8","","122","","",
"75","撒旦賽特","IT_06","","","","","","","","","","","","","","","","","","","","","","","","","","","","","-2","-4","-2","-2","-4","-4","-14","-2","","412","","",
"76","羯忍幻機","","","","","","","","","","","","","","","","","","","","","","","","","","","","","","2","","","","","2","","-4","","122","","",
"77","","","","","","","","","","","","","","","","","","","","","","","","","","","","","","","","","","","","","","","","","","",
"78","","","","","","","","","","","","","","","","","","","","","","","","","","","","","","","","","","","","","","","","","","",
"79","","","","","","","","","","","","","","","","","","","","","","","","","","","","","","","","","","","","","","","","","","",
"80","","","","","","","","","","","","","","","","","","","","","","","","","","","","","","","","","","","","","","","","","","",
"81","","","","","","","","","","","","","","","","","","","","","","","","","","","","","","","","","","","","","","","","","","",
"82","","","","","","","","","","","","","","","","","","","","","","","","","","","","","","","","","","","","","","","","","","",
"83","","","","","","","","","","","","","","","","","","","","","","","","","","","","","","","","","","","","","","","","","","",
"84","","","","","","","","","","","","","","","","","","","","","","","","","","","","","","","","","","","","","","","","","","",
"85","","","","","","","","","","","","","","","","","","","","","","","","","","","","","","","","","","","","","","","","","","",
"86","","","","","","","","","","","","","","","","","","","","","","","","","","","","","","","","","","","","","","","","","","",
"87","","","","","","","","","","","","","","","","","","","","","","","","","","","","","","","","","","","","","","","","","","",
"88","","","","","","","","","","","","","","","","","","","","","","","","","","","","","","","","","","","","","","","","","","",
"89","","","","","","","","","","","","","","","","","","","","","","","","","","","","","","","","","","","","","","","","","","",
"90","薇達(面紗版)","IT_06","","","","","","","","","","","","","","","","","","","","","","","","","","","","","","","","","","","","","","","","",
"91","賽特幽靈版","IT_06","","","","","","","","","","","","","","","","","","","","","","","","","","","","","","","","","","","","","","","","",
"92","","","","","","","","","","","","","","","","","","","","","","","","","","","","","","","","","","","","","","","","","","",
"93","慧彥","IT_06","","","","","","","","","","","","","","","","","","","","","","","","","","","","","-10","-10","-10","-10","-10","-10","-10","-10","-10","188","","",
"94","賽特(駱駝)","IT_06","","","","","","","","","","","","","","","","","","","","","","","","","","","","","","","","","","","","","","","","",
"95","賽特(小角色)","IT_06","","","","","","","","","","","","","","","","","","","","","","","","","","","","","","","","","","","","","","","","",
"96","李靖","IT_06","","","","","","","","","","","","","","","","","","","","","","","","","","","","","","","","","","","","","","","","",
"97","安卡","IT_06","","","","","","","","","","","","","","","","","","","","","","","","","","","","","","","","","","","","","","","","",
"98","卡瑪","IT_06","","","","","","","","","","","","","","","","","","","","","","","","","","","","","","","","","","","","","","","","",
"99","妮可","IT_06","","","","","","","","","","","","","","","","","","","","","","","","","","","","","","","","","","","","","","","","",
"100","","","","","","","","","","","","","","","","","","","","","","","","","","","","","","","","","","","","","","","","","","",
"101","黏怪","IT_12","1|2|3|4","","","256","8","","Y","","","1","","","","","","","","5","","","1","","","","","","","","8","","","","","","","","","1","","",
"102","蛇","","","","","","","","","","","","","","","","","","","","","","","","","","","","","","2","","","","","","","","","4","","",
"103","獅","","","","","","","","","","","","","","","","","","","","","","","","","","","","","","","","","","","","","","","1","","",
"104","虎","","","","","","","","","","","","","","","","","","","","","","","","","","","","","","","","","","","","","","","4","","",
"105","度度鳥","","","","","","","","","","","","","","","","","","","","","","","","","","","","","","2","","","","","","","","","4","","",
"106","野猴","","","","","","","","","","","","","","","","","","","","","","","","","","","","","","","","","","","","","","","1","","",
"107","黑金剛","","","","","","","","","","","","","","","","","","","","","","","","","","","","","","","","","","","","","","","1","","",
"108","熊","","","","","","","","","","","","","","","","","","","","","","","","","","","","","","","","","","","","","","","8","","",
"109","吸血蝙蝠","","","","","","","","","","","","","","","","","","","","","","","","","","","","","","4","","","","-4","","","","","76","","",
"110","毒蠍子","","","","","","","","","","","","","","","","","","","","","","","","","","","","","","","","","","","","","","","2","","",
"111","毒蜘蛛","","","","","","","","","","","","","","","","","","","","","","","","","","","","","","4","","","","-4","","","","","6","","",
"112","隱翅蟲","","","","","","","","","","","","","","","","","","","","","","","","","","","","","","","","","","","","","","","76","","",
"113","巨蛾","","","","","","","","","","","","","","","","","","","","","","","","","","","","","","4","","","","-4","","","","","6","","",
"114","毒蟾蜍","","","","","","","","","","","","","","","","","","","","","","","","","","","","","","","","","","","","","","","1","","",
"115","巨蛙","IT_10","","","","","","","","","","","","","","","","","","","","","","","","","","","","","4","","","","-4","","","","","1","","",
"116","水蛇","","","","","","","","","","","","","","","","","","","","","","","","","","","","","","4","","","","-4","","","","","4","","",
"117","狼","","","","","","","","","","","","","","","","","","","","","","","","","","","","","","","","","","","","","","","8","","",
"118","吸血殭屍","IT_12","1|2|3|4","","","","16","","Y","","","1","","","","","","","","","","","","2","-3","","","","","","2","","","","-2","4","-2","","","4","","",
"119","鷹","","","","","","","","","","","","","","","","","","","","","","","","","","","","","","","","","","","","","","","76","","",
"120","蜈蚣","","","","","","","","","","","","","","","","","","","","","","","","","","","","","","2","","","-2","","","","","","1","","",
"121","黑蜈蚣","","","","","","","","","","","","","","","","","","","","","","","","","","","","","","2","","","-2","","","","","","1","","",
"122","紅耳蝙蝠","","","","","","","","","","","","","","","","","","","","","","","","","","","","","","2","","","","-10","","","","","8","","",
"123","北歐狼","","","","","","","","","","","","","","","","","","","","","","","","","","","","","","","","","","","","","","","40","","",
"124","炎靈子","IT_12","1|2|3|4","","","256","180","","Y","","","1","","","","","","","","30","","","","","","","","","5","3","-12","4","","","","","","","","350","","",
"125","吸血鬼王","IT_12","1|2|3|4","","","","27","","Y","","","1","","","","","","","","","","","3","1","","-2","","","","","2","","","","-10","4","-4","2","","27","","",
"126","邪靈","IT_12","1|2|3|4","","","256","20","","Y","","","1","","","","","","","","-5","10","","","","","","","","","","","","","","","4","-4","","","134","","",
"127","石骨魚","IT_12","1|2|3|4","","","","15","","Y","","","1","","","","","","","","","","","","2","","1","","","","","2","-2","","","","","","","","1","","",
"128","石骨飛魚","IT_12","1|2|3|4","","","","18","","Y","","","1","","","","","","","","","","","","3","","2","","","","","2","-2","","","","","","","","134","","",
"129","阿加希歐","IT_12","1|2|3|4","","","256","25","","Y","","","1","","","","","","","","","20","","","","3","","","","","","","2","","","","2","-2","-4","","5","","",
"130","獢","IT_12","1|2|3|4","","","","13","","Y","","","1","","","","","","","","","","","1","2","","1","","","","","","","","","","2","","","","69","","",
"131","吸血鬼","IT_12","1|2|3","","","","14","","Y","","","1","","","","","","","","","","","1","2","1","","","","","","","","","","","","","","","27","","",
"132","侏儒","IT_12","1|2|3|4","","","256","11","","Y","","","1","","","","","","","","3","5","2","2","","","","","","","","2","","","","","","","","","34","","",
"133","亞格瑞斯","IT_12","1|2|3|4","","","","28","","Y","","","1","","","","","","","","","","","5","2","","-3","","","","","-2","-2","-2","-6","","4","-2","-2","","41","","",
"134","半人馬","IT_12","1|2|3|4","","","256","30","","Y","","","1","","","","","","","","5","10","5","","","3","","","","","","","","","","-10","","","","","40","","",
"135","美杜莎","IT_12","1|2|3","","","256","28","","Y","","","1","","","","","","","","3","10","-5","","","","3","","","","","2","","","","-10","2","-2","","","135","","",
"136","格萊艾","IT_12","1|2|3|4","","","256","26","","Y","","","1","","","","","","","","-10","20","","","","3","","","","","","-2","-2","-2","-2","-2","-2","-2","-2","","137","","",
"137","凱貝羅斯","IT_12","1|2|3|4","","","","30","","Y","","","1","","","","","","","","","","","","1","1","3","","","","","-6","2","","","","4","-4","","","4","","",
"138","寒蛙","IT_12","1|2|3|4","","","","30","","Y","","","1","","","","","","","","","","","1","2","-5","2","","","","","4","-2","","","","","","","","133","","",
"139","瓶女","IT_12","1|2|3|4","","","256","35","","Y","","","1","","","","","","","","20","3","-15","","","","","","","","","2","-4","-2","2","","","","","","98","","",
"140","妖貓","IT_12","1|2|3","","","256","33","","Y","","","1","","","","","","","","","5","","","","","3","","","","-5","","","","","","","","","","90","","",
"141","牛頭魚","IT_12","1|2|3|4","","","","40","","Y","","","1","","","","","","","","","","","5","3","","-2","","","","","2","-6","","","","","","","","131","","",
"142","雪球怪","IT_12","1|2|3|4","","","256","32","","Y","","","1","","","","","","","","-5","","","2","-2","2","2","","","","","4","-10","","","","","","","","107","","",
"143","溫蒂妮","IT_12","1|2|3|4","","","","45","","Y","","","1","","","","","","","","","","","3","-2","5","","3","","","","2","-12","","","","","","","","100","","",
"144","竹妖","IT_12","1|2|3|4","","","256","120","","Y","","","1","","","","","","","","","","","","","20","3","","","","5","4","","","-8","","","","","","287","","",
"145","魍魎","IT_12","1|2|3|4","","","","145","","Y","","","1","","","","","","","","","","","","","","-2","","","5","1","","","","","-10","","","","","3","","",
"146","妖陀螺鬼","IT_12","1|2|3|4","","","256","160","","Y","","","1","","","","","","","","100","50","","","","","","","","3","","-2","-2","-2","-2","","-2","-2","-2","","291","","",
"147","水仙","IT_12","1|2|3|4","","","256","90","","Y","","","1","","","","","","","","50","30","40","","","","","","","","","6","-14","","","","-6","","","","253","","",
"148","七仙女","IT_12","1|2|3|4","","","","220","","Y","","","1","","","","","","","","","","","","","","2","","","-5","12","","","","","","-8","2","","","349","","",
"149","九天玄女","IT_12","1|2|3|4","","","","280","","Y","","","1","","","","","","","","","","","","","5","3","","","10","10","","","","","","-12","4","","","399","","",
"150","嫦娥","IT_12","1|2|3|4","","","","260","","Y","","","1","","","","","","","","50","50","50","","","","4","","","2","2","","","-6","4","","-2","2","","","358","","",
"151","瓊霜","IT_12","1|2|3|4","","","256","100","","Y","","","1","","","","","","","","","","","5","10","3","","","","","","2","-12","","","","","","","","194","","",
"152","瑪特女神","IT_12","1|2|3|4","","","256","185","","Y","","","1","","","","","","","","","","","","","10","4","","","","5","","","","-2","-6","-12","","","","","","",
"153","瓦雀","IT_12","1|2|3|4","","","256","50","","Y","","","1","","","","","","","","","10","","","","5","","","","","","-2","-2","-2","-2","-2","-10","2","-2","","120","","",
"154","上元夫人","IT_12","1|2|3|4","","","","90","","Y","","","1","","","","","","","","","","","-5","10","12","","","","","","","","","","","-10","2","","","260","","",
"155","蠶女","IT_12","1|2|3|4","","","256","175","","Y","","","1","","","","","","","","","45","","","","4","","","","","5","","","","","","","","","","307","","",
"156","女夷","IT_12","1|2|3|4","","","256","180","","Y","","","1","","","","","","","","","70","25","","","","","","","","2","","","-6","2","","-2","2","","","386","","",
"157","女夷22","IT_12","1|2|3|4","","","256","180","","Y","","","1","","","","","","","","","70","25","","","","","","","","2","","","-6","2","","-2","2","","","386","","",
"158","娥皇","IT_12","1|2|3|4","","","","240","","Y","","","1","","","","","","","","","","","","","","2","","","8","-3","-6","4","","","","-4","2","","","153","","",
"159","女英","IT_12","1|2|3|4","","","","190","","Y","","","1","","","","","","","","","","","","","","1","","","-3","8","4","-4","","","","-4","2","","","387","","",
"160","席娜","IT_12","1|2|3|4","","","256","70","","Y","","","1","","","","","","","","20","","40","","","3","","","","","","-2","-2","-2","-2","-2","4","-8","","","120","","",
"161","亞坦","IT_12","1|2|3|4","","","256","52","","Y","","","1","","","","","","","","-10","","","4","","10","","","","","","-4","2","","","","","","-2","","122","","",
"162","蝠妖","IT_12","1|2|3|4","","","256","38","","Y","","","1","","","","","","","","","-10","","","4","","","5","","","","","","","","","","-2","","","138","","",
"163","朱蛤獸","IT_12","1|2|3|4","","","256","45","","Y","","","1","","","","","","","","","","15","-3","6","","","","","","","-12","4","","","","","","","","132","","",
"164","神燈巨人","IT_12","1|2|3|4","","","256","60","","Y","","","1","","","","","","","","-15","-15","-15","3","3","3","-3","3","","","","-2","-2","-12","4","-10","-2","-2","2","-6","119","","",
"165","色烈芬","IT_12","1|2|3|4","","","256","215","","Y","","","1","","","","","","","","60","60","60","","","","1","","","1","1","-2","","","","","-10","","","","","","",
"166","藍人","IT_12","1|2|3|4","","","256","35","","Y","","","1","","","","","","","","","","","","2","15","","3","","","","4","-14","","","","","","","","97","","",
"167","戰死屍鬼","IT_12","1|2|3|4","","","","188","","Y","","","1","","","","","","","","","","","","","","-2","","","8","3","4","","","-4","-4","2","-4","","","122","","",
"168","鱷魚","","","","","","","","","","","","","","","","","","","","","","","","","","","","","","","","","","","","","","","107","","",
"169","大鬣蜥","","","","","","","","","","","","","","","","","","","","","","","","","","","","","","","","","","","","","","","107","","",
"170","殭屍","IT_12","1|2|3|4","","","256","10","","Y","","","1","","","","","","","","2","","3","","","","-2","","","","","4","","","","-4","6","","","","1","","",
"171","幽靈","IT_12","1|2|3|4","","","256","11","","Y","","","1","","","","","","","","","10","","","","","2","","","","","2","","","","-6","8","","","-2","133","","",
"172","阿普洛迪","IT_12","1|2|3|4","","","256","260","","Y","","","1","","","","","","","","","80","","","","10","3","","","","","","","","","","","","","","111","","",
"173","阿拔東","IT_12","1|2|3|4","","","256","105","","Y","","","1","","","","","","","","","","45","","","15","","","","","6","-2","-2","-2","-2","-4","4","-10","-2","","254","","",
"174","阿高司","IT_12","1|2|3|4","","","256","75","","Y","","","1","","","","","","","","20","","15","10","","","","","","","","","","","","","","","","","4","","",
"175","炎顱","IT_12","1|2|3|4","","","","45","","Y","","","1","","","","","","","","","","","3","5","-5","","","","","","-6","","","","","4","-4","","","4","","",
"176","黑豹","","","","","","","","","","","","","","","","","","","","","","","","","","","","","","","","","","","","","","","8","","",
"177","火蠑螈","IT_12","1|2|3|4","","","256","32","","Y","","","1","","","","","","","","15","-5","5","","","","","","","","","-2","","","","-10","","","","","136","","",
"178","神龍","IT_12","1|2|3|4","","","","320","","Y","","","1","","","","","","","","","","","","","","6","","","8","8","-4","-4","-4","","-10","-4","4","-4","","406","","",
"179","鳳凰","IT_12","1|2|3|4","","","256","350","","Y","","","1","","","","","","","","300","100","","","","","","","","8","","-20","4","","","","-6","2","","","400","","",
"180","格特輪","IT_06","","","","","","","","","","","","","","","","","","","","","","","","","","","","","-2","-2","-2","-2","-6","-2","-2","4","-2","197","","",
"181","庫塔","IT_12","1|2|3|4","","","256","75","","Y","","","1","","","","","","","","","","","5","5","5","-5","","","","","-4","-4","-4","4","-4","-2","-2","4","-2","119","","",
"182","英招","","","","","","","","","","","","","","","","","","","","","","","","","","","","","","","","","","","","","","","","","",
"183","鳳后","","","","","","","","","","","","","","","","","","","","","","","","","","","","","","","","","","","","","","","","","",
"184","食屍鬼","IT_12","1|2|3|4","","","256","120","","Y","","","1","","","","","","","","-50","","","","","","3","","","4","","2","","","","","4","","","","313","","",
"185","山鬼","IT_12","1|2|3|4","","","","70","","Y","","","1","","","","","","","","","","","","","","-3","","","6","2","","","2","-4","-10","4","","","","3","","",
"186","黑無常","IT_12","1|2|3|4","","","256","240","","Y","","","1","","","","","","","","-60","","","","","","2","","","7","6","","","","-4","-10","2","-6","","","410","","",
"187","女丑","","","","","","","","","","","","","","","","","","","","","","","","","","","","","","","","","","","","","","","","","",
"188","女尸","","","","","","","","","","","","","","","","","","","","","","","","","","","","","","","","","","","","","","","","","",
"189","食人花","IT_12","1|2|3|4","","","","28","","Y","","","1","","","","","","","","","","","","","","-3","","","1","5","2","2","","-2","-10","","","","-2","117","","",
"190","妖骨蟲","","","","","","","","","","","","","","","","","","","","","","","","","","","","","","","","","","","","","","","","","",
"191","樂仙女","IT_12","1|2|3|4","","","256","200","","Y","","","1","","","","","","","","300","100","-80","","","","","","","","","","","","","-10","-8","2","","","349","","",
"192","蛟龍女","","","","","","","","","","","","","","","","","","","","","","","","","","","","","","","","","","","","","","","","","",
"193","狐狸精","","","","","","","","","","","","","","","","","","","","","","","","","","","","","","","","","","","","","","","","","",
"194","白無常","IT_12","1|2|3|4","","","256","250","","Y","","","1","","","","","","","","-20","80","","","","","3","","","","2","","","-4","","-10","","","2","-6","322","","",
"195","盤古","","","","","","","","","","","","","","","","","","","","","","","","","","","","","","","","","","","","","","","","","",
"196","女媧","","","","","","","","","","","","","","","","","","","","","","","","","","","","","","","","","","","","","","","","","",
"197","耆戈","IT_12","1|2|3|4","","","256","88","","Y","","","1","","","","","","","","60","30","50","","","","","","","","","-4","2","","","","","","-2","","122","","",
"198","太白金星","IT_12","1|2|3|4","","","256","300","","Y","","","1","","","","","","","","","","","","","20","1","","","15","-6","-2","-2","-2","-2","","-10","2","-2","","402","","",
"199","天將","IT_12","1|2|3|4","","","","270","","Y","","","1","","","","","","","","","-50","","","","","","","","8","3","","","","","-10","-8","-4","","","404","","",
"200","天仙","","","","","","","","","","","","","","","","","","","","","","","","","","","","","","","","","","","","","","","","","",
"201","尸解仙","","","","","","","","","","","","","","","","","","","","","","","","","","","","","","","","","","","","","","","","","",
"202","風伯","","","","","","","","","","","","","","","","","","","","","","","","","","","","","","","","","","","","","","","","","",
"203","雨師","","","","","","","","","","","","","","","","","","","","","","","","","","","","","","","","","","","","","","","","","",
"204","當扈","","","","","","","","","","","","","","","","","","","","","","","","","","","","","","","","","","","","","","","","","",
"205","金烏","","","","","","","","","","","","","","","","","","","","","","","","","","","","","","","","","","","","","","","","","",
"206","惡靈","IT_12","1|2|3|4","","","256","15","","Y","","","1","","","","","","","","","-5","3","","2","","","","","","","2","","","","","4","-2","","-2","1","","",
"207","雲生獸","","","","","","","","","","","","","","","","","","","","","","","","","","","","","","","","","","","","","","","","","",
"208","水鬼","IT_12","1|2|3|4","","","256","14","","Y","","","1","","","","","","","","","","10","1","","","1","2","","","","4","-4","","","","2","-2","","","1","","",
"209","窮奇","","","","","","","","","","","","","","","","","","","","","","","","","","","","","","","","","","","","","","","","","",
"210","鴆","","","","","","","","","","","","","","","","","","","","","","","","","","","","","","","","","","","","","","","","","",
"211","飛賊","","","","","","","","","","","","","","","","","","","","","","","","","","","","","","","","","","","","","","","","","",
"212","應龍","","","","","","","","","","","","","","","","","","","","","","","","","","","","","","","","","","","","","","","","","",
"213","龍王","IT_12","1|2|3|4","","","","310","","Y","","","1","","","","","","","","10","-2","2","","","","","","","","","-16","4","","","","-4","2","","","406","","",
"214","黑龍","IT_12","1|2|3|4","","","","290","","Y","","","1","","","","","","","","","","","","","","5","","1","7","7","6","-16","","","","-4","2","","","406","","",
"215","解廌","","","","","","","","","","","","","","","","","","","","","","","","","","","","","","","","","","","","","","","","","",
"216","陸吾","","","","","","","","","","","","","","","","","","","","","","","","","","","","","","","","","","","","","","","","","",
"217","天吳","","","","","","","","","","","","","","","","","","","","","","","","","","","","","","","","","","","","","","","","","",
"218","白澤","","","","","","","","","","","","","","","","","","","","","","","","","","","","","","","","","","","","","","","","","",
"219","火光獸","","","","","","","","","","","","","","","","","","","","","","","","","","","","","","","","","","","","","","","","","",
"220","風火龜","","","","","","","","","","","","","","","","","","","","","","","","","","","","","","","","","","","","","","","","","",
"221","枯屍鬼","IT_12","1|2|3|4","","","","40","","Y","","","1","","","","","","","","","","","","5","-3","","","","","","4","","","","-2","4","","2","","4","","",
"222","枯屍鬼王","IT_12","1|2|3|4","","","256","48","","Y","","","1","","","","","","","","10","","5","","","","-2","","","","","4","","","","-4","6","-2","","","135","","",
"223","石獅精","IT_12","1|2|3|4","","","","260","","Y","","","1","","","","","","","","","","","","","-10","4","","","6","6","","","4","-10","","","","","-4","133","","",
"225","麒麟","","","","","","","","","","","","","","","","","","","","","","","","","","","","","","","","","","","","","","","","","",
"226","獨角獸","IT_12","1|2|3|4","","","","175","","Y","","","1","","","","","","","","3","","","","","","3","","","","5","","","","","","","","","","1","","",
"228","阿吉達哈卡","","","","","","","","","","","","","","","","","","","","","","","","","","","","","","","","","","","","","","","","","",
"229","阿奇斯","","","","","","","","","","","","","","","","","","","","","","","","","","","","","","","","","","","","","","","","","",
"230","艾柏斯","","","","","","","","","","","","","","","","","","","","","","","","","","","","","","","","","","","","","","","","","",
"231","烏土克","","","","","","","","","","","","","","","","","","","","","","","","","","","","","","","","","","","","","","","","","",
"232","烏里庫米","","","","","","","","","","","","","","","","","","","","","","","","","","","","","","","","","","","","","","","","","",
"233","愛里奧","","","","","","","","","","","","","","","","","","","","","","","","","","","","","","","","","","","","","","","","","",
"236","佩色斯","","","","","","","","","","","","","","","","","","","","","","","","","","","","","","","","","","","","","","","","","",
"238","尼梅亞獅","IT_12","1|2|3|4","","","","160","","Y","","","1","","","","","","","","","","","","","","-5","","","10","4","","","","","","","","","","322","","",
"240","亞奴比斯","","","","","","","","","","","","","","","","","","","","","","","","","","","","","","","","","","","","","","","","","",
"241","米加勒","","","","","","","","","","","","","","","","","","","","","","","","","","","","","","","","","","","","","","","","","",
"242","刑天","","","","","","","","","","","","","","","","","","","","","","","","","","","","","","","","","","","","","","","","","",
"243","龍","","","","","","","","","","","","","","","","","","","","","","","","","","","","","","","","","","","","","","","","","",
"244","奧貝隆","","","","","","","","","","","","","","","","","","","","","","","","","","","","","","","","","","","","","","","","","",
"245","象頭神","","","","","","","","","","","","","","","","","","","","","","","","","","","","","","","","","","","","","","","","","",
"247","賽庫洛普斯","","","","","","","","","","","","","","","","","","","","","","","","","","","","","","","","","","","","","","","","","",
"248","食殤鳥","","","","","","","","","","","","","","","","","","","","","","","","","","","","","","","","","","","","","","","","","",
"250","妖龍","","","","","","","","","","","","","","","","","","","","","","","","","","","","","","","","","","","","","","","","","",
"251","日聖鳥","","","","","","","","","","","","","","","","","","","","","","","","","","","","","","","","","","","","","","","","","",
"252","樹精","","","","","","","","","","","","","","","","","","","","","","","","","","","","","","","","","","","","","","","","","",
"253","雪芙","IT_12","1|2|3|4","","","","180","","Y","","","1","","","","","","","","35","","50","","","","","","","3","","4","-12","","","","","","","","345","","",
"254","肯塔羅斯","IT_12","1|2|3|4","","","","140","","Y","","","1","","","","","","","","","","","","","8","","","","12","-6","","","","","","","","","","40","","",
"255","尼凱","IT_12","1|2|3|4","","","","360","","Y","","","1","","","","","","","","","","","","","","6","","","12","8","","","","","","","","","","40","","",
"256","戈雷姆","","","","","","","","","","","","","","","","","","","","","","","","","","","","","","","","","","","","","","","","","",
"257","希沙","","","","","","","","","","","","","","","","","","","","","","","","","","","","","","","","","","","","","","","","","",
"262","人面樹","","","","","","","","","","","","","","","","","","","","","","","","","","","","","","","","","","","","","","","","","",
"263","樹妖","","","","","","","","","","","","","","","","","","","","","","","","","","","","","","","","","","","","","","","","","",
"264","殭屍","","","","","","","","","","","","","","","","","","","","","","","","","","","","","","","","","","","","","","","","","",
"265","殭屍精","","","","","","","","","","","","","","","","","","","","","","","","","","","","","","","","","","","","","","","","","",
"266","骸骨戰士","","","","","","","","","","","","","","","","","","","","","","","","","","","","","","","","","","","","","","","","","",
"267","冥府獄卒","IT_12","1|2|3|4","","","","150","","Y","","","1","","","","","","","","","","","","","","-3","","","8","3","","","2","-2","","","-2","","","3","","",
"269","冤魂","IT_12","1|2|3|4","","","","130","","Y","","","1","","","","","","","","","","","","","","3","","","-4","6","-4","","","","","4","","","","314","","",
"271","吊死鬼","IT_12","1|2|3|4","","","256","138","","Y","","","1","","","","","","","","50","","","","","","-3","","","2","2","","-2","","","","4","","","","313","","",
"272","餓死鬼","IT_12","1|2|3|4","","","256","130","","Y","","","1","","","","","","","","-50","20","","","","","2","","","","","2","","","","-10","4","-2","","-4","295","","",
"273","瘟鬼","IT_12","1|2|3|4","","","","168","","Y","","","1","","","","","","","","","","","","","","1","","","6","3","2","-2","","","-10","4","","","","314","","",
"274","夜叉","IT_12","1|2|3|4","","","","100","","Y","","","1","","","","","","","","","","","10","-2","","-3","","","","","-2","","","-2","","4","-4","","","258","","",
"277","雪女","IT_12","1|2|3|4","","","256","188","","Y","","","1","","","","","","","","-30","","","","","","1","","","5","3","4","-18","","","","-2","","","","122","","",
"281","天宮仙女","IT_12","1|2|3|4","","","","190","","Y","","","1","","","","","","","","","","","","","","-4","","","5","4","","","","","","-2","4","","","358","","",
"282","海龍女","","","","","","","","","","","","","","","","","","","","","","","","","","","","","","","","","","","","","","","","","",
"283","彩虹仙","","","","","","","","","","","","","","","","","","","","","","","","","","","","","","","","","","","","","","","","","",
"284","玉女","","","","","","","","","","","","","","","","","","","","","","","","","","","","","","","","","","","","","","","","","",
"290","妲己","","","","","","","","","","","","","","","","","","","","","","","","","","","","","","","","","","","","","","","","","",
"293","太白金星","","","","","","","","","","","","","","","","","","","","","","","","","","","","","","","","","","","","","","","","","",
"294","金童玉女","","","","","","","","","","","","","","","","","","","","","","","","","","","","","","","","","","","","","","","","","",
"295","神使","","","","","","","","","","","","","","","","","","","","","","","","","","","","","","","","","","","","","","","","","",
"296","天兵","","","","","","","","","","","","","","","","","","","","","","","","","","","","","","","","","","","","","","","","","",
"297","地仙","","","","","","","","","","","","","","","","","","","","","","","","","","","","","","","","","","","","","","","","","",
"299","門神","","","","","","","","","","","","","","","","","","","","","","","","","","","","","","","","","","","","","","","","","",
"300","灶神","","","","","","","","","","","","","","","","","","","","","","","","","","","","","","","","","","","","","","","","","",
"301","土地神","","","","","","","","","","","","","","","","","","","","","","","","","","","","","","","","","","","","","","","","","",
"302","金鋼力士","","","","","","","","","","","","","","","","","","","","","","","","","","","","","","","","","","","","","","","","","",
"303","山神","","","","","","","","","","","","","","","","","","","","","","","","","","","","","","","","","","","","","","","","","",
"304","瘟神","","","","","","","","","","","","","","","","","","","","","","","","","","","","","","","","","","","","","","","","","",
"305","洞仙","","","","","","","","","","","","","","","","","","","","","","","","","","","","","","","","","","","","","","","","","",
"306","銀神兵","","","","","","","","","","","","","","","","","","","","","","","","","","","","","","","","","","","","","","","","","",
"307","劍仙","","","","","","","","","","","","","","","","","","","","","","","","","","","","","","","","","","","","","","","","","",
"314","化蛇","","","","","","","","","","","","","","","","","","","","","","","","","","","","","","","","","","","","","","","","","",
"316","妖燈鬼","IT_12","1|2|3|4","","","","190","","Y","","","1","","","","","","","","","","","","","","4","","","-4","4","-16","4","","","","4","-6","","","350","","",
"317","迷魂霧妖","IT_12","1|2|3|4","","","256","193","","Y","","","1","","","","","","","","","-40","","","","","4","","","","2","-8","-10","-10","-10","-10","","-10","-10","-10","41","","",
"324","雙頭蛇","","","","","","","","","","","","","","","","","","","","","","","","","","","","","","","","","","","","","","","","","",
"325","肥遺","","","","","","","","","","","","","","","","","","","","","","","","","","","","","","","","","","","","","","","","","",
"326","長蛇","","","","","","","","","","","","","","","","","","","","","","","","","","","","","","","","","","","","","","","","","",
"327","土螺","","","","","","","","","","","","","","","","","","","","","","","","","","","","","","","","","","","","","","","","","",
"329","天狐","","","","","","","","","","","","","","","","","","","","","","","","","","","","","","","","","","","","","","","","","",
"332","長右","","","","","","","","","","","","","","","","","","","","","","","","","","","","","","","","","","","","","","","","","",
"333","兕","","","","","","","","","","","","","","","","","","","","","","","","","","","","","","","","","","","","","","","","","",
"334","鼎精","","","","","","","","","","","","","","","","","","","","","","","","","","","","","","","","","","","","","","","","","",
"335","相柳","","","","","","","","","","","","","","","","","","","","","","","","","","","","","","","","","","","","","","","","","",
"338","蒼蟒","","","","","","","","","","","","","","","","","","","","","","","","","","","","","","","","","","","","","","","","","",
"362","雷神","","","","","","","","","","","","","","","","","","","","","","","","","","","","","","","","","","","","","","","","","",
"368","鬥戰聖佛","IT_12","1|2|3|4","","","","380","","Y","","","1","","","","","","","","","","","","","-20","2","","","5","20","-4","-4","-4","-4","-8","-6","-4","-2","","122","","",
"370","濕婆","","","","","","","","","","","","","","","","","","","","","","","","","","","","","","","","","","","","","","","","","",
"377","死靈騎士","IT_12","1|2|3|4","","","","205","","Y","","","1","","","","","","","","","","","","","","3","","","10","-5","2","-2","","","-10","4","-12","","","","","",
"378","鬥戰聖佛","IT_06","","","","","","","","","","1","","","","","","","","","","","","","","","","","","","-4","-4","-4","-4","-8","-6","-4","-2","","122","","",
"379","鬥戰聖佛分身","","","","","","","","","","","1","","","","","","","","","","","","","","","","","","","-2","-2","-2","-2","-6","-4","-2","","","122","","",
"380","教眾長老","","","","","","","","","","","","","","","","","","","","","","","","","","","","","","","","-6","","","-4","","-2","","313","","",
"381","黃八","IT_06","","","","","","","","","","","","","","","","","","","","","","","","","","","","","-2","-2","-4","-2","","-2","-4","-2","","313","","",
"382","人屍","IT_06","","","","","","","","","","","","","","","","","","","","","","","","","","","","","-2","-2","-4","-2","","-2","-12","-2","","","","",
"383","蜃樓石頭妖","IT_06","","","","","","","","","","","","","","","","","","","","","","","","","","","","","-10","-10","8","-10","-10","-10","-10","-10","-10","1","","",
"384","蜃樓財寶怪","IT_06","","","","","","","","","","","","","","","","","","","","","","","","","","","","","8","-10","-10","-10","-10","-10","-10","-10","-10","132","","",
"385","響尾蛇","","","","","","","","","","","","","","","","","","","","","","","","","","","","","","","","","","-10","","","","","4","","",
"386","大棕熊","","","","","","","","","","","","","","","","","","","","","","","","","","","","","","","","","","","","","","","8","","",
"387","銀背金剛","","","","","","","","","","","","","","","","","","","","","","","","","","","","","","","","","","","","","","","1","","",
"388","紅鬃猿","","","","","","","","","","","","","","","","","","","","","","","","","","","","","","","","","","","","","","","1","","",
"389","奧斯曼","IT_06","","","","","","","","","","","","","","","","","","","","","","","","","","","","","","","","","","","","","","","","",
"390","鬼爵","IT_12","1|2|3|4","","","256","64","","Y","","","1","","","","","","","","25","","","","","","-3","","","5","","2","-2","-2","-2","-10","4","-12","2","","153","","",
"391","魚身人面妖","IT_12","1|2|3|4","","","","53","","Y","","","1","","","","","","","","","","","","","","2","","","2","2","4","-6","","","","","","","","137","","",
"392","閻惡靈","IT_12","1|2|3|4","","","256","58","","Y","","","1","","","","","","","","-15","-10","-5","","","","2","","","1","6","","","","","","4","-4","","-2","133","","",
"393","沙漠綠蠍","","","","","","","","","","","","","","","","","","","","","","","","","","","","","","-2","4","","-2","-10","","","","","35","","",
"394","地獄妖貓","IT_06","1|2|3","","","256","60","","Y","","","","","","","","","","","","20","","","","","4","","","","-5","","","","","","6","-6","","","90","","",
"395","高地骷髏妖","IT_06","","","","","","","","","","","","","","","","","","","","","","","","","","","","","2","2","","","-10","2","-2","-2","","1","","",
"396","弒肉妖","IT_06","","","","","","","","","","","","","","","","","","","","","","","","","","","","","-2","","","-2","-10","2","","2","","3","","",
"397","赤尾蠍子","","","","","","","","","","","","","","","","","","","","","","","","","","","","","","","","","","","","","","","35","","",
"398","加賽因","IT_06","","","","","","","","","","","","","","","","","","","","","","","","","","","","","","2","","","","2","-2","-4","","5","","",
"399","修道院院長","IT_06","","","","","","","","","","","","","","","","","","","","","","","","","","","","","-10","-10","-10","-10","-10","-10","-10","-10","","6","","",
"400","梅羅文加軍人","","","","","","","","","","","","","","","","","","","","","","","","","","","","","","","","","","","","","","","5","","",
"401","戰馬","IT_12","1","","","","","","","","","2","500","","","","","","","","","","","","","","","","","","","","","","","","","","","","","",
"402","駱駝","IT_06","1|2|3|4","","","","","","","","","","","","","","","","","","","","","","","","","","","","","","","","","","","","","","","",
"403","死靈騎士","IT_06","1|2|3|4","","","","205","","Y","","","","","","","","","","","","","","","","","3","","","10","-5","2","-2","","","-10","4","-6","","","","","",
"404","黑衣騎兵(騎駱駝)","","","","","","","","","","","","","","","","","","","","","","","","","","","","","","","","","","","","","","","","","",
"405","白衣騎兵(騎駱駝)","","","","","","","","","","","","","","","","","","","","","","","","","","","","","","","","","","","","","","","","","",
"406","黑衣騎兵(騎馬)","","","","","","","","","","","","","","","","","","","","","","","","","","","","","","","","","","","","","","","","","",
"407","教士","","","","","","","","","","","","","","","","","","","","","","","","","","","","","","","","","","","-2","2","","","6","","",
"408","武僧","","","","","","","","","","","","","","","","","","","","","","","","","","","","","","","","","","","","","","","1","","",
"409","梅羅文加軍人","","","","","","","","","","","","","","","","","","","","","","","","","","","","","","","","","","","","","","","5","","",
"410","威尼斯水軍","","","","","","","","","","","","","","","","","","","","","","","","","","","","","","","","","","","","","","","40","","",
"411","黑衣大食兵","","","","","","","","","","","","","","","","","","","","","","","","","","","","","","","","","","","","","","","40","","",
"412","白衣大食兵","","","","","","","","","","","","","","","","","","","","","","","","","","","","","","","","","","","","","","","40","","",
"413","盜賊","","","","","","","","","","","","","","","","","","","","","","","","","","","","","","","","","","","","","","","","","",
"414","威尼斯護民官","","","","","","","","","","","","","","","","","","","","","","","","","","","","","","","","","","","","","","","","","",
"415","唐軍騎兵","","","","","","","","","","","","","","","","","","","","","","","","","","","","","","","","","","","","","","","","","",
"416","唐軍步卒","","","","","","","","","","","","","","","","","","","","","","","","","","","","","","","","","","","","","","","189","","",
"417","盜賊","","","","","","","","","","","","","","","","","","","","","","","","","","","","","","","","","","","","","","","","","",
"418","盜賊","","","","","","","","","","","","","","","","","","","","","","","","","","","","","","","","","","","","","","","","","",
"419","盜賊","","","","","","","","","","","","","","","","","","","","","","","","","","","","","","","","","","","","","","","","","",
"420","商人","","","","","","","","","","","","","","","","","","","","","","","","","","","","","","","","","","","","","","","","","",
"421","商人","","","","","","","","","","","","","","","","","","","","","","","","","","","","","","","","","","","","","","","","","",
"422","商人","","","","","","","","","","","","","","","","","","","","","","","","","","","","","","","","","","","","","","","","","",
"423","保鑣","","","","","","","","","","","","","","","","","","","","","","","","","","","","","","","","","","","","","","","","","",
"424","俠客","","","","","","","","","","","","","","","","","","","","","","","","","","","","","","","","","","","","","","","","","",
"425","平民(男)","","","","","","","","","","","","","","","","","","","","","","","","","","","","","","","","","","","","","","","","","",
"426","平民(男)","","","","","","","","","","","","","","","","","","","","","","","","","","","","","","","","","","","","","","","","","",
"427","平民(女)","","","","","","","","","","","","","","","","","","","","","","","","","","","","","","","","","","","","","","","","","",
"428","平民(男)","","","","","","","","","","","","","","","","","","","","","","","","","","","","","","","","","","","","","","","","","",
"429","平民(女)","","","","","","","","","","","","","","","","","","","","","","","","","","","","","","","","","","","","","","","","","",
"430","平民(男孩)","","","","","","","","","","","","","","","","","","","","","","","","","","","","","","","","","","","","","","","","","",
"431","平民(女孩)","","","","","","","","","","","","","","","","","","","","","","","","","","","","","","","","","","","","","","","","","",
"432","平民(老人)","","","","","","","","","","","","","","","","","","","","","","","","","","","","","","","","","","","","","","","","","",
"433","道士","","","","","","","","","","","","","","","","","","","","","","","","","","","","","","-2","-2","-4","-2","","-2","-4","-2","","313","","",
"434","寶麗剛怪物","","","","","","","","","","","","","","","","","","","","","","","","","","","","","","","","","","","","","","","","","",
"435","豹Ⅱ坦克","","","","","","","","","","","","","","","","","","","","","","","","","","","","","","","","","","","","","","","","","",
"436","超合金鐵魔神","","","","","","","","","","","","","","","","","","","","","","","","","","","","","","","","","","","","","","","","","",
"437","都市自衛民宅","","","","","","","","","","","","","","","","","","","","","","","","","","","","","","","","","","","","","","","","","",
"438","蔡魔王","","","","","","","","","","","","","","","","","","","","","","","","","","","","","","","","","","","","","","","1","","",
"439","鮑弘修","","","","","","","","","","","","","","","","","","","","","","","","","","","","","","","","","","","","","","","","","",
"440","張孝全","","","","","","","","","","","","","","","","","","","","","","","","","","","","","","","","","","","","","","","","","",
"441","陳盈君","","","","","","","","","","","","","","","","","","","","","","","","","","","","","","","","","","","","","","","","","",
"442","郭炳宏","","","","","","","","","","","","","","","","","","","","","","","","","","","","","","","","","","","","","","","","","",
"443","王福生","","","","","","","","","","","","","","","","","","","","","","","","","","","","","","","","","","","","","","","","","",
"444","楊淵升","","","","","","","","","","","","","","","","","","","","","","","","","","","","","","","","","","","","","","","","","",
"445","楊進財","","","","","","","","","","","","","","","","","","","","","","","","","","","","","","","","","","","","","","","","","",
"446","林克敏","","","","","","","","","","","","","","","","","","","","","","","","","","","","","","","","","","","","","","","","","",
"447","羅國成","","","","","","","","","","","","","","","","","","","","","","","","","","","","","","","","","","","","","","","","","",
"448","黑衣弓箭手","","","","","","","","","","","","","","","","","","","","","","","","","","","","","","","","","","","","","","","","","",
"449","吳欣叡","","","","","","","","","","","","","","","","","","","","","","","","","","","","","","","","","","","","","","","","","",
"450","黃志榮","","","","","","","","","","","","","","","","","","","","","","","","","","","","","","","","","","","","","","","","","",
"451","吳東興","","","","","","","","","","","","","","","","","","","","","","","","","","","","","","","","","","","","","","","","","",
"452","高玉玫","","","","","","","","","","","","","","","","","","","","","","","","","","","","","","","","","","","","","","","","","",
"453","朱榮敏","","","","","","","","","","","","","","","","","","","","","","","","","","","","","","","","","","","","","","","","","",
"454","簡明哲","","","","","","","","","","","","","","","","","","","","","","","","","","","","","","","","","","","","","","","","","",
"455","劉馨韓","","","","","","","","","","","","","","","","","","","","","","","","","","","","","","","","","","","","","","","","","",
"456","樂樂","","","","","","","","","","","","","","","","","","","","","","","","","","","","","","","","","","","","","","","","","",
"457","真夢","","","","","","","","","","","","","","","","","","","","","","","","","","","","","","","","","","","","","","","","","",
"458","大米","","","","","","","","","","","","","","","","","","","","","","","","","","","","","","","","","","","","","","","","","",
"501","闊劍","IT_09","1","","","","","","","Y","","","70","3","80","8061","","","","","","","","","","","","","10","1","","","","","","","","","","128","","",
"502","長劍","IT_09","1","","","","","","","Y","","","150","5","160","8074","","","","","","","","","","","","","18","","","","","","","","","","","163","","",
"503","羽翼劍","IT_09","1","","","","","","","Y","","","300","8","220","8075","","","","","","","","","","3","","","25","","","","","","","","","","","164","","",
"504","火燄劍","IT_09","1","","","","","","","Y","","","480","5","150","8076","","","","","","","","","","-2","","","35","3","","-2","","","","","","","","87","","",
"505","斷梗","IT_09","1","","","","","","","Y","","","2300","30","350","8077","","","","","","","","","","","","","128","5","","","","","","","","","","165","","",
"506","赤螫","IT_09","1","","","","","","","Y","","","700","15","250","8078","","","","","","","","","","-5","","","62","","","","","","","","","","","157","","",
"507","隴金玉劍","IT_09","1","","","","","","","Y","","","750","3","100","8079","","","","","","","","","","2","","","68","","","","","","","","","","","166","","",
"508","月牙劍","IT_09","1","","","","","","","Y","","","540","10","200","8080","","","","","","","","","","2","","","50","1","","","","","","","","","","167","","",
"509","雪浪劍","IT_09","1","","","","","","","Y","","","1000","20","450","8081","","","","","","","","","","","","","75","8","-2","","","","","","","","","168","","",
"510","崙凰劍","IT_09","1","","","","","","","Y","","","1200","22","500","8082","","","","","","","","","","","","","78","5","","-2","","","","","","","","169","","",
"511","湛盧","IT_09","1","","","","","","","Y","","","1800","10","300","8083","","","","","","","","","","-6","","","100","3","","","","","","4","","","","170","","",
"512","純鈞","IT_09","1","","","","","","","Y","","","","27","370","8146","","","","","","","","","","2","","1","193","-4","","","","","","","","","","233","","",
"513","勝邪","IT_09","1","","","","","","","Y","","","4000","40","500","8147","","","","","","","","","","","","","160","","","","","","","","","","","234","","",
"514","魚腸","IT_09","1","","","","","","","Y","","","1500","15","280","8148","","","","","","","","","","4","","","85","","","","","","","","","","","235","","",
"515","巨闕","IT_09","1","","","","","","","Y","","","","","","8084","","","","","","","","","","-2","","","230","5","","","","","","","","","","171","","",
"516","干將","IT_09","1","","","","","","","Y","","","","","","8149","","","","","","","","","","2","","","178","13","","","","","","","","","","236","","",
"517","莫邪","IT_09","1","","","","","","","Y","","","2500","55","400","8150","","","","","","","","","","3","","","120","","","","","","","","","","","237","","",
"518","龍泉","IT_09","1","","","","","","","Y","","","","","","8151","","","","","","","","","","","","","250","","","","","","","","","","","238","","",
"519","泰阿","IT_09","1","","","","","","","Y","","","","","","8152","","","","","","","","","","-3","","","240","4","","","","","","","","","","239","","",
"520","工布","IT_09","1","","","","","","","Y","","","","","","8153","","","","","","","","","","6","","","233","","","","","","","","","","","240","","",
"521","短木弓","IT_09","2","","","","","","","","","","60","2","70","8064","","","","","","","","","","","","","18","2","","","","","","","","","","7","","",
"522","十字弓","IT_09","2","","","","","","","","","","120","3","100","8065","","","","","","","","","","","","","24","1","","","","","","","","","","172","","",
"523","獵弓","IT_09","2","","","","","","","","","","200","8","160","8096","","","","","","","","","","1","","","30","","","","","","","","","","","173","","",
"524","雷神弓","IT_09","2","","","","","","","","","","500","5","100","8132","","","","","","","","","","1","","","33","","","","","","","","","","","65","","",
"525","火炎神弩","IT_09","2","","","","","","","","","","800","13","300","8133","","","","","","","","","","","","","60","1","","","","","","","","","","241","","",
"526","華蓮七彩弓","IT_09","2","","","","","","","","","","550","35","280","8134","","","","","","","","","","","","","40","5","","","","","","","","","","242","","",
"527","大食誡弓","IT_09","2","","","","","","","","","","400","8","180","8135","","","","","","","","","","1","","","35","1","","","","","","2","-2","","","115","","",
"528","烏紋弓","IT_09","2","","","","","","","","","","350","8","120","8136","","","","","","","","","","-1","","","33","2","","","","","","","","","","243","","",
"529","鐵胎弓","IT_09","2","","","","","","","","","","1200","20","400","8066","","","","","","","","","","-2","","","72","","","","","","","","","","","174","","",
"530","天燎","IT_09","2","","","","","","","","","","","50","350","8063","","","","","","","","","","5","","","180","-10","","","","","","","","","","175","","",
"531","地湧","IT_09","2","","","","","","","","","","","30","100","8067","","","","","","","","","","-2","","","150","20","","","","","","","","","","176","","",
"532","閻魔弓","IT_09","2","","","","","","","","","","570","10","200","8068","","","","","","","","","","","","","45","-2","","","","","","","","","","158","","",
"533","絕情貓袖箭","IT_09","2","","","","","","","","","","","15","300","8069","","","","","","","","","","3","","","70","-5","","","","","","","","","","177","","",
"534","神臂弓","IT_09","2","","","","","","","","","","1800","28","200","8070","","","","","","","","","","2","","","90","-2","","","","","","","","","","178","","",
"535","意弦弓","IT_09","2","","","","","","","","","","3800","32","320","8071","","","","","","","","","","-2","","","128","1","","","","","","","","","","179","","",
"536","萬鈞神弩","IT_09","2","","","","","","","","","","10000","40","400","8137","","","","","","","","","","-4","","","200","8","","","","","","","","","","244","","",
"537","彎刀","IT_09","3","","","","","","","Y","","","80","6","120","8100","","","","","","","","","","","","","20","","","","","","","","","","","155","","",
"538","弧月刀","IT_09","3","","","","","","","Y","","","300","7","180","8117","","","","","","","","","","","","","38","2","","","","","","","","","","218","","",
"539","刃風刀","IT_09","3","","","","","","","Y","","","520","4","130","8118","","","","","","","","","","3","","","48","-2","","","-2","","","","","","","219","","",
"540","鬼眼法刀","IT_09","3","","","","","","","Y","","","1500","30","500","8119","","","","","","","","","","","","","78","3","","","","","","","","","","220","","",
"541","麟火吞月刀","IT_09","3","","","","","","","Y","","","","20","200","8120","","","","","","","","","","-2","","","170","5","","","","","","","","","","221","","",
"542","無瑕雙刀","IT_09","3","","","","","","","Y","","","4200","22","220","8121","","","","","","","","","","3","","","138","1","","","","","","","","","","222","","",
"543","太皇刀─綠痕","IT_09","3","","","256","","","","","","","","27","270","8122","","","","","30","","","","","","","","93","","","","-2","","","","","","","223","","",
"544","太皇刀─藍牙","IT_09","3","","","","","","","","","","","10","300","8123","","","","","","","","","","3","","","65","","","-2","","","","","","","","224","","",
"545","太皇刀─閻天","IT_09","3","","","","","","","","","","","15","150","8124","","","","","","","","","","-2","","","85","3","","","","","","","-2","","","225","","",
"546","太皇刀─紅葉","IT_09","3","","","","","","","","","","","12","120","8125","","","","","","","","","","2","","","108","-3","-2","","","","","","","","","226","","",
"547","軒轅菜刀","IT_09","3","","","","","","","Y","","","2300","18","150","8126","","","","","","","","","","","","","102","","","","","","","","","","","227","","",
"548","蝴蝶刀","IT_09","3","","","","","","","Y","","","820","13","280","8127","","","","","","","","","","2","","","62","1","","","","","","","","","","228","","",
"549","柳葉刀","IT_09","3","","","","","","","Y","","","600","15","300","8128","","","","","","","","","","","","","53","2","","","","","","","","","","229","","",
"550","鴛鴦刀","IT_09","3","","","","","","","Y","","","1300","18","400","8129","","","","","","","","","","-4","","","82","","","","","","","","","","","230","","",
"551","冰珀刀","IT_09","","","","","","","","Y","","","","","","8130","","","","","","","","","","","","","","","","","","","","","","","","231","","",
"552","金剛降魔杵","","","","","","","","","","","","","","","","","","","","","","","","","","","","","","","","","","","","","","","","","",
"553","四極皇霸刀","IT_09","3","","","","","","","Y","","","","25","250","8131","","","","","","","","","","-4","","","215","10","","","","","","","","","","232","","",
"554","齊眉棍","IT_09","4","","","","","","","Y","","","500","10","130","8155","","","","","","","","","","-2","","","70","","","","","","","","","","","209","","",
"555","八卦棍","IT_09","4","","","","","","","Y","","","750","13","200","8164","","","","","","","","","","-3","","","84","2","","","","","","","","","","210","","",
"556","如意金箍棒","IT_09","4","","","","","","","Y","","","","40","500","8165","","","","","","","","","","-4","","","200","2","","","","","","","","","","211","","",
"557","蒺藜槍","IT_09","4","","","","","","","Y","","","1000","12","200","8166","","","","","","","","","","","","","98","1","","","","","","","","","","212","","",
"558","鉤鐮槍","IT_09","4","","","","","","","Y","","","1800","13","300","8167","","","","","","","","","","","","","120","3","","","","","","","","","","213","","",
"559","方天戟","IT_09","4","","","","","","","Y","","","","17","170","8168","","","","","","","","","","","","","183","15","","","","","","","","","","214","","",
"560","太寧筆槍","IT_09","4","","","","","","","Y","","","3800","18","200","8169","","","","","","","","","","-4","","","162","","","","","","","","","","","215","","",
"561","蛇矛","IT_09","","","","","","","","Y","","","","","","8170","","","","","","","","","","","","","","","","","","","","","","","","216","","",
"562","憾天神槍","IT_09","4","","","","","","","Y","","","","22","220","8171","","","","","","","","","","","","","248","3","","","","","","","","","","217","","",
"563","皇家騎士槍","IT_09","","","","","","","","Y","","","","","","8155","","","","","","","","","","","","","200","","","","","","","","","","","209","","",
"564","飛斧","IT_05","1|2|3|4","","","","","","","","","1","80","","","","","","","","","","","","","","","","","","","","","","","","","","","82","","",
"565","飛去來器","IT_05","1|2|3|4","","","","","","","","","1","120","","","","","","","","","","","","","","","","","","","","","","","","","","","83","","",
"566","流雲針","IT_05","1|2|3|4","","","","","","","","","1","200","","","","","","","","","","","","","","","","","","","","","","","","","","","84","","",
"567","輪刃","IT_05","1|2|3|4","","","","","","","","","1","280","","","","","","","","","","","","","","","","","","","","","","","","","","","191","","",
"568","翔羽葉","IT_05","1|2|3|4","","","","","","","","","1","350","","","","","","","","","","","","","","","","","","","","","","","","","","","248","","",
"569","旋流刺","IT_05","1|2|3|4","","","","","","","","","1","450","","","","","","","","","","","","","","","","","","","","","","","","","","","249","","",
"570","飛蝗石","IT_05","1|2|3|4","","","","","","","","","1","600","","","","","","","","","","","","","","","","","","","","","","","","","","","298","","",
"571","日月乾坤圈","IT_05","1|2|3|4","","","","","","","","","1","1000","","","","","","","","","","","","","","","","","","","","","","","","","","","353","","",
"572","飛爪","IT_05","1|2|3|4","","","","","","","","","1","850","","","","","","","","","","","","","","","","","","","","","","","","","","","309","","",
"573","子母鴛鴦鉞","IT_05","","","","","","","","","","","","","","","","","","","","","","","","","","","","","","","","","","","","","","","","",
"574","柳葉飛刀","IT_05","1|2|3|4","","","","","","","","","1","700","","","","","","","","","","","","","","","","","","","","","","","","","","","308","","",
"575","金錢鏢","IT_05","","","","","","","","","","","","","","","","","","","","","","","","","","","","","","","","","","","","","","","","",
"576","五雷神機","IT_05","1|2|3|4","","","","","","","","","1","","","","","","","","","","","","","","","","","","","","","","","","","","","","396","","",
"577","紅花木劍","IT_09","","","","","","","","","","","","","","","","","","","","","","","","","","","","","","","","","","","","","","","","",
"578","中國劍","IT_09","1","","","","","","","","","","600","15","250","8061","","","","","","","","","","3","","","40","-1","","","","","","","","","","163","","",
"579","月牙劍","IT_09","1","","","","","","","Y","","","650","10","200","8080","","","","","","","","","","2","","","50","1","","","","","","","","","","167","","",
"580","軒轅劍","IT_06|IT_09","1","","","","","","","","","","","10","10","8151","","","","2","2","2","","","","","","","590","","","","","","","","","","","238","","",
"621","藥草","IT_13","1|2|3|4","","","","","","","","Y","4","20","","","","","","","50","","","","","","","","","","","","","","","","","","","","15","","",
"622","結纍葡萄","IT_13","1|2|3|4","","","","","","","","","4","50","","","","","","","100","","","","","","","","","","","","","","","","","","","","15","","",
"623","聖石榴","IT_13","1|2|3|4","","","512","","","","","","4","300","","","","","","","30","","","","","","","","","","","","","","","","","","","","15","","",
"624","無酵餅","IT_13","1|2|3|4","","","","","","","","","4","30","","","","","","","","","60","","","","","","","","","","","","","","","","","","15","","",
"625","回復劑","IT_13","1|2|3|4","","","","","","","","","4","100","","","","","","","200","","","","","","","","","","","","","","","","","","","","15","","",
"626","十果粉","IT_13","1|2|3|4","","","","","","","","","4","80","","","","","","","","","120","","","","","","","","","","","","","","","","","","15","","",
"627","魔貝粉","IT_13","1|2|3|4","","","","","","","","","4","250","","","","","","","300","","","","","","","","","","","","","","","","","","","","15","","",
"628","金創藥","IT_13","1|2|3|4","","","","","","","","","4","500","","","","","","","1000","","","","","","","","","","","","","","","","","","","","15","","",
"629","精華藥水","IT_13","1|2|3|4","","","","","","","","","4","200","","","","","","","100","","50","","","","","","","","","","","","","","","","","","15","","",
"630","嘉果","IT_13","1|2|3|4","","","512","","","","","","4","400","","","","","","","50","","50","","","","","","","","","","","","","","","","","","15","","",
"631","鹿茸膏","IT_13","1|2|3|4","","","","","","","","","4","800","","","","","","","3000","","","","","","","","","","","","","","","","","","","","15","","",
"632","蟠桃","IT_13","1|2|3|4","","","512","","","","","","4","3000","","","","","","","100","","","","","","","","","","","","","","","","","","","","21","","",
"633","千年何首烏","IT_13","1|2|3|4","","","512","","","","","","4","1800","","","","","","","50","","","","","","","","","","","","","","","","","","","","21","","",
"634","千年蔘心丹","IT_13","1|2|3|4","","","512","","","","","","4","1300","","","","","","","100","","","","","","","","","","","","","","","","","","","","15","","",
"635","麒麟竭","IT_13","1|2|3|4","","","512","","","","","","4","1200","","","","","","","","","100","","","","","","","","","","","","","","","","","","15","","",
"636","魔法葉","IT_13","1|2|3|4","","","","","","","","","4","50","","","","","","","","50","","","","","","","","","","","","","","","","","","","15","","",
"637","魔晶粉","IT_13","1|2|3|4","","","","","","","","","4","150","","","","","","","","60","","","","","","","","","","","","","","","","","","","21","","",
"638","魔力水","IT_13","1|2|3|4","","","","","","","","","4","250","","","","","","","","150","","","","","","","","","","","","","","","","","","","15","","",
"639","還靈丹","IT_13","1|2|3|4","","","","","","","","","4","500","","","","","","","","350","","","","","","","","","","","","","","","","","","","15","","",
"640","靈神天藥","IT_13","1|2|3|4","","","","","","","","","4","800","","","","","","","","600","","","","","","","","","","","","","","","","","","","15","","",
"641","仙爐灰","IT_13","1|2|3|4","","","512","","","","","","4","1500","","","","","","","","50","","","","","","","","","","","","","","","","","","","21","","",
"642","仙魄香","IT_13","1|2|3|4","","","512","","","","","","4","3000","","","","","","","","100","","","","","","","","","","","","","","","","","","","21","","",
"643","天山雪蓮","IT_13","1|2|3|4","","","512","","","","","","4","2000","","","","","","","","100","","","","","","","","","","","","","","","","","","","15","","",
"644","還魄丹","IT_01|IT_13","1|2|3|4","","","","","","","","","4","120","","","","","","","200","","","","","","","","","","","","","","","","","","","","20","","",
"645","輪迴盤","IT_01|IT_13","1|2|3|4","","","512","","","","","","4","800","","","","","","","60","","","","","","","","","","","","","","","","","","","","20","","",
"646","仙蓮子","IT_01|IT_13","1|2|3|4","","","512","","","","","","4","1500","","","","","","","100","100","100","","","","","","","","","","","","","","","","","","20","","",
"647","解毒草","IT_01","1|2|3|4","","","","","","","","","1","35","","","","","","","","","","","","","","","","","","","","","","","","","","","16","","",
"648","解病萬靈丹","IT_01","1|2|3|4","","","","","","","","","1","120","","","","","","","","","","","","","","","","","","","","","","","","","","","299","","",
"649","解僵針","IT_01","1|2|3|4","","","","","","","","","1","50","","","","","","","","","","","","","","","","","","","","","","","","","","","104","","",
"650","柴胡乾葛草","IT_13","1|2|3|4","","","","","","","","","4","200","","","","","","","","","300","","","","","","","","","","","","","","","","","","15","","",
"651","溶石藥劑","IT_01","1|2|3|4","","","","","","","","","1","80","","","","","","","","","","","","","","","","","","","","","","","","","","","47","","",
"652","五色石南葉","IT_01","1|2|3|4","","","","","","","","","4","450","","","","","","","","","800","","","","","","","","","","","","","","","","","","15","","",
"653","還神果","IT_01","1|2|3|4","","","","","","","","","1","50","","","","","","","","","","","","","","","","","","","","","","","","","","","48","","",
"654","茴香水","IT_01","1|2|3|4","","","","","","","","","1","200","","","","","","","","","","","","","","","","","","","","","","","","","","","293","","",
"655","定心丸","IT_01","1|2|3|4","","","","","","","","","1","70","","","","","","","","","","","","","","","","","","","","","","","","","","","66","","",
"656","安神定志丸","IT_01","1|2|3|4","","","","","","","","","1","300","","","","","","","","","","","","","","","","","","","","","","","","","","","327","","",
"657","聖言石","IT_01","1|2|3|4","","","","","","","","","1","100","","","","","","","","","","","","","","","","","","","","","","","","","","","247","","",
"658","破元仙露","IT_01","1|2|3|4","","","","","","","","","1","400","","","","","","","","","","","","","","","","","","","","","","","","","","","328","","",
"659","明目水","IT_01","1|2|3|4","","","","","","","","","1","60","","","","","","","","","","","","","","","","","","","","","","","","","","","67","","",
"660","決明子散","IT_01","1|2|3|4","","","","","","","","","1","250","","","","","","","","","","","","","","","","","","","","","","","","","","","329","","",
"661","七葉蓮","IT_01","1|2|3|4","","","","","","","","","4","350","","","","","","","","","","","","","","","","","","","","","","","","","","","310","","",
"662","河車丸","IT_01","1|2|3|4","","","","","","","","","1","430","","","","","","","","","","","","","","","","","","","","","","","","","","","311","","",
"663","地脈血泉","IT_01","1|2|3|4","","","","","","","","","1","600","","","","","","","","","","","","","","","","","","","","","","","","","","","22","","",
"664","青色藥材","IT_02","1|2|3|4","","","","","","","","","","","","","","","","","","","","","","","","","","","","","","","","","","","","","","","",
"665","赤色藥材","IT_02","1|2|3|4","","","","","","","","","","","","","","","","","","","","","","","","","","","","","","","","","","","","","","","",
"666","黃色藥材","IT_02","1|2|3|4","","","","","","","","","","","","","","","","","","","","","","","","","","","","","","","","","","","","","","","",
"667","白色藥材","IT_02","1|2|3|4","","","","","","","","","","","","","","","","","","","","","","","","","","","","","","","","","","","","","","","",
"668","黑色藥材","IT_02","1|2|3|4","","","","","","","","","","","","","","","","","","","","","","","","","","","","","","","","","","","","","","","",
"669","耶穌聖血","IT_03","1|2|3|4","","","256","","","","","","2","200","","","","","","","10","","","","","","","","","","","","","","","","","","","","","","",
"670","香柏葉","IT_03","1|2|3|4","","","256","","","","","","2","1500","","","","","","","","","","10","","","","","","","","","","","","","","","","","","","",
"671","豐饒之角","IT_03","1|2|3|4","","","256","","","","","","2","800","","","","","","","","","50","","","","","","","","","","","","","","","","","","","","",
"672","神奇麵包","IT_03","1|2|3|4","","","256","","","","","","2","500","","","","","","","30","","","","","","","","","","","","","","","","","","","","","","",
"673","蜜乳樹汁","IT_03","1|2|3|4","","","256","","","","","","2","400","","","","","","","","","20","","","","","","","","","","","","","","","","","","","","",
"674","妖精麥粉","IT_03","1|2|3|4","","","256","","","","","","2","400","","","","","","","","20","","","","","","","","","","","","","","","","","","","","","",
"675","巴丹杏仁","IT_03","1|2|3|4","","","256","","","","","","2","800","","","","","","","","","","","","","2","","","","","","","","","","","","","","","","",
"676","歌唱的胡桃","IT_03","1|2|3|4","","","256","","","","","","2","2000","","","","","","","","","","","10","","","","","","","","","","","","","","","","","","",
"677","瑰麗之梨","IT_03","1|2|3|4","","","256","","","","","","2","800","","","","","","","","","","","","5","","","","","","","","","","","","","","","","","",
"678","魔法精羽","IT_03","1|2|3|4","","","256","","","","","","2","1000","","","","","","","","","","","","","3","","","","","","","","","","","","","","","","",
"679","飛翔魔油","IT_03","1|2|3|4","","","256","","","","","","2","1800","","","","","","","","","","","","","5","","","","","","","","","","","","","","","","",
"680","布斯客餅乾","IT_03","1|2|3|4","","","256","","","","","","2","","","","","","","","","","","","","","","","","","","","","","","","","","","","","","",
"681","不老之泉水","IT_03","1|2|3|4","","","256","","","","","","2","1000","","","","","","","","","","","5","","","","","","","","","","","","","","","","","","",
"682","春神青果","IT_03","1|2|3|4","","","256","","","","","","2","","","","","","","","","","","","","","","","","","","","","","","","","","","","","","",
"683","人馬獸之血","IT_03","1|2|3|4","","","256","","","","","","2","800","","","","","","","","","","5","","","","","","","","","","","","","","","","","","","",
"684","黃金蘋果","IT_03","1|2|3|4","","","256","","","","","","2","1000","","","","","","","","50","","","","","","","","","","","","","","","","","","","","","",
"685","密茹之水","IT_03","1|2|3|4","","","256","","","","","","2","1500","","","","","","","","","","","","10","","","","","","","","","","","","","","","","","",
"686","里納種子","IT_03","1|2|3|4","","","256","","","","","","2","500","","","","","","","","","","","","","1","","","","","","","","","","","","","","","","",
"687","三葉雪桑果","IT_03","1|2|3|4","","","256","","","","","","2","1200","","","","","","","100","","","","","","","","","","","","","","","","","","","","","","",
"688","蜂王露","IT_03","1|2|3|4","","","256","","","","","","2","1500","","","","","","","","","","10","","","","","","","","","","","","","","","","","","","",
"689","活靈芝","IT_03","1|2|3|4","","","256","","","","","","2","1200","","","","","","","","","100","","","","","","","","","","","","","","","","","","","","",
"690","舍利子","IT_03","1|2|3|4","","","256","","","","","","2","1200","","","","","","","","100","","","","","","","","","","","","","","","","","","","","","",
"691","活骨靈藥","IT_03","1|2|3|4","","","256","","","","","","2","1800","","","","","","","30","30","30","","","","","","","","","","","","","","","","","","","","",
"692","神木之精","IT_03","1|2|3|4","","","","","","","","","2","1500","","","","","","","","","","","10","","","","","","","","","","","","","","","","","","",
"693","玉山佛甲草","IT_03","1|2|3|4","","","256","","","","","","2","1200","","","","","","","","","","","","10","","","","","","","","","","","","","","","","","",
"694","普刺特草","IT_03","1|2|3|4","","","","","","","","","","","","","","","","","","","","","","","","","","","","","","","","","","","","","","","",
"695","七合龍爪花","IT_03","1|2|3|4","","","256","","","","","","2","3000","","","","","","","100","100","100","","","","","","","","","","","","","","","","","","","","",
"696","土地神符","IT_04","1|2|3|4","","","","","","","","","2","80","","","","","","","","","","","","","","","","","","","","","","","","","","","","","","FN_DungeonEscape=true"
"697","祠符","IT_04","1|2|3|4","","","","","","","","","2","120","","","","","","","","","","","","","","","","","","","","","","","","","","","","","","FN_CityTeleport=true"
"698","諸方神石","IT_04","1|2|3|4","","","","","","","","","2","50","","","","","","","","","","","","","","","","","","","","","","","","","","","","","","FN_DungeonEscape=true"
"699","昊天鏡","IT_04","1|2|3|4","","","","","","","","","","","","","","","","","","","","","","","","","","","","","","","","","","","","","","","",
"700","真實之鏡","IT_04","1|2|3|4","","","","","","","","","1","350","","","","","","","","","","","","","","","","","","","","","","","","","","","","","",
"701","天仙酒","IT_03","1|2|3|4","","","","","","","","","1","500","","","","","","","","","","","","","","","","","","","","","","","","","","","70","","",
"702","金元五體丹","IT_03","1|2|3|4","","","","","","","","","1","500","","","","","","","","","","","","","","","","","","","","","","","","","","","330","","",
"703","靈樞玉液","IT_03","1|2|3|4","","","","","","","","","1","800","","","","","","","","","","","","","","","","","","","","","","","","","","","331","","",
"704","風神符","IT_03","1|2|3|4","","","","","","","","","1","500","","","","","","","","","","","","","","","","","","","","","","","","","","","143","","",
"705","聖光儀","IT_04","1|2|3|4","","","","","","","","","2","","","","","","","","","","","","","","","","","","","","","","","","","","","","","","",
"706","玉佛印","IT_04","1|2|3|4","","","","","","","","","2","","","","","","","","","","","","","","","","","","","","","","","","","","","","","","",
"707","遁影浮沙","IT_03","1|2|3|4","","","","","","","","","1","300","","","","","","","","","","","","","","","","","","","","","","","","","","","280","","",
"708","羅漢袈裟","IT_03","1|2|3|4","","","","","","","","","1","","","","","","","","","","","","","","","","","","","","","","","","","","","","266","","",
"709","紫玉冰晶","IT_03","1|2|3|4","","","","","","","","","1","","","","","","","","","","","","","","","","","","","","","","","","","","","","267","","",
"710","炎陽靈珠","IT_03","1|2|3|4","","","","","","","","","1","","","","","","","","","","","","","","","","","","","","","","","","","","","","268","","",
"711","白皙葫蘆","IT_03","1|2|3|4","","","","","","","","","1","","","","","","","","","","","","","","","","","","","","","","","","","","","","269","","",
"712","羅剎食日鈸","IT_03","1|2|3|4","","","","","","","","","1","","","","","","","","","","","","","","","","","","","","","","","","","","","","270","","",
"713","三教霞光鏡","IT_03","1|2|3|4","","","","","","","","","1","","","","","","","","","","","","","","","","","","","","","","","","","","","","271","","",
"714","九龍神火罩","IT_03","1|2|3|4","","","","","","","","","1","","","","","","","","","","","","","","","","","","","","","","","","","","","","272","","",
"715","雲生碧燄巾","IT_03","1|2|3|4","","","","","","","","","1","","","","","","","","","","","","","","","","","","","","","","","","","","","","273","","",
"716","天雷聚陽鼎","IT_03","1|2|3|4","","","","","","","","","1","","","","","","","","","","","","","","","","","","","","","","","","","","","","274","","",
"717","暗黑修羅砧","IT_03","1|2|3|4","","","","","","","","","1","","","","","","","","","","","","","","","","","","","","","","","","","","","","275","","",
"718","龍舌蘭","IT_05","1|2|3|4","","","","","","","","","1","50","","","","","","","","","","","","","","","","","","","","","","","","","","","10","","",
"719","博落迴之根","IT_05","1|2|3|4","","","","","","","","","1","60","","","","","","","","","","","","","","","","","","","","","","","","","","","49","","",
"720","囚燕草","IT_05","1|2|3|4","","","","","","","","","1","100","","","","","","","","","","","","","","","","","","","","","","","","","","","50","","",
"721","海檬果","IT_05","1|2|3|4","","","","","","","","","1","100","","","","","","","","","","","","","","","","","","","","","","","","","","","51","","",
"722","山蛇莓","IT_05","1|2|3|4","","","","","","","","","1","50","","","","","","","","","","","","","","","","","","","","","","","","","","","52","","",
"723","龍骨木","IT_05","1|2|3|4","","","","","","","","","1","100","","","","","","","","","","","","","","","","","","","","","","","","","","","53","","",
"724","相思芽苞","IT_05","1|2|3|4","","","","","","","","","1","80","","","","","","","","","","","","","","","","","","","","","","","","","","","54","","",
"725","紫藤葉","IT_05","1|2|3|4","","","","","","","","","1","80","","","","","","","","","","","","","","","","","","","","","","","","","","","55","","",
"726","延胡索之花","IT_05","1|2|3|4","","","","","","","","","1","60","","","","","","","","","","","","","","","","","","","","","","","","","","","56","","",
"727","大葉合歡散","IT_05","1|2|3|4","","","","","","","","","1","80","","","","","","","","","","","","","","","","","","","","","","","","","","","57","","",
"728","菟絲魔子","IT_05","1|2|3|4","","","","","","","","","1","","","","","","","","","","","","","","","","","","","","","","","","","","","","58","","",
"729","神祕果","IT_04","1|2|3|4","","","","","","","","","2","","","","","","","","","","","","","","","","","","","","","","","","","","","","","","","FN_AnywhereSave=true"
"730","中國陶器","IT_06|IT_08","1","","","","","","","","","","","","","","","","","","","","","","","","","","","","","","","","","","","","","","","",
"731","煉妖壺","IT_06|IT_08","1","","","","","","","","","2","","","","","","","","","","","","","","","","","","","","","","","","","","","","","","","FN_RefiningPot=true"
"732","清水","IT_06","1|2|3|4","","","","","","","","","","","","","","","","","","","","","","","","","","","","","","","","","","","","","","","",
"733","希臘火","","","","","","","","","","","","","","","","","","","","","","","","","","","","","","","","","","","","","","","","","",
"734","化形丹","","","","","","","","","","","","","","","","","","","","","","","","","","","","","","","","","","","","","","","","","",
"735","雷震鼓","","","","","","","","","","","","","","","","","","","","","","","","","","","","","","","","","","","","","","","","","",
"736","赤龍鱗","","","","","","","","","","","","","","","","","","","","","","","","","","","","","","","","","","","","","","","","","",
"737","五彩霧環","","","","","","","","","","","","","","","","","","","","","","","","","","","","","","","","","","","","","","","","","",
"738","凝水玉","","","","","","","","","","","","","","","","","","","","","","","","","","","","","","","","","","","","","","","","","",
"739","喪妖金鐘","","","","","","","","","","","","","","","","","","","","","","","","","","","","","","","","","","","","","","","","","",
"740","辟邪絲","","","","","","","","","","","","","","","","","","","","","","","","","","","","","","","","","","","","","","","","","",
"741","閻羅鎚","","","","","","","","","","","","","","","","","","","","","","","","","","","","","","","","","","","","","","","","","",
"742","九寸塔","","","","","","","","","","","","","","","","","","","","","","","","","","","","","","","","","","","","","","","","","",
"743","乾天神珠","","","","","","","","","","","","","","","","","","","","","","","","","","","","","","","","","","","","","","","","","",
"744","坤地魔珠","","","","","","","","","","","","","","","","","","","","","","","","","","","","","","","","","","","","","","","","","",
"745","玄冰石","","","","","","","","","","","","","","","","","","","","","","","","","","","","","","","","","","","","","","","","","",
"746","盤古眼","","","","","","","","","","","","","","","","","","","","","","","","","","","","","","","","","","","","","","","","","",
"747","陀螺燭","","","","","","","","","","","","","","","","","","","","","","","","","","","","","","","","","","","","","","","","","",
"748","龍吟葫蘆","","","","","","","","","","","","","","","","","","","","","","","","","","","","","","","","","","","","","","","","","",
"749","掌心雷","","","","","","","","","","","","","","","","","","","","","","","","","","","","","","","","","","","","","","","","","",
"750","蜃氣匣","","","","","","","","","","","","","","","","","","","","","","","","","","","","","","","","","","","","","","","","","",
"751","VR頭盔","IT_06|IT_08","1|2|3|4","","","","","","","","","2","","","","","","","","","","","","","","","","","","","","","","","","","","","","","","",
"752","波西頓海螺","IT_06|IT_08","","","","","","","","","","2","","","","","","","","","","","","","","","","","","","","","","","","","","","","","","",
"753","手錶","IT_08|IT_11","1|2|3|4","","","","","","","","","2","","","","","","","","","","","","","","","","","","","","","","","","","","","","","","",
"754","PDA","IT_06|IT_08","1|2|3|4","","","","","","","","","2","","","","","","","","","","","","","","","","","","","","","","","","","","","","","","",
"755","貓腦醬","","1|2|3|4","","","","","","","","","1","","","","","","","","","","","","","","","","","","","","","","","","","","","","","","",
"756","紅花蘿蔔","IT_01|IT_13","","","","","","","","","","4","","","","","","","","","","","","","","","","","","","","","","","","","","","","","","",
"757","神光終端機","","","","","","","","","","","1","","","","","","","","","","","","","","","","","","","","","","","","","","","","","","",
"758","大補帖","","1|2|3|4","","","","","","","","","1","","","","","","","","","","","","","","","","","","","","","","","","","","","","","","",
"759","阿貓阿狗","","","","","","","","","","","1","","","","","","","","","","","","","","","","","","","","","","","","","","","","","","",
"760","軒轅劍貳","","","","","","","","","","","1","","","","","","","","","","","","","","","","","","","","","","","","","","","","","","",
"761","軒轅劍外傳","","","","","","","","","","","1","","","","","","","","","","","","","","","","","","","","","","","","","","","","","","",
"762","大米娃娃","IT_05|IT_06|IT_08","1|2|3|4","","","","150","","Y","","","1","","","","","","","","","","","","","","","","","","","","","","","","","","","","458","","",
"763","貓狗戰鬥牌","","","","","","","","","","","","","","","","","","","","","","","","","","","","","","","","","","","","","","","","","",
"764","密道鑰匙","IT_06","1|2|3|4","","","","","","","","","","","","","","","","","","","","","","","","","","","","","","","","","","","","","","","",
"765","航海圖","IT_06","1|2|3|4","","","","","","","","","","","","","","","","","","","","","","","","","","","","","","","","","","","","","","","",
"766","紅寶石戒指","IT_06","","","","","","","","","","","50","","","","","","","","","","","","","","","","","","","","","","","","","","","","","",
"767","珍珠","IT_06","","","","","","","","","","","100","","","","","","","","","","","","","","","","","","","","","","","","","","","","","",
"768","空白符紙","IT_28","","","","","","","","","","1","","","","","","","","","","","","","","","","","","","","","","","","","","","","","","","FN_EmptyTalisman=true"
"769","靈界指標","IT_06","1|2|3|4","","","","","","","","","2","","","","","","","","","","","","","","","","","","","","","","","","","","","","","","","FN_Compass=true"
"770","六芒星陣","IT_06","1|2|3|4","","","","","","","","","","","","","","","","","","","","","","","","","","","","","","","","","","","","","","","",
"771","封神壇","IT_06","1|2|3|4","","","","","","","","","","","","","","","","","","","","","","","","","","","","","","","","","","","","","","","",
"772","魔晶礦Ａ","IT_06","1|2|3|4","","","","","","","","","","","","","","","","","","","","","","","","","","","","","","","","","","","","","","","",
"773","魔晶礦Ｂ","IT_06","1|2|3|4","","","","","","","","","","","","","","","","","","","","","","","","","","","","","","","","","","","","","","","",
"774","魔晶礦Ｃ","IT_06","1|2|3|4","","","","","","","","","","","","","","","","","","","","","","","","","","","","","","","","","","","","","","","",
"775","魔晶礦Ｄ","IT_06","1|2|3|4","","","","","","","","","","","","","","","","","","","","","","","","","","","","","","","","","","","","","","","",
"776","機關設計圖１","IT_06","","","","","","","","","","","","","","","","","","","","","","","","","","","","","","","","","","","","","","","","",
"777","機關設計圖２","IT_06","","","","","","","","","","","","","","","","","","","","","","","","","","","","","","","","","","","","","","","","",
"778","機關設計圖３","IT_06","","","","","","","","","","","","","","","","","","","","","","","","","","","","","","","","","","","","","","","","",
"779","機關設計圖４","IT_06","","","","","","","","","","","","","","","","","","","","","","","","","","","","","","","","","","","","","","","","",
"780","機關設計圖５","IT_06","","","","","","","","","","","","","","","","","","","","","","","","","","","","","","","","","","","","","","","","",
"781","機關設計圖６","IT_06","","","","","","","","","","","","","","","","","","","","","","","","","","","","","","","","","","","","","","","","",
"782","神津珍譜─壹","IT_06","","","","","","","","","","","","","","","","","","","","","","","","","","","","","","","","","","","","","","","","",
"783","神津珍譜─貳","IT_06","","","","","","","","","","","","","","","","","","","","","","","","","","","","","","","","","","","","","","","","",
"784","神津珍譜─參","IT_06","","","","","","","","","","","","","","","","","","","","","","","","","","","","","","","","","","","","","","","","",
"785","神津珍譜─肆","IT_06","","","","","","","","","","","","","","","","","","","","","","","","","","","","","","","","","","","","","","","","",
"786","神津珍譜─伍","IT_06","","","","","","","","","","","","","","","","","","","","","","","","","","","","","","","","","","","","","","","","",
"787","冥海神石","IT_06|IT_08","","","","","","","","","","","","","","","","","","","","","","","","","","","","","","","","","","","","","","","","",
"788","水晶鏡","IT_06|IT_08","","","","","","","","","","","","","","","","","","","","","","","","","","","","","","","","","","","","","","","","",
"789","鑰匙","IT_06","","","","","","","","","","","","","","","","","","","","","","","","","","","","","","","","","","","","","","","","",
"790","鎖匙","IT_06","","","","","","","","","","","","","","","","","","","","","","","","","","","","","","","","","","","","","","","","",
"791","波希頓石像","IT_06","","","","","","","","","","","","","","","","","","","","","","","","","","","","","","","","","","","","","","","","",
"792","神魔異事錄","IT_06|IT_08","1","","","","","","","","","2","","","","","","","","","","","","","","","","","","","","","","","","","","","","","","","FN_EnemyDataBook=true"
"793","封印之劍","IT_06|IT_09","1","","","","","","","","","","","380","2800","8061","","","","1","1","1","","","","","","","20","","","","","","","","","","","128","","",
"794","紅酒","IT_03","1|2|3|4","","","","15","","Y","","","1","250","","","","","","","","","","","","","-2","","","5","","","","","","","","","","","15","","",
"795","圓珠","IT_06","1|2|3|4","","","","","","","","","","","","","","","","","","","","","","","","","","","","","","","","","","","","","","","",
"796","太極圖","IT_06","1|2|3|4","","","","","","","","","","","","","","","","","","","","","","","","","","","","","","","","","","","","","","","",
"797","天扇","IT_06","1|2|3|4","","","","","","","","","","","","","","","","","","","","","","","","","","","","","","","","","","","","","","","",
"798","控屍符","IT_06","1|2|3|4","","","","","","","","","","","","","","","","","","","","","","","","","","","","","","","","","","","","","","","",
"799","暗黑修羅砧","IT_06","","","","","","","","","","","","","","","","","","","","","","","","","","","","","","","","","","","","","","","","",
"800","舍利子","IT_06","1|2|3|4","","","","","","","","","","","","","","","","","","","","","","","","","","","","","","","","","","","","","","","",
"801","樂樂娃娃","IT_05|IT_06|IT_08","1|2|3|4","","","","200","","Y","","","1","","","","","","","","","","","","","","","","","","","","","","","","","","","","459","","",
"802","貓王娃娃","IT_05|IT_06|IT_08","1|2|3|4","","","","150","","Y","","","1","","","","","","","","","","","","","","","","","","","","","","","","","","","","460","","",
"803","黃金戰艦娃娃","IT_05","","","","","","","","","","","","","","","","","","","","","","","","","","","","","","","","","","","","","","","","",
"804","真夢娃娃","IT_06|IT_08|IT_13","1|2|3|4","","","","300","","Y","","","1","","","","","","","","4000","","","","","","","","","","","","","","","","","","","","461","","",
"805","紅珊瑚娃娃","IT_05|IT_06|IT_08","1|2|3|4","","","","150","","Y","","","1","","","","","","","","","","","","","","","","","","","","","","","","","","","","462","","",
"806","假煉妖壺","IT_06","1","","","","","","","","","","","","","","","","","","","","","","","","","","","","","","","","","","","","","","","",
"807","天山通行符","IT_06","1|2|3|4","","","","","","","","","","","","","","","","","","","","","","","","","","","","","","","","","","","","","","","",
"808","黃金書","IT_06","1","","","","","","","","","","","","","","","","","","","","","","","","","","","","","","","","","","","","","","","",
"809","解石化符","IT_06","1","","","","","","","","","","","","","","","","","","","","","","","","","","","","","","","","","","","","","","","",
"810","起兵計劃書","IT_06","1","","","","","","","","","","","","","","","","","","","","","","","","","","","","","","","","","","","","","","","",
"811","安祿山軍令","IT_06","1","","","","","","","","","","","","","","","","","","","","","","","","","","","","","","","","","","","","","","","",
"812","硝石","IT_06","1","","","","","","","","","","","","","","","","","","","","","","","","","","","","","","","","","","","","","","","",
"813","硫磺","IT_06","1","","","","","","","","","","","","","","","","","","","","","","","","","","","","","","","","","","","","","","","",
"814","炭粉","IT_06","1","","","","","","","","","","","","","","","","","","","","","","","","","","","","","","","","","","","","","","","",
"815","炸藥","IT_06","1|2|3|4","","","","","","","","","","","","","","","","","","","","","","","","","","","","","","","","","","","","","","","",
"816","竹筒","IT_06","1|2|3|4","","","","","","","","","","","","","","","","","","","","","","","","","","","","","","","","","","","","","","","",
"817","金塊","IT_04","1|2|3|4","","","","","","","","","","1667","","","","","","","","","","","","","","","","","","","","","","","","","","","","","",
"818","魚酥","IT_06","1","","","","","","","","","","","","","","","","","","","","","","","","","","","","","","","","","","","","","","","",
"819","名歌星ＣＤ","IT_06","1","","","","","","","","","","","","","","","","","","","","","","","","","","","","","","","","","","","","","","","",
"820","增肥劑","IT_06","1","","","","","","","","","","","","","","","","","","","","","","","","","","","","","","","","","","","","","","","",
"821","俱樂部會員卡","IT_06","1","","","","","","","","","","","","","","","","","","","","","","","","","","","","","","","","","","","","","","","",
"822","改裝車","IT_06","1","","","","","","","","","","","","","","","","","","","","","","","","","","","","","","","","","","","","","","","",
"823","多魔遊戲軟體","IT_06","1","","","","","","","","","","","","","","","","","","","","","","","","","","","","","","","","","","","","","","","",
"824","玫瑰","IT_06","1|2|3|4","","","","","","","","","","","","","","","","","","","","","","","","","","","","","","","","","","","","","","","",
"825","茉莉花","IT_06","1|2|3|4","","","","","","","","","","","","","","","","","","","","","","","","","","","","","","","","","","","","","","","",
"826","薰衣草","IT_06","1|2|3|4","","","","","","","","","","","","","","","","","","","","","","","","","","","","","","","","","","","","","","","",
"827","人像圖冊","IT_06","1","","","","","","","","","","","","","","","","","","","","","","","","","","","","","","","","","","","","","","","",
"828","水果","IT_06","1","","","","","","","","","","","","","","","","","","","","","","","","","","","","","","","","","","","","","","","",
"829","魯特琴","IT_06","1|2|3|4","","","","","","","","","","300","","","","","","","","","","","","","","","","","","","","","","","","","","","","","",
"830","坦普拉琴","IT_06","1|2|3|4","","","","","","","","","","500","","","","","","","","","","","","","","","","","","","","","","","","","","","","","",
"831","琵琶","IT_06","1|2|3|4","","","","","","","","","","","","","","","","","","","","","","","","","","","","","","","","","","","","","","","",
"832","味仙認可證","IT_06","1|2","","","","","","","","","","","","","","","","","","","","","","","","","","","","","","","","","","","","","","","",
"833","簽名板","IT_06","1|2|3|4","","","","","","","","","","","","","","","","","","","","","","","","","","","","","","","","","","","","","","","",
"834","軒轅劍","IT_05|IT_06|IT_08","1","","","","400","","Y","","","1","","","","","","","","","","","","","","","","","","","","","","","","","","","","394","","",
"835","DOMO神打功","IT_05|IT_06|IT_08","1|2|3|4","","","","1","Y","","","","1","","","","","","","","","","","","","","","","","","","","","","","","","","","","469","","",
"851","胸甲","IT_10|IT_31","1|4","","","","","","","","","","50","","","","","","","","","","","","","1","","","","6","","","","","","","","","","","","",
"852","鎖子甲","IT_10|IT_31","1|4","","","","","","","","","","120","","","","","","","","","","","","","","","","","15","","","","","","","","","","","","",
"853","聖皇之鎧","IT_10|IT_31","1","","","","","","","","","","250","","","","","","","","","","","","","2","","","","20","","","","","","","","","","","","",
"854","鎖鎧","IT_10|IT_31","1|4","","","","","","","","","","200","","","","","","","","","","","","","-2","","","","18","","","","","","","","","","","","",
"855","甲冑","IT_10|IT_31","1|2|3|4","","","","","","","","","","80","","","","","","","","","","","","","","","","","10","","","","","","","","","","","","",
"856","片葉鎧","IT_10|IT_31","1|4","","","","","","","","","","350","","","","","","","","","","","","","2","","","5","16","","","","","","","","","","","","",
"857","癒傷之鎧","IT_10|IT_31","1|4","","","","","","","","","","680","","","","","","","5","","","","","","","","","","42","","","","","","","","","","","","",
"858","紫堂殼","IT_10|IT_31","1|4","","","","","","","","","","","","","","","","","","","","","","","5","","","3","88","","","","","","","","","","","","",
"859","啻浪奇甲","IT_10|IT_31","1","","","","","","","","","","1500","","","","","","","","2","","","","","","","","","80","","","","","","","","","","","","",
"860","思潮之袍","IT_10|IT_31","1|4","","","","","","","","","","380","","","","","","","","","","","","","","","1","2","35","","","","","","","","","","","","",
"861","天珠武鎧","IT_10|IT_31","4","","","","","","","","","","3000","","","","","","","2","2","2","","","","-2","","","2","85","","","","","","","","","","","","",
"862","龍鬚衣","IT_10|IT_31","4","","","","","","","","","","2800","","","","","","","","","","","","","","","","","110","","","","","","","","","","","","",
"863","銀絲戰袍","IT_10|IT_31","1|2|3|4","","","","","","","","","","1000","","","","","","","","","","","","","","","","3","68","","","","","","","","","","","","",
"864","烏蠶衣","IT_10|IT_31","1|2|3|4","","","","","","","","","","700","","","","","","","","","","","","","2","","","","55","","","","","","","","","","","","",
"865","天兵戰袍","IT_10|IT_31","1|4","","","","","","","","","","","","","","","","","","","","","","","","","","","","","","","","","","","","","","","",
"866","精鐵蠻甲","IT_10|IT_31","1|4","","","","","","","","","","1500","","","","","","","","","","","","","-6","","","","90","","","","","","","","","","","","",
"867","蒼蟒錦衣","IT_10|IT_31","1|4","","","","","","","","","","2300","","","","","","","","","","","","","3","","","-2","100","","","","","","","","","","","","",
"868","泥蚣袍","IT_10|IT_31","1|4","","","","","","","","","","3000","","","","","","","","","","","","","-3","","","2","72","-2","-2","-2","-2","-2","-2","-2","-6","","","","",
"869","冥妖戰甲","IT_10|IT_31","1","","","","","","","","","","","","","","","","","","","","","","","2","","","","130","","","","","","","-4","","","","","",
"870","星狼雲鎧","IT_10|IT_31","1","","","","","","","","","","3500","","","","","","","","","","","","","","","","5","128","","","","","","","","","","","","",
"871","九龍雲生冑","IT_10|IT_31","4","","","","","","","","","","","","","","","","","","","","","","","-3","","","8","140","","","","","","-6","","","","","","",
"872","皮手套","IT_10|IT_30","1|2|3|4","","","","","","","","","","30","","","","","","","","","","","","","","","","","2","","","","","","","","","","","","",
"873","鐵鎖手套","IT_10|IT_30","1|4","","","","","","","","","","50","","","","","","","","","","","","","","","","","4","","","","","","","","","","","","",
"874","鐵手套","IT_10|IT_30","1|4","","","","","","","","","","70","","","","","","","","","","","","","-2","","","","5","","","","","","","","","","","","",
"875","鋼手套","IT_10|IT_30","1|4","","","","","","","","","","100","","","","","","","","","","","","","","","","","6","","","","","","","","","","","","",
"876","聖皇手套","IT_10|IT_30","1","","","","","","","","","","200","","","","","","","","","","","","","2","","","","8","","","","","","","","","","","","",
"877","波塞頓手套","IT_10|IT_30","1","","","","","","","","","","","","","","","","","","","","","","","","","","","","","","","","","","","","","","","",
"878","掃羅手套","IT_10|IT_30","1|4","","","256","","","","","","","300","","","","","","","10","","","","","","","","","","12","","","","","","","","","","","","",
"879","地痞手套","IT_10|IT_30","1|4","","","","","","","","","","","","","","","","","","","","","","","8","","","10","28","","","","","","","","","","","","",
"880","冰晶腕","IT_10|IT_30","1|2|3|4","","","","","","","","","","1500","","","","","","","","","","","","","-3","","","6","38","-2","","","","","","","","","","","",
"881","青電臂","IT_10|IT_30","1|2|3|4","","","","","","","","","","1000","","","","","","","","","","","","","6","","","-2","33","","","","","","","","","","","","",
"882","仙風膀","IT_10|IT_30","4","","","","","","","","","","1800","","","","","","","","","","","","","","","","","46","","","","","","","-4","","","","","",
"883","烏蠶手套","IT_10|IT_30","1|2|3|4","","","","","","","","","","420","","","","","","","","","","","","","1","","","","16","","","","","","","","","","","","",
"884","靈蛇手套","IT_10|IT_30","1|2|3|4","","","","","","","","","","1200","","","","","","","","","","","","","2","","","-3","40","","","","","","","","","","","","",
"885","龍鱗手套","IT_10|IT_30","1|4","","","","","","","","","","600","","","","","","","","","","","","","","","","","20","","","","","","","","","","","","",
"886","縛閻指套","IT_10|IT_30","4","","","","","","","","","","","","","","","","","","","","","","","-4","","","","58","","","","","","2","-4","","","","","",
"887","藍堂光套","IT_10|IT_30","1","","","","","","Y","","","","","","","","","","","","","","","","","","","","","53","","","","","","-4","2","","","","","",
"888","狂獅戰腕","IT_10|IT_30","4","","","","","","","","","","850","","","","","","","","","","","","","","","","2","35","","","","","","","-2","","","","","",
"889","子雷手套","IT_10|IT_30","1|2|3|4","","","256","","","","","","","","","","","","","","","-100","","","","","","","","10","48","","","","","","","","-6","","","","",
"890","皮帽","IT_10|IT_29","1|2|3|4","","","","","","","","","","40","","","","","","","","","","","","","","","","","3","","","","","","","","","","","","",
"891","武盔","IT_10|IT_29","1","","","","","","","","","","80","","","","","","","","","","","","","","","","","5","","","","","","","","","","","","",
"892","輕鋼盔","IT_10|IT_29","1","","","","","","","","","","150","","","","","","","","","","","","","2","","","","7","","","","","","","","","","","","",
"893","羽盔","IT_10|IT_29","1|2|3","","","","","","","","","","200","","","","","","","","","","","","","","","","","9","","","","","","","","","","","","",
"894","鷹矢盔","IT_10|IT_29","1|4","","","","","","","","","","450","","","","","","","","","","","","","-2","","","","17","","","","","","","","","","","","",
"895","海神盔","IT_10|IT_29","1","","","","","","","","","","800","","","","","","","","","","","","","1","","","3","27","","","","","","","","","","","","",
"896","聖皇盔","IT_10|IT_29","1","","","","","","","","","","","","","","","","","","","","","","","1","","","2","8","","","","","","","","","","","","",
"897","象綿盔","IT_10|IT_29","1","","","","","","","","","","1200","","","","","","","","","","","","","-1","","","1","40","","","","","","","","","","","","",
"898","龍族盔","IT_10|IT_29","1","","","256","","","","","","","","","","","","","","","100","","","","","-2","","","","75","","","","","","","","","","","","",
"899","金剛斗笠","IT_10|IT_29","4","","","","","","","","","","750","","","","","","","","","","","","","","","","","23","","","","","","","-2","","","","","",
"900","龍鱗盔","IT_10|IT_29","1|4","","","","","","","","","","1800","","","","","","","2","","","","","","","","","","50","","","","","","","","","","","","",
"901","天神頭巾","IT_10|IT_29","1|2|3|4","","","","","","","","","","","","","","","","","","","","","","","","","","","","","","","","","","","","","","","",
"902","紫金冠","IT_10|IT_29","4","","","","","","","","","","1100","","","","","","","","","","","","","2","","","5","35","","","","","","","","","","","","",
"903","北斗箍環","IT_10|IT_29","1|4","","","","","","","","","","","","","","","","","","","","","","","","","","","","","","","","","","","","","","","",
"904","金霞盔","IT_10|IT_29","1|4","","","","","","","","","","2780","","","","","","","","","","","","","2","","","2","66","","","","","","","","","","","","",
"905","聖獸玲瓏冠","IT_10|IT_29","4","","","","","","","","","","","","","","","","","","","","","","","","","","2","70","-2","-2","-2","-2","","","","","","","","",
"906","皮靴","IT_10|IT_32","1|2|3|4","","","","","","","","","","30","","","","","","","","","","","","","3","","","","2","","","","","","","","","","","","",
"907","鋼靴","IT_10|IT_32","1|2|3|4","","","","","","","","","","80","","","","","","","","","","","","","4","","","","4","","","","","","","","","","","","",
"908","聖皇靴","IT_10|IT_32","1","","","","","","","","","","200","","","","","","","","","","","","","6","","","","7","","","","","","","","","","","","",
"909","雅典之靴","IT_10|IT_32","2","","","","","","","","","","","","","","","","","","","","","","","10","","","15","18","","","","","","","","","","","","",
"910","歌神之靴","IT_10|IT_32","1|4","","","","","","","","","","","","","","","","","2","2","2","","","","3","","","5","10","","","","","","","","","","","","",
"911","武裝鞋","IT_10|IT_32","1|4","","","","","","","","","","280","","","","","","","","","","","","","6","","","2","12","","","","","","","","","","","","",
"912","神駝靴","IT_10|IT_32","1|4","","","","","","","","","","800","","","","","","","","","","","","","10","","","","20","","","","","","","","","","","","",
"913","虎爪鞋","IT_10|IT_32","1|4","","","","","","","","","","180","","","","","","","","","","","","","5","","","3","10","","","","","","","","","","","","",
"914","菟縱鞋","IT_10|IT_32","1|2|3|4","","","","","","","","","","350","","","","","","","","","","","","","10","","","","6","","","","","","","","","","","","",
"915","帶火風輪","IT_10|IT_32","4","","","","","","","","","","","","","","","","","","","","","","","18","","","-3","28","","","","","","","","","","","","",
"916","踏風草鞋","IT_10|IT_32","1|2|3|4","","","","","","","","","","900","","","","","","","","","","","","","16","","","","2","","","","","","","","","","","","",
"917","混天泥鞋","IT_10|IT_32","1|2|3|4","","","","","","","","","","","","","","","","","","","","","","","","","","","","","","","","","","","","","","","",
"918","七星法靴","IT_10|IT_32","1|4","","","","","","","","","","500","","","","","","","","","","","","","8","","","","15","","","","","","","-2","","","","","",
"919","鈦銧奇鞋","IT_10|IT_32","1","","","","","","","","","","","","","","","","","","","","","","","16","","","3","20","","","","","","2","-2","","","","","",
"920","五行鞋","IT_10|IT_32","1|4","","","","","","","","","","1350","","","","","","","","","","","","","7","","","","5","-2","-2","-2","-2","","","","-2","","","","",
"921","霞雲彩綾","IT_10|IT_32","1|2|3|4","","","","","","","","","","","","","","","","","","","","","","","","","","","","","","","","","","","","","","","",
"922","山水天衣","","","","","","","","","","","","","","","","","","","","","","","","","","","","","","","","","","","","","","","","","",
"923","真夢的天使環","","","","","","","","","","","","","","","","","","","","","","","","","","","","","","","","","","","","","","","","","",
"924","樂樂外套","","","","","","","","","","","","","","","","","","","","","","","","","","","","","","","","","","","","","","","","","",
"925","投幣式鎧甲","","","","","","","","","","","","","","","","","","","","","","","","","","","","","","","","","","","","","","","","","","FN_MoneyArmor=true"
"926","一次傷害保險","","","","","","","","","","","","","","","","","","","","","","","","","","","","","","","","","","","","","","","","","",
"927","永久傷害保險","","","","","","","","","","","","","","","","","","","","","","","","","","","","","","","","","","","","","","","","","",
"928","神醫銀針","IT_07|IT_08|IT_10","","Y","","","","","","","","4","","","","","","","","","","","","","","","","","","","","","","","","","","","","","","",
"929","地炎玉","IT_07|IT_08|IT_10","1|2|3|4","","","","","","","","","1","","","900","51","","","","","","","","","","","","","","","-6","","","","","","","","","","","",
"930","靈虛扇","IT_07|IT_08|IT_10","1|2|3|4","","","","50","","Y","","","1","","","3000","57","","","","","","","","","","","","","","","","","","","","","","","","","","",
"931","薩登荊環","IT_07|IT_08|IT_10","1|2|3|4","","","","","","","","","1","","","1200","52","","","","","","","","","","","","","","","","","","","","","","","","","","",
"932","武聖手鐲","IT_07|IT_08|IT_10","1|2|3|4","","","","10","","Y","","","1","","","1000","21","SutraName21","","","","","","","","","","","","","","","","","","","","","","","","","",
"933","硃砂神筆","IT_07|IT_08|IT_10","1|2|3|4","","","","20","","Y","","","1","","","1500","30","","","","","","","","","","","","","","","","","","","","","","","","","","",
"934","吸血鬼指環","IT_07|IT_08|IT_10","1|2|3|4","","","","","","","","","1","","","1800","56","","","","","","","","","","","","","","","","","","","","","","","","","","",
"935","朱雀火羽","IT_07|IT_08|IT_10","1|2|3|4","","","","","","","","","1","","","900","51","","","","","","","","","","","","","","","-10","","","","","","","","","","","",
"936","水靈珠","IT_07|IT_08|IT_10","1|2|3|4","","","","","","","","","1","","","900","51","","","","","","","","","","","","","","","","-6","","","","","","","","","","",
"937","神偷面具","IT_07|IT_08|IT_10","1|2|3|4","","","","15","","Y","","","1","","","3500","23","SutraName23","","","","","","","","","","","","","","","","","","","","","","","","","",
"938","鼠槌","IT_07|IT_08|IT_10","1|2|3|4","","","","50","","Y","","","1","","","1000","31","SutraName31","","","","","","","","","","","","","","","","","","","","","","","","","",
"939","星君眼","IT_07|IT_10","1|2|3|4","","","","","","","","","1","","","1300","52","","","","","","","","","","","","","","","","","","","","","","","","","","",
"940","姜公膽","IT_07|IT_10","1|2|3|4","","","","20","","Y","","","1","","","800","21","SutraName21","","","","","","","","","","","","","","","","","","","","","","","","","",
"941","夜叉肩帶","IT_07|IT_08|IT_10","1|2|3|4","","","","","","","","","1","","","1200","35","SutraName35","","","","","","","","","","","","","","","","","","","","","","","","","",
"942","武神魂玉","IT_07|IT_10","2","Y","","","80","","Y","","","1","","","","24","SutraName24","","","","","","","","","","","","","","","","","","","","","","","","","",
"943","乾坤袋","IT_07|IT_10","1|2|3|4","","","","30","","Y","","","1","","","1500","23","SutraName23","","","","","","","","","","","","","","","","","","","","","","","","","",
"944","青龍水珠","IT_07|IT_08|IT_10","1|2|3|4","","","","","","","","","1","","","1200","51","","","","","","","","","","","","","","","","-10","","","","","","","","","","",
"945","白虎風牙","IT_07|IT_08|IT_10","1|2|3|4","","","","","","","","","1","","","1000","51","","","","","","","","","","","","","","","","","-8","","","","","","","","","",
"946","玄武土器","IT_07|IT_08|IT_10","1|2|3|4","","","","","","","","","1","","","1000","51","","","","","","","","","","","","","","","","","","-8","","","","","","","","",
"947","雷公鎚","IT_07|IT_08|IT_10","1|2|3|4","","","","","","","","","1","","","1000","51","","","","","","","","","","","","","","","","","","","","","","-8","","","","",
"948","神光寶塔","IT_07|IT_08|IT_10","1|2|3|4","","","","","","","","","1","","","1000","51","","","","","","","","","","","","","","","","","","","","-8","","","","","","",
"949","暗黑魔樽","IT_07|IT_08|IT_10","1|2|3|4","","","","","","","","","1","","","1000","51","","","","","","","","","","","","","","","","","","","","","-8","","","","","",
"950","暗殺寶錄","IT_07|IT_08|IT_10","1|2|3|4","","","","40","","Y","","","1","","","3800","27","SutraName27","","","","","","","","","","","","","","","","","","","","","","","","","",
"951","硃砂辟魔玉","IT_07|IT_08|IT_10","1|2|3|4","","","","80","","Y","","","1","","","1500","28","SutraName28","","","","","","","","","","","","","","","","","","","","","","","","","",
"952","金鐘罩秘笈","IT_07|IT_08|IT_10","1|2|3|4","","","","50","","Y","","","1","","","1200","32","SutraName32","","","","","","","","","","","","","","","","","","","","","","","","","",
"953","庖丁菜刀","IT_07|IT_08|IT_10","1|2|3|4","","","","120","","Y","","","1","","","3500","33","SutraName33","","","","","","","","","","","","","","","","","","","","","","","","","",
"954","吸魔壺","IT_07|IT_08|IT_10","1|2|3|4","","","","","","","","","1","","","5000","55","","","","","","","","","","","","","","","","","","","","","","","","","","",
"955","返刃玉","IT_07|IT_08|IT_10","1|2|3|4","Y","","","","","","","","","","","","53","","","","","","","","","","","","","","","","","","","","","","","","","","",
"956","陰陽鏡","IT_07|IT_08|IT_10","1|2|3|4","Y","","","","","","","","","","","","","","","","","","","","","","","","","","","","","","","","","","","","","","",
"957","御夫錄","IT_07|IT_08|IT_10","1|2|3|4","","","","50","","Y","","","1","","","2800","27","SutraName27","","","","","","","","","","","","","","","","","","","","","","","","","",
"971","銅戒指","IT_10|IT_11","1|2|3|4","","","","","","","","","","10","","","","","","","","","","","","","","","","","1","","","","","","","","","","","","",
"972","鐵戒指","IT_10|IT_11","1|2|3|4","","","","","","","","","","20","","","","","","","","","","","","","","","","1","1","","","","","","","","","","","","",
"973","銀戒指","IT_10|IT_11","1|2|3|4","","","","","","","","","","35","","","","","","","","","","","","","","","","1","2","","","","","","","","","","","","",
"974","金戒指","IT_10|IT_11","1|2|3|4","","","","","","","","","","55","","","","","","","","","","","","","-1","","","1","3","","","","","","","","","","","","",
"975","玉戒指","IT_10|IT_11","1|2|3|4","","","","","","","","","","80","","","","","","","","","","","","5","","","","","2","","","","","-10","","-2","","","","","",
"976","珍珠戒指","IT_10|IT_11","2|3","","","","","","","","","","500","","","","","","","","","","","","","","","","","3","","","","","","","","","","","","",
"977","象牙戒指","IT_10|IT_11","1|2|3|4","","","","","","","","","","140","","","","","","","","","","","","","3","","","1","2","","","","","","-2","","","","","","",
"978","瑪瑙戒指","IT_10|IT_11","1|2|3|4","","","256","","","","","","","110","","","","","","","","20","","","","","1","","","3","","","","","","","","","","","","","",
"979","辟邪戒指","IT_10|IT_11","1|2|3|4","","","","","","","","","","200","","","","","","","","","","","","","","","","1","3","","","","","-2","-2","-2","","","","","",
"980","五鬼戒指","IT_10|IT_11","1|2|3|4","","","","","","","","","","250","","","","","","","","","","","","","2","","1","2","3","","","","","","","","","","","","",
"981","龍睛法戒","IT_10|IT_11","1|4","","","","","","","","","","400","","","","","","","","","","","","","2","","","8","3","","","","","","","","","","","","",
"982","詛咒魔戒","IT_10|IT_11","1|2|3|4","","","","","","","","","","800","","","","","","","","","","","","","-5","","","3","10","","","","","","4","-4","","","","","",
"983","銀笛","IT_10|IT_11","1|2|3|4","","","","","","","","","","100","","","","","","","","","","","","","3","","","","2","","","","","","","","","","","","",
"984","角笛","IT_10|IT_11","1|2|3|4","","","","","","","","","","120","","","","","","","","","","","","","1","","","-2","3","","","","","","-2","","","","","","",
"985","葦笛","IT_08|IT_10|IT_11","1|2|3|4","","","","","","","","","","450","","","","","","","","","","","","","1","","","4","-3","","","","","","","","","","300","","",
"986","惡魔風笛","IT_10|IT_11","1|2|3|4","","","","","","","","","","280","","","","","","","","","","","","","","","","5","1","","","","","-2","2","-4","","","","","",
"987","銀項鍊","IT_10|IT_11","1|2|3|4","","","","","","","","","","50","","","","","","","","","","","","","","","","","2","","","","","","-2","","","","","","",
"988","金項鍊","IT_10|IT_11","1|2|3|4","","","","","","","","","","80","","","","","","","","","","","","","-1","","","","3","","","","","","","","","","","","",
"989","珍珠項鍊","IT_10|IT_11","2|3","","","","","","","","","","600","","","","","","","","","","","","","","","","1","3","","","","","","","","","","","","",
"990","琥珀項鍊","IT_10|IT_11","1|2|3|4","","","","","","","","","","150","","","","","","","","","","","","","1","","","4","-2","","","","","","","","","","","","",
"991","龍紋珮","IT_10|IT_11","1|2|3|4","","","","","","","","","","300","","","","","","","","","","","","","-2","","","2","4","","","","","","","-2","","","","","",
"992","白玉飛天珮","IT_10|IT_11","1|2|3|4","","","","","","","","","","400","","","","","","","","","","","","","","","","6","2","","","","","","","","","","","","",
"993","白玉龍紋珮","IT_10|IT_11","1|2|3|4","","","","","","","","","","600","","","","","","","","","","","","","3","","","5","5","","","","","","","","","","","","",
"994","五彩石項鍊","IT_10|IT_11","2|3","","","","","","","","","","","","","","","","","","","","","","","-2","","","10","10","","","","","-4","","-4","","","","","",
"995","神草結","IT_10|IT_11","1|2|3|4","","","","","","","","","","230","","","","","","","","","","","","","1","","","1","1","","","","","-2","-2","-2","","","","","",
"996","太極護符","IT_10|IT_11","1|2|3|4","","","","","","","","","","300","","","","","","","","","","","","","-3","","","2","6","","","","","","","-2","","","","","",
"997","四象結符","IT_10|IT_11","1|4","","","","","","","","","","","","","","","","","","","","","","","","","","","","","","","","","","","","","","","",
"998","珊瑚耳環","IT_10|IT_11","2|3","","","","","","","","","","135","","","","","","","","","","","","","","","","1","2","","-2","","","","","","","","","","",
"999","珍珠耳環","IT_10|IT_11","2|3","","","","","","","","","","240","","","","","","","","","","","","","1","","","2","-2","","","","","","","","","","","","",
"1000","象牙耳環","IT_10|IT_11","2|3","","","","","","","","","","180","","","","","","","","","","","","","-2","","","1","3","","","-4","2","","","","","","","","",
"1001","綠玉耳環","IT_10|IT_11","2|3","","","256","","","","","","","280","","","","","","","","80","","","","","1","","","","2","","","","","","","","","","","","",
"1002","紅寶石耳環","IT_10|IT_11","2|3","","","256","","","","","","","500","","","","","","","40","20","30","","","","1","","","2","3","","","","","","","","","","","","",
"1003","棉布衣","IT_10|IT_31","1|2|3|4","","","","","","","","","","40","","","","","","","","","","","","","","","","","3","","","","","","","","","","","","",
"1004","貂皮衣","IT_10|IT_31","1|2|3|4","","","","","","","","","","100","","","","","","","","","","","","","","","","","10","","-8","","","","","","","","","","",
"1005","虎皮衣","IT_10|IT_31","2|3","","","","","","","","","","150","","","","","","","","","","","","","","","","","13","","","","","","","","","","","","",
"1006","蛇鱗衣","IT_10|IT_31","2|3","","","","","","","","","","300","","","","","","","","","","","","","","","","1","18","","","","","","","","","","","","",
"1007","蛟鱗衣","IT_10|IT_31","2|3","","","","","","","","","","380","","","","","","","","","","","","","","","","","22","-2","","","","","","","","","","","",
"1008","天蠶絲衣","IT_10|IT_31","2|3","","","","","","","","","","1600","","","","","","","","","","","","","3","","","","85","","","","","","","","","","","","",
"1009","玄雪絲衣","IT_10|IT_31","2|3","","","","","","","","","","3800","","","","","","","","","","","","","3","","","","113","4","-4","","","","","","","","","","",
"1010","鳳凰羽衣","IT_10|IT_31","2|3","","","","","","","","","","4000","","","","","","","","","","","","","","","","5","108","-4","4","","","","","","","","","","",
"1011","護心鏡","IT_10|IT_31","1|2|3|4","","","","","","","","","","330","","","","","","","","","","","","","4","","","1","16","","","","","","","","","","","","",
"1012","光紗天衣","IT_10|IT_31","3","","","","","","","","","","2600","","","","","","","","","","","","","-2","","","4","96","","","","","","-4","2","","","","","",
"1013","竹葉符衣","IT_10|IT_31","2","","","256","","","","","","","2500","","","","","","","","-20","","","","","2","","","","98","","","","","","2","-4","","","","","",
"1014","神秘斗篷","IT_10|IT_31","2|3","","","256","","","","","","","500","","","","","","","","","20","","","","2","","","","35","","","","","","","","","","","","",
"1015","白狐披風","IT_10|IT_31","2","","","","","","","","","","","","","","","","","","8","","","","","","","","","118","","","","","","","","","","","","",
"1016","血殷長袍","IT_10|IT_31","2","","","","","","","","","","1000","","","","","","","","","","","","","-2","","","5","60","","","","","","10","-10","","","58","","",
"1017","天仙神衣","IT_10|IT_31","3","","","","","","","","","","","","","","","","","","","","","","","","","","","134","","","","","","-2","-2","","","","","",
"1018","毛獸大衣","IT_10|IT_31","1|2|3|4","","","","","","","","","","","","","","","","","3","","","","","","-5","","1","","50","-4","-4","-4","-4","-4","-4","-4","-4","-4","","","",
"1019","頭巾","IT_10|IT_29","1|2|3|4","","","","","","","","","","10","","","","","","","","","","","","","","","","","1","","","","","","","","","","","","",
"1020","布帽","IT_10|IT_29","1|2|3|4","","","","","","","","","","20","","","","","","","","","","","","","","","","","2","","","","","","","","","","","","",
"1021","銀髮結","IT_10|IT_29","2|3","","","","","","","","","","60","","","","","","","","","","","","","","","","","5","","","","","","","","","","","","",
"1022","安碧特麗之冠","IT_10|IT_29","2|3","","","","","","","","","","300","","","","","","","","","","","","","","","","2","8","","","","","","","","","","","","",
"1023","翠玉金釵","IT_10|IT_29","2|3","","","","","","","","","","250","","","","","","","","","","","","","1","","","-5","18","","","","","","","","","","","","",
"1024","藍夷髮帶","IT_10|IT_29","2|3","","","","","","","","","","350","","","","","","","","","","","","","","","","5","20","","","","","","","","","","","","",
"1025","天蠶絲帶","IT_10|IT_29","2|3","","","","","","","","","","760","","","","","","","","","","","","","","","","","35","-2","-2","","","","","","","","","","",
"1026","派翠拉之冠","IT_10|IT_29","2|3","","","","","","","","","","","","","","","","","","","","","","","","","","","","","","","","","","","","","","","",
"1027","麒麟緞帶","IT_10|IT_29","3","","","","","","","","","","800","","","","","","","","","","","","","","","","","28","","","","","","-2","-2","","","","","",
"1028","鬼雲","IT_10|IT_29","1|2|3|4","","","","","","","","","","","","","","","","","","","","","","","4","","","","25","","","","","","","","","","","","",
"1029","法藏","IT_10|IT_29","2|3","","","","","","","","","","800","","","","","","","","","","","","","4","","","2","32","","","","","","-2","","","","","","",
"1030","鏡舞","IT_10|IT_29","2","","","","","","","","","","","","","","","","","","","","","","","","","1","","38","","","","","","","","","","","","",
"1031","千葉","IT_10|IT_29","2|3","","","","","","","","","","480","","","","","","","","","","","","","2","","","","28","","","","","","-2","-4","","","","","",
"1032","藤鞋","IT_10|IT_32","1|2|3|4","","","","","","","","","","20","","","","","","","","","","","","","2","","","","1","","","","","","","","","","","","",
"1033","鱗靴","IT_10|IT_32","2|3","","","","","","","","","","100","","","","","","","","","","","","","4","","","","4","","","","","","","","","","","","",
"1034","鷹爪靴","IT_10|IT_32","1|2|3|4","","","","","","","","","","150","","","","","","","","","","","","","3","","","2","6","","","","","","","","","","","","",
"1035","冰雕鞋","IT_10|IT_32","2|3","","","","","","","","","","500","","","","","","","","","","","","","6","","","","12","","","","","","","","","","","","",
"1036","鳳羽靴","IT_10|IT_32","2|3","","","","","","","","","","700","","","","","","","2","","","","","","8","","","","8","","","","","","","","","","","","",
"1037","蛇皮短靴","IT_10|IT_32","2|3","","","","","","","","","","350","","","","","","","","","","","","","7","","","","10","-2","-2","","","","","","","","","","",
"1038","綑鍊鞋","IT_10|IT_32","1|2|3|4","","","256","","","","","","","200","","","","","","","","","-100","","","","4","","","","18","","","","","","","","","","","","",
"1039","繡花葉鞋","IT_10|IT_32","2","","","256","","","","","","","","","","","","","","200","","200","","","","6","","","","13","","","","","","","","","","","","",
"1040","流光鞋","IT_10|IT_32","3","","","","","","","","","","","","","","","","","","","","","","","11","","2","","20","","","","","","","","","","","","",
"1041","閰氣靴","IT_10|IT_32","2","","","","","","","","","","220","","","","","","","","","","","","","6","","","","8","","","","","","","-4","","","","","",
"1042","手鐲","IT_10|IT_30","2|3","","","","","","","","","","20","","","","","","","","","","","","","","","","","1","","","","","","","","","","","","",
"1043","玉鐲","IT_10|IT_30","2|3","","","","","","","","","","50","","","","","","","","","","","","","","","","","2","","","","","","","","","","","","",
"1044","白金之腕","IT_10|IT_30","2|3","","","","","","","","","","100","","","","","","","","","","","","","","","","1","5","","","","","","","","","","","","",
"1045","雨雲之腕","IT_10|IT_30","2|3","","","","","","","","","","450","","","","","","","","","","","","","","","","","11","-2","","","","","","","","","","","",
"1046","景衣法鐲","IT_10|IT_30","2|3","","","","","","","","","","250","","","","","","","","","","","","","","","","","8","","","","","","","","","","","","",
"1047","般若裟腕","IT_10|IT_30","3","","","","","","","","","","350","","","","","","","","","","","","","","","","","10","","","","","","-4","","","","","","",
"1048","加卡達鐲","IT_10|IT_30","1|2|3|4","","","256","","","","","","","550","","","","","","","100","","","","","","","","","","14","","","","","","","","","","","","",
"1049","晷日天輪","IT_10|IT_30","3","","","","","","","","","","","","","","","","","","","","","","","","","","","","","","","","","","","","","","","",
"1050","碧英之腕","IT_10|IT_30","2","","","","","","","","","","880","","","","","","","","","","","","","-2","","","5","28","","","","","","","","","","","","",
"1051","蓮腕釧","IT_10|IT_30","3","","","","","","","","","","750","","","","","","","","2","","","","","2","","","","23","","","","","","","","","","","","",
"1052","修羅膀腕","IT_10|IT_30","1|2|3|4","","","256","","","","","","","1600","","","","","","","-30","","-30","","","","3","","","12","2","","","","","","","","","","","","",
"1053","千佛鐲","IT_10|IT_30","3","","","256","","","","","","","","","","","","","","","20","","","","","","","","8","23","","","","","","","","","","","","",
"1054","玉蓮衣","IT_10|IT_31","2|3","","","","","","","","","","","","","","","","","","","","","","","","","","","","","","","","","","","","","","","",
"1055","虹紗羽","IT_10|IT_31","2|3","","","","","","","","","","","","","","","","","","","","","","","","","","","","","","","","","","","","","","","",
"1056","罡氣披風","IT_10|IT_31","2|3","","","","","","","","","","","","","","","","","","","","","","","","","","","","","","","","","","","","","","","",
"1057","金繭甲","IT_10|IT_31","2|3","","","","","","","","","","","","","","","","","","","","","","","","","","","","","","","","","","","","","","","",
"1058","萱華柔甲","IT_10|IT_31","2|3","","","","","","","","","","","","","","","","","","","","","","","","","","","","","","","","","","","","","","","",
"1059","紅雀鐲","IT_10|IT_30","2|3","","","","","","","","","","480","","","","","","","","","","","","","2","","","2","11","","","","","","","","","","","","",
"1060","雪蠶護手","IT_10|IT_30","2|3","","","","","","","","","","","","","","","","","","","","","","","","","","","","","","","","","","","","","","","",
"1061","雀羽雲手","IT_10|IT_30","2|3","","","","","","","","","","","","","","","","","","","","","","","","","","","","","","","","","","","","","","","",
"1062","無痕鞋","IT_10|IT_32","2|3","","","","","","","","","","","","","","","","","","","","","","","","","","","","","","","","","","","","","","","",
"1063","燕舞靴","IT_10|IT_32","2|3","","","","","","","","","","","","","","","","","","","","","","","","","","","","","","","","","","","","","","","",
"1064","七情束","IT_10|IT_29","2|3","","","","","","","","","","","","","","","","","","","","","","","","","","","","","","","","","","","","","","","",
"1065","五結簪","IT_10|IT_29","2|3","","","","","","","","","","","","","","","","","","","","","","","","","","","","","","","","","","","","","","","",
"1101","聚雷光符","IT_05|IT_28","1|2|3|4","","","","","","","","","1","","","","","","","","","","","","","","","","","","","","","","","","","","","","28","","",
"1102","火球符","IT_05|IT_28","1|2|3|4","","","","","","","","","1","","","","","","","","","","","","","","","","","","","","","","","","","","","","29","","",
"1103","魔炎符","IT_05|IT_28","1|2|3|4","","","","","","","","","1","","","","","","","","","","","","","","","","","","","","","","","","","","","","38","","",
"1104","冰雹符","IT_05|IT_28","1|2|3|4","","","","","","","","","1","","","","","","","","","","","","","","","","","","","","","","","","","","","","46","","",
"1105","六芒星符","IT_05|IT_28","1|2|3|4","","","","","","","","","1","","","","","","","","","","","","","","","","","","","","","","","","","","","","73","","",
"1106","閻火符","IT_05|IT_28","1|2|3|4","","","","","","","","","1","","","","","","","","","","","","","","","","","","","","","","","","","","","","19","","",
"1107","食魂符","IT_05|IT_28","1|2|3|4","","","","","","","","","1","","","","","","","","","","","","","","","","","","","","","","","","","","","","59","","",
"1108","狂浪襲符","IT_05|IT_28","1|2|3|4","","","","","","","","","1","","","","","","","","","","","","","","","","","","","","","","","","","","","","91","","",
"1109","纏絲氣符","IT_05|IT_28","1|2|3|4","","","","","","","","","1","","","","","","","","","","","","","","","","","","","","","","","","","","","","92","","",
"1110","海靈彈符","IT_05|IT_28","1|2|3|4","","","","","","","","","1","","","","","","","","","","","","","","","","","","","","","","","","","","","","101","","",
"1111","凍霧符","IT_05|IT_28","1|2|3|4","","","","","","","","","1","","","","","","","","","","","","","","","","","","","","","","","","","","","","103","","",
"1112","凝冰符","IT_05|IT_28","1|2|3|4","","","","","","","","","1","","","","","","","","","","","","","","","","","","","","","","","","","","","","110","","",
"1113","霜漩流符","IT_05|IT_28","1|2|3|4","","","","","","","","","1","","","","","","","","","","","","","","","","","","","","","","","","","","","","112","","",
"1114","幻光聖劍符","IT_05|IT_28","1|2|3|4","","","","","","","","","1","","","","","","","","","","","","","","","","","","","","","","","","","","","","121","","",
"1115","天降雷火符","IT_05|IT_28","1|2|3|4","","","","","","","","","1","","","","","","","","","","","","","","","","","","","","","","","","","","","","123","","",
"1116","滅靈光環符","IT_05|IT_28","1|2|3|4","","","","","","","","","1","","","","","","","","","","","","","","","","","","","","","","","","","","","","195","","",
"1117","靈魔幻音符","IT_05|IT_28","1|2|3|4","","","","","","","","","1","","","","","","","","","","","","","","","","","","","","","","","","","","","","199","","",
"1118","雷霆光鏵符","IT_05|IT_28","1|2|3|4","","","","","","","","","1","","","","","","","","","","","","","","","","","","","","","","","","","","","","207","","",
"1119","封靈滅法符","IT_05|IT_28","1|2|3|4","","","","","","","","","1","","","","","","","","","","","","","","","","","","","","","","","","","","","","208","","",
"1120","地龍鑽符","IT_05|IT_28","1|2|3|4","","","","","","","","","1","","","","","","","","","","","","","","","","","","","","","","","","","","","","255","","",
"1121","降龍拳符","IT_05|IT_28","1|2|3|4","","","","","","","","","1","","","","","","","","","","","","","","","","","","","","","","","","","","","","306","","",
"1122","五雷咒符","IT_05|IT_28","1|2|3|4","","","","","","","","","1","","","","","","","","","","","","","","","","","","","","","","","","","","","","326","","",
"1123","三昧陰火劫符","IT_05|IT_28","1|2|3|4","","","","","","","","","1","","","","","","","","","","","","","","","","","","","","","","","","","","","","338","","",
"1124","風捲殘雲符","IT_05|IT_28","1|2|3|4","","","","","","","","","1","","","","","","","","","","","","","","","","","","","","","","","","","","","","343","","",
"1125","仙靈冰封符","IT_05|IT_28","1|2|3|4","","","","","","","","","1","","","","","","","","","","","","","","","","","","","","","","","","","","","","344","","",
"1126","移魂仙樂符","IT_05|IT_28","1|2|3|4","","","","","","","","","1","","","","","","","","","","","","","","","","","","","","","","","","","","","","380","","",
"1127","除魔靈鼓符","IT_05|IT_28","1|2|3|4","","","","","","","","","1","","","","","","","","","","","","","","","","","","","","","","","","","","","","381","","",
"1128","日輪烈焰符","IT_05|IT_28","1|2|3|4","","","","","","","","","1","","","","","","","","","","","","","","","","","","","","","","","","","","","","382","","",
"1129","殘月鎖漪符","IT_05|IT_28","1|2|3|4","","","","","","","","","1","","","","","","","","","","","","","","","","","","","","","","","","","","","","383","","",
"1130","流雲幻光符","IT_05|IT_28","1|2|3|4","","","","","","","","","1","","","","","","","","","","","","","","","","","","","","","","","","","","","","385","","",
"1501","烈火術","IT_05","1|2","","","","10","Y","","","","1","","","","","","","","","","","","","","","","","","","","","","","","","","","","11","","",
"1502","焰火環","IT_04","1|2","","","","30","Y","","","","1","","","","","","","","","","","","","","","","","","","","","","","","","","","","12","","",
"1503","火靈氣罩","IT_03","1|2","","","","30","Y","","","","1","","","","","","","","","","","","","","","","","","","","","","","","","","","","70","","",
"1504","火炎彈","IT_05","1|2","","","","25","Y","","","","1","","","","","","","","","","","","","","","","","","","","","","","","","","","","89","","",
"1505","烈日蝕睛","IT_04","1|2","","","","15","Y","","","","1","","","","","","","","","","","","","","","","","","","","","","","","","","","","39","","",
"1506","熾炎波","IT_05","1","","","","35","Y","","","","1","","","","","","","","","","","","","","","","","","","","","","","","","","","","105","","",
"1507","朱雀振翅","IT_05","1","","","","120","Y","","","","1","","","","","","","","","","","","","","","","","","","","","","","","","","","","440","","",
"1508","火神降臨","IT_05","1","","","","250","Y","","","","1","","","","","","","","","","","","","","","","","","","","","","","","","","","","442","","",
"1509","魂野魔露","IT_04","2|3|4","","","","10","Y","","","","1","","","","","","","","","","","","","","","","","","","","","","","","","","","","60","","",
"1510","千水凝冰","IT_05","2|3|4","","","","30","Y","","","","1","","","","","","","","","","","","","","","","","","","","","","","","","","","","77","","",
"1511","浪捲無量","IT_05","2|4","","","","","Y","","","","1","","","","","","","","","","","","","","","","","","","","","","","","","","","","256","","",
"1512","凍霧術","IT_04","2|3|4","","","","35","Y","","","","1","","","","","","","","","","","","","","","","","","","","","","","","","","","","126","","",
"1513","冰石亂墜","IT_05","2|3|4","","","","50","Y","","","","1","","","","","","","","","","","","","","","","","","","","","","","","","","","","183","","",
"1514","寒冰星雨","IT_05","2|3|4","","","","40","Y","","","","1","","","","","","","","","","","","","","","","","","","","","","","","","","","","142","","",
"1515","青龍雲屏","IT_05","2","","","","280","Y","","","","1","","","","","","","","","","","","","","","","","","","","","","","","","","","","451","","",
"1516","海神潮","IT_05","4","","","","250","Y","","","","1","","","","","","","","","","","","","","","","","","","","","","","","","","","","456","","",
"1517","轉風術","IT_05","1|3|4","","","","18","Y","","","","1","","","","","","","","","","","","","","","","","","","","","","","","","","","","32","","",
"1518","浸沐春風","IT_13","1|3|4","","","","10","Y","","","","3","","","","","","","","60","","","","","","","","","","","","","","","","","","","","85","","",
"1519","御風術","IT_03","1|3|4","","","","25","Y","","","","1","","","","","","","","","","","","","","","","","","","","","","","","","","","","143","","",
"1520","空靈旋","IT_05","1|3|4","","","","30","Y","","","","1","","","","","","","","","","","","","","","","","","","","","","","","","","","","144","","",
"1521","青風薪榮","IT_01","1|3|4","","","","40","Y","","","","3","","","","","","","","100","","","","","","","","","","","","","","","","","","","","145","","",
"1522","天風捲千鈞","IT_05","1|3|4","","","","55","Y","","","","1","","","","","","","","","","","","","","","","","","","","","","","","","","","","146","","",
"1523","怒空摘星","IT_05","3","","","","150","Y","","","","1","","","","","","","","","","","","","","","","","","","","","","","","","","","","443","","",
"1524","白虎星降","IT_05","3","","","","320","Y","","","","1","","","","","","","","","","","","","","","","","","","","","","","","","","","","454","","",
"1525","錮元入石","IT_04","1|2|3|4","","","","30","Y","","","","1","","","","","","","","","","","","","","","","","","","","","","","","","","","","279","","",
"1526","地龍鑽","IT_05|IT_28","","","","","","Y","","","","1","","","","1120","","","","","","","","","","","","","","","","","","","","","","","","255","","",
"1527","落石術","IT_05","1|4","","","","40","Y","","","","1","","","","","","","","","","","","","","","","","","","","","","","","","","","","184","","",
"1528","石龜護甲","IT_03","1|4","","","","35","Y","","","","1","","","","","","","","","","","","","","","","","","","","","","","","","","","","333","","",
"1529","濤瀾動地","IT_05","1|4","","","","50","Y","","","","1","","","","","","","","","","","","","","","","","","","","","","","","","","","","277","","",
"1530","狂沙飛石","IT_05","1|4","","","","65","Y","","","","1","","","","","","","","","","","","","","","","","","","","","","","","","","","","278","","",
"1531","玄武現世","IT_05","4","","","","200","Y","","","","1","","","","","","","","","","","","","","","","","","","","","","","","","","","","455","","",
"1532","亞特拉斯巨靈","IT_05","1|4","","","","200","Y","","","","1","","","","","","","","","","","","","","","","","","","","","","","","","","","","441","","",
"1533","疾電術","IT_05","2|4","","","","12","Y","","","","1","","","","","","","","","","","","","","","","","","","","","","","","","","","","17","","",
"1534","電氣角鑽","IT_04","2|3","","","","20","Y","","","","1","","","","","","","","","","","","","","","","","","","","","","","","","","","","147","","",
"1535","坎離雷電","IT_05","2|4","","","","55","Y","","","","1","","","","","","","","","","","","","","","","","","","","","","","","","","","","202","","",
"1536","太陰神雷","IT_05","2","","","","80","Y","","","","1","","","","","","","","","","","","","","","","","","","","","","","","","","","","445","","",
"1537","天翔奔雷破","IT_05","2|3","","","","70","Y","","","","1","","","","","","","","","","","","","","","","","","","","","","","","","","","","335","","",
"1538","天雷震八方","IT_05","2","","","","150","Y","","","","1","","","","","","","","","","","","","","","","","","","","","","","","","","","","448","","",
"1539","雲龍身四縱","IT_05","3","","","","230","Y","","","","1","","","","","","","","","","","","","","","","","","","","","","","","","","","","452","","",
"1540","雷神動九天","IT_05","3","","","","300","Y","","","","1","","","","","","","","","","","","","","","","","","","","","","","","","","","","453","","",
"1541","天使之福音","IT_04","3|4","","","","15","Y","","","","2","","","","","","","","","","","","","","","","","","","","","","","","","","","","","","",
"1542","禁言封咒術","IT_04","3|4","","","","30","Y","","","","1","","","","","","","","","","","","","","","","","","","","","","","","","","","","148","","",
"1543","聖光彈","IT_05","3|4","","","","20","Y","","","","1","","","","","","","","","","","","","","","","","","","","","","","","","","","","149","","",
"1544","聖火幻劍","IT_05","3|4","","","","40","Y","","","","1","","","","","","","","","","","","","","","","","","","","","","","","","","","","186","","",
"1545","霞雲罩身","IT_03","3|4","","","","25","Y","","","","1","","","","","","","","","","","","","","","","","","","","","","","","","","","","280","","",
"1546","仙音淨化","IT_05","3|4","","","","35","Y","","","","1","","","","","","","","","","","","","","","","","","","","","","","","","","","","281","","",
"1547","九龍化傷術","IT_13","3|4","","","","40","Y","","","","3","","","","","","","","1000","","","","","","","","","","","","","","","","","","","","282","","",
"1548","元體靈滅","IT_05","3|4","","","","50","Y","","","","1","","","","","","","","","","","","","","","","","","","","","","","","","","","","334","","",
"1549","韋馱伏魔","IT_05","3|4","","","","80","Y","","","","1","","","","","","","","","","","","","","","","","","","","","","","","","","","","393","","",
"1550","無相如來","IT_05","4","","","","300","Y","","","","1","","","","","","","","","","","","","","","","","","","","","","","","","","","","457","","",
"1551","閻火術","IT_05|IT_28","2","","","","20","Y","","","","1","","","","1106","","","","","","","","","","","","","","","","","","","","","","","","19","","",
"1552","食魂咒","IT_04|IT_28","2","","","","18","Y","","","","1","","","","1107","","","","","","","","","","","","","","","","","","","","","","","","59","","",
"1553","五毒咒","IT_05","2","","","","65","Y","","","","1","","","","","","","","","","","","","","","","","","","","","","","","","","","","366","","",
"1554","迷意波","IT_04","2","","","","45","Y","","","","1","","","","","","","","","","","","","","","","","","","","","","","","","","","","365","","",
"1555","煉獄陰火","IT_05","2","","","","40","Y","","","","1","","","","","","","","","","","","","","","","","","","","","","","","","","","","106","","",
"1556","衰竭術","IT_04","2","","","","45","Y","","","","1","","","","","","","","","","","","","","","","","","","","","","","","","","","","185","","",
"1557","依魔行意","IT_04","2","","","","40","Y","","","","1","","","","","","","","","","","","","","","","","","","","","","","","","","","","392","","",
"1558","紫氣闇龍","IT_05","2","","","","100","Y","","","","1","","","","","","","","","","","","","","","","","","","","","","","","","","","","447","","",
"1559","十邪散魂","IT_05","2","","","","300","Y","","","","1","","","","","","","","","","","","","","","","","","","","","","","","","","","","450","","",
"1560","冥流潺入","IT_05","2","","","","200","Y","","","","1","","","","","","","","","","","","","","","","","","","","","","","","","","","","449","","",
"1561","土地神念法","IT_04","1|2|3|4","","","","1","Y","","","","2","","","","","","","","","","","","","","","","","","","","","","","","","","","","250","","","FN_DungeonEscape=true"
"1562","天使之眼","","","","","","","","","","","","","","","","","","","","","","","","","","","","","","","","","","","","","","","","","",
"1563","萬蠱纏身","IT_04","2","","","","75","Y","","","","1","","","","","","","","","","","","","","","","","","","","","","","","","","","","446","","",
"1564","炙炎旋流","IT_03","1|4","","","","40","Y","","","","1","","","","","","","","","","","","","","","","","","","","","","","","","","","","359","","",
"1565","縮地術","","","","","","","","","","","","","","","","","","","","","","","","","","","","","","","","","","","","","","","","","",
"1566","乘龍念法","IT_04","1|2|3|4","","","","1","Y","","","","2","","","","","","","","","","","","","","","","","","","","","","","","","","","","251","","","FN_CityTeleport=true"
"1567","寒雪氣罩","IT_03","2|3","","","","40","Y","","","","1","","","","","","","","","","","","","","","","","","","","","","","","","","","","360","","",
"1568","火眼金睛","IT_04","1|2|3|4","","","","35","Y","","","","1","","","","","","","","","","","","","","","","","","","","","","","","","","","","363","","",
"1569","三藏淨身咒","IT_03","3|4","","","","35","Y","","","","1","","","","","","","","","","","","","","","","","","","","","","","","","","","","341","","",
"1570","佛光衝宵","IT_03","3|4","","","","20","Y","","","","1","","","","","","","","","","","","","","","","","","","","","","","","","","","","286","","",
"1571","妖魔滅道","IT_03","2","","","","40","Y","","","","1","","","","","","","","","","","","","","","","","","","","","","","","","","","","361","","",
"1572","神入靈殼","IT_03","3|4","","","","50","Y","","","","1","","","","","","","","","","","","","","","","","","","","","","","","","","","","362","","",
"1573","借物代形","IT_03","1|2|3|4","","","","100","Y","","","","1","","","","","","","","","","","","","","","","","","","","","","","","","","","","364","","",
"1574","氣療術","IT_13","1|2|3|4","","","","15","Y","","","","3","","","","","","","","100","","","","","","","","","","","","","","","","","","","","14","","",
"1575","合精法","IT_13","1|2|3|4","","","","18","Y","","","","3","","","","","","","","","","100","","","","","","","","","","","","","","","","","","95","","",
"1576","神恩廣澤","IT_13","1|3|4","","","","35","Y","","","","3","","","","","","","","200","","","","","","","","","","","","","","","","","","","","139","","",
"1577","喚魂咒","IT_01|IT_13","1|2|3|4","","","","70","Y","","","","3","","","","","","","","800","","","","","","","","","","","","","","","","","","","","140","","",
"1578","神癒咒","IT_13","1|2|3|4","","","","30","Y","","","","3","","","","","","","","500","","","","","","","","","","","","","","","","","","","","14","","",
"1579","舒筋活脈","IT_13","1|2|3|4","","","","120","Y","","","","3","","","","","","","","","","200","","","","","","","","","","","","","","","","","","283","","",
"1580","靈息","IT_13","1|2|3|4","","","","100","","Y","","","3","","","","","","","","","100","","","","","","","","","","","","","","","","","","","14","","",
"1581","順脈心法","IT_13","1|4","","","","100","Y","","","","3","","","","","","","","","","300","","","","","","","","","","","","","","","","","","14","","",
"1582","風砂甘霖術","IT_13","1|2|3|4","","","","80","Y","","","","3","","","","","","","","1000","","","","","","","","","","","","","","","","","","","","367","","",
"1583","八方歸元","IT_01|IT_13","3|4","","","","100","Y","","","","1","","","","","","","","300","","","","","","","","","","","","","","","","","","","","444","","",
"1584","仙靈息","IT_13","3","","","","250","","Y","","","3","","","","","","","","","200","","","","","","","","","","","","","","","","","","","14","","",
"1585","逆轉丹行術","IT_13","1|4","","","","150","Y","","","","3","","","","","","","","","","500","","","","","","","","","","","","","","","","","","14","","",
"1586","浴火重生咒","IT_01|IT_13","2","","","","150","Y","","","","3","","","","","","","","1800","","","","","","","","","","","","","","","","","","","","140","","",
"1587","道儀霞光","IT_13","4","","","","400","","Y","","","2","","","","","","","","","250","","","","","","","","","","","","","","","","","","","283","","",
"1588","八門定星術","IT_13","3","","","","130","Y","","","","3","","","","","","","","5000","","","","","","","","","","","","","","","","","","","","14","","",
"1589","殘燭引月","IT_13","4","","","","500","","Y","","","3","","","","","","","","","400","","","","","","","","","","","","","","","","","","","14","","",
"1590","清風咒","IT_01","2|4","","","","25","Y","","","","1","","","","","","","","","","","","","","","","","","","","","","","","","","","","96","","",
"1591","撥雲見日","IT_01","1|2|3|4","","","","20","Y","","","","1","","","","","","","","","","","","","","","","","","","","","","","","","","","","187","","",
"1592","蝕岩還身","IT_01","4","","","","25","Y","","","","1","","","","","","","","","","","","","","","","","","","","","","","","","","","","47","","",
"1593","祭柳歸靈","IT_01","1|2|3|4","","","","20","Y","","","","1","","","","","","","","","","","","","","","","","","","","","","","","","","","","284","","",
"1594","離僵赤金","IT_01","1|2|3|4","","","","25","Y","","","","1","","","","","","","","","","","","","","","","","","","","","","","","","","","","439","","",
"1595","化枯轉榮","IT_01","3","","","","25","Y","","","","1","","","","","","","","","","","","","","","","","","","","","","","","","","","","311","","",
"1596","騰蛇棄鱗","IT_01|IT_13","3","","","","50","","Y","","","1","","","","","","","","10","","","","","","","","","","","","","","","","","","","","22","","",
"1597","騰蛇棄鱗","","","","","","","","","","","","","","","","","","","","","","","","","","","","","","","","","","","","","","","","","",
"1598","騰蛇棄鱗","","","","","","","","","","","","","","","","","","","","","","","","","","","","","","","","","","","","","","","","","",
"1599","騰蛇棄鱗","","","","","","","","","","","","","","","","","","","","","","","","","","","","","","","","","","","","","","","","","",
"1600","騰蛇棄鱗","","","","","","","","","","","","","","","","","","","","","","","","","","","","","","","","","","","","","","","","","",
"1601","騰蛇棄鱗","","","","","","","","","","","","","","","","","","","","","","","","","","","","","","","","","","","","","","","","","",
"1602","騰蛇棄鱗","","","","","","","","","","","","","","","","","","","","","","","","","","","","","","","","","","","","","","","","","",
"1603","騰蛇棄鱗","","","","","","","","","","","","","","","","","","","","","","","","","","","","","","","","","","","","","","","","","",
"1604","騰蛇棄鱗","","","","","","","","","","","","","","","","","","","","","","","","","","","","","","","","","","","","","","","","","",
"1605","騰蛇棄鱗","","","","","","","","","","","","","","","","","","","","","","","","","","","","","","","","","","","","","","","","","",
"1606","騰蛇棄鱗","","","","","","","","","","","","","","","","","","","","","","","","","","","","","","","","","","","","","","","","","",
"1607","騰蛇棄鱗","","","","","","","","","","","","","","","","","","","","","","","","","","","","","","","","","","","","","","","","","",
"1608","騰蛇棄鱗","","","","","","","","","","","","","","","","","","","","","","","","","","","","","","","","","","","","","","","","","",
"1609","騰蛇棄鱗","","","","","","","","","","","","","","","","","","","","","","","","","","","","","","","","","","","","","","","","","",
"1610","騰蛇棄鱗","","","","","","","","","","","","","","","","","","","","","","","","","","","","","","","","","","","","","","","","","",
"1611","騰蛇棄鱗","","","","","","","","","","","","","","","","","","","","","","","","","","","","","","","","","","","","","","","","","",
"1612","騰蛇棄鱗","","","","","","","","","","","","","","","","","","","","","","","","","","","","","","","","","","","","","","","","","",
"1613","騰蛇棄鱗","","","","","","","","","","","","","","","","","","","","","","","","","","","","","","","","","","","","","","","","","",
"1614","騰蛇棄鱗","","","","","","","","","","","","","","","","","","","","","","","","","","","","","","","","","","","","","","","","","",
"1615","騰蛇棄鱗","","","","","","","","","","","","","","","","","","","","","","","","","","","","","","","","","","","","","","","","","",
"1616","騰蛇棄鱗","","","","","","","","","","","","","","","","","","","","","","","","","","","","","","","","","","","","","","","","","",
"1617","騰蛇棄鱗","","","","","","","","","","","","","","","","","","","","","","","","","","","","","","","","","","","","","","","","","",
"1618","騰蛇棄鱗","","","","","","","","","","","","","","","","","","","","","","","","","","","","","","","","","","","","","","","","","",
"1619","騰蛇棄鱗","","","","","","","","","","","","","","","","","","","","","","","","","","","","","","","","","","","","","","","","","",
"1620","騰蛇棄鱗","","","","","","","","","","","","","","","","","","","","","","","","","","","","","","","","","","","","","","","","","",
"1621","騰蛇棄鱗","","","","","","","","","","","","","","","","","","","","","","","","","","","","","","","","","","","","","","","","","",
"1622","騰蛇棄鱗","","","","","","","","","","","","","","","","","","","","","","","","","","","","","","","","","","","","","","","","","",
"1623","騰蛇棄鱗","","","","","","","","","","","","","","","","","","","","","","","","","","","","","","","","","","","","","","","","","",
"1624","騰蛇棄鱗","","","","","","","","","","","","","","","","","","","","","","","","","","","","","","","","","","","","","","","","","",
"1625","騰蛇棄鱗","","","","","","","","","","","","","","","","","","","","","","","","","","","","","","","","","","","","","","","","","",
"1626","騰蛇棄鱗","","","","","","","","","","","","","","","","","","","","","","","","","","","","","","","","","","","","","","","","","",
"1627","騰蛇棄鱗","","","","","","","","","","","","","","","","","","","","","","","","","","","","","","","","","","","","","","","","","",
"1628","騰蛇棄鱗","","","","","","","","","","","","","","","","","","","","","","","","","","","","","","","","","","","","","","","","","",
"1629","騰蛇棄鱗","","","","","","","","","","","","","","","","","","","","","","","","","","","","","","","","","","","","","","","","","",
"1630","騰蛇棄鱗","","","","","","","","","","","","","","","","","","","","","","","","","","","","","","","","","","","","","","","","","",
"1631","騰蛇棄鱗","","","","","","","","","","","","","","","","","","","","","","","","","","","","","","","","","","","","","","","","","",
"1632","騰蛇棄鱗","","","","","","","","","","","","","","","","","","","","","","","","","","","","","","","","","","","","","","","","","",
"1633","騰蛇棄鱗","","","","","","","","","","","","","","","","","","","","","","","","","","","","","","","","","","","","","","","","","",
"1634","疾鷹七痕劍","IT_05","1","","","","","","","","","1","","","","","","","","","","","","","","","","","","","","","","","","","","","","75","","",
"1635","虛影斬","IT_05","1","","","","400","","","","","1","","","","1","","","","","","","","","","","","","","","","","","","","","","","","127","","",
"1636","御劍燎原","IT_05","1","","","","402","","","","","1","","","","2","","","","","","","","","","","","","","","","","","","","","","","","332","","",
"1637","蛟龍翻身","IT_05","1","","","","500","","","","","1","","","","3","","","","","","","","","","","","","","","","","","","","","","","","368","","",
"1638","霸王崩山勁","IT_05","1","","","","500","","","","","1","","","","4","","","","","","","","","","","","","","","","","","","","","","","","369","","",
"1639","天狼巽閃","IT_05","1","","","","404","","","","","1","","","","5","","","","","","","","","","","","","","","","","","","","","","","","370","","",
"1640","靈弓蛇箭","IT_05","2","","","","","","","","","1","","","","","","","","","","","","","","","","","","","","","","","","","","","","79","","",
"1641","寒山月引","IT_05","2","","","","405","","","","","1","","","","1","","","","","","","","","","","","","","","","","","","","","","","","196","","",
"1642","三界妖靈","IT_05","2","","","","406","","","","","1","","","","2","","","","","","","","","","","","","","","","","","","","","","","","371","","",
"1643","靈箭幻舞","IT_05","2","","","","500","","","","","1","","","","3","","","","","","","","","","","","","","","","","","","","","","","","372","","",
"1644","無我滅境","IT_05","2","","","","500","","","","","1","","","","4","","","","","","","","","","","","","","","","","","","","","","","","373","","",
"1645","血刃飄零","IT_05","3","","","","","","","","","1","","","","","","","","","","","","","","","","","","","","","","","","","","","","301","","",
"1646","水月流轉","IT_05","3","","","","","","","","","1","","","","1","","","","","","","","","","","","","","","","","","","","","","","","302","","",
"1647","風伯見日","IT_05","3","","","","500","","","","","1","","","","2","","","","","","","","","","","","","","","","","","","","","","","","374","","",
"1648","元極四方","IT_05","3","","","","500","","","","","1","","","","3","","","","","","","","","","","","","","","","","","","","","","","","376","","",
"1649","銀焰穿心槍","IT_05","4","","","","","","","","","1","","","","","","","","","","","","","","","","","","","","","","","","","","","","285","","",
"1650","天將伏千軍","IT_05","4","","","","500","","","","","1","","","","1","","","","","","","","","","","","","","","","","","","","","","","","289","","",
"1651","雨師興浪","IT_05","4","","","","500","","","","","1","","","","2","","","","","","","","","","","","","","","","","","","","","","","","375","","",
"1652","真武神威","IT_05","4","","","","409","","","","","1","","","","3","","","","","","","","","","","","","","","","","","","","","","","","377","","",
"1653","因果輪迴","","","","","","","","","","","","","","","","","","","","","","","","","","","","","","","","","","","","","","","","","",
"1654","偷天換日","","","","","","","","","","","","","","","","","","","","","","","","","","","","","","","","","","","","","","","","","",
"1655","天裁地判","","","","","","","","","","","","","","","","","","","","","","","","","","","","","","","","","","","","","","","","","",
"1656","離影術","","","","","","","","","","","","","","","","","","","","","","","","","","","","","","","","","","","","","","","","","",
"1657","蜃氣劫","","","","","","","","","","","","","","","","","","","","","","","","","","","","","","","","","","","","","","","","","",
"1658","封魔奇經","","","","","","","","","","","","","","","","","","","","","","","","","","","","","","","","","","","","","","","","","",
"1659","無間地獄","","","","","","","","","","","","","","","","","","","","","","","","","","","","","","","","","","","","","","","","","",
"1660","有緣情深","","","","","","","","","","","","","","","","","","","","","","","","","","","","","","","","","","","","","","","","","",
"1661","閻羅生死廳","","","","","","","","","","","","","","","","","","","","","","","","","","","","","","","","","","","","","","","","","",
"1662","聚雷光","IT_05|IT_28","","","","","","Y","","","","1","","","","1101","","","","","","","","","","","","","","","","","","","","","","","","28","","",
"1663","火球術","IT_05|IT_28","","","","","","Y","","","","1","","","","1102","","","","","","","","","","","","","","","","","","","","","","","","29","","",
"1664","魔炎柱","IT_05|IT_28","","","","","","Y","","","","1","","","","1103","","","","","","","","","","","","","","","","","","","","","","","","38","","",
"1665","冰雹術","IT_05|IT_28","","","","","","Y","","","","1","","","","1104","","","","","","","","","","","","","","","","","","","","","","","","46","","",
"1666","炎魔熾烈擊","IT_05","","","","","","Y","","","","1","","","","","","","","","","","","","","","","","","","","","","","","","","","","63","","",
"1667","火神力場","IT_05","","","","","","Y","","","","1","","","","","","","","","","","","","","","","","","","","","","","","","","","","64","","",
"1668","六芒星斬","IT_05|IT_28","","","","","","Y","","","","1","","","","1105","","","","","","","","","","","","","","","","","","","","","","","","73","","",
"1669","狂浪襲","IT_05|IT_28","","","","","","Y","","","","1","","","","1108","","","","","","","","","","","","","","","","","","","","","","","","91","","",
"1670","纏絲氣","IT_05|IT_28","","","","","","Y","","","","1","","","","1109","","","","","","","","","","","","","","","","","","","","","","","","92","","",
"1671","海靈彈","IT_05|IT_28","","","","","","Y","","","","1","","","","1110","","","","","","","","","","","","","","","","","","","","","","","","101","","",
"1672","凝冰術","IT_05|IT_28","","","","","","Y","","","","1","","","","1112","","","","","","","","","","","","","","","","","","","","","","","","110","","",
"1673","晶石裂地","IT_05","","","","","","Y","","","","1","","","","","","","","","","","","","","","","","","","","","","","","","","","","109","","",
"1674","霜漩流","IT_05|IT_28","","","","","","Y","","","","1","","","","1113","","","","","","","","","","","","","","","","","","","","","","","","112","","",
"1675","冰霜波","IT_05","","","","","","Y","","","","1","","","","","","","","","","","","","","","","","","","","","","","","","","","","118","","",
"1676","幻光聖劍","IT_05|IT_28","","","","","","Y","","","","1","","","","1114","","","","","","","","","","","","","","","","","","","","","","","","121","","",
"1677","天降雷火","IT_05|IT_28","","","","","","Y","","","","1","","","","1115","","","","","","","","","","","","","","","","","","","","","","","","123","","",
"1678","風靈之手","IT_05","","","","","","Y","","","","1","","","","","","","","","","","","","","","","","","","","","","","","","","","","124","","",
"1679","凍霧術","IT_04|IT_28","2|3|4","","","","","Y","","","","1","","","","1111","","","","","","","","","","","","","","","","","","","","","","","","103","","",
"1680","懾心靈震","IT_05","","","","","","Y","","","","1","","","","","","","","","","","","","","","","","","","","","","","","","","","","161","","",
"1681","紅嵐滔光","IT_05","","","","","","Y","","","","1","","","","","","","","","","","","","","","","","","","","","","","","","","","","182","","",
"1682","滅靈光環","IT_05|IT_28","1|2|3|4","","","","","Y","","","","1","","","","1116","","","","","","","","","","","","","","","","","","","","","","","","195","","",
"1683","魔氣縱橫","IT_13","","","","","","Y","","","","1","","","","","","","","300","","","","","","","","","","","","","","","","","","","","198","","",
"1684","靈魔幻音","IT_05|IT_28","1|2|3|4","","","","","Y","","","","1","","","","1117","","","","","","","","","","","","","","","","","","","","","","","","199","","",
"1685","雷霆光鏵","IT_05|IT_28","1|2|3|4","","","","","Y","","","","1","","","","1118","","","","","","","","","","","","","","","","","","","","","","","","207","","",
"1686","封靈滅法","IT_04|IT_28","1|2|3|4","","","","","Y","","","","1","","","","1119","","","","","","","","","","","","","","","","","","","","","","","","208","","",
"1687","虛無幻境","IT_05","1|2|3|4","","","","","Y","","","","1","","","","","","","","","","","","","","","","","","","","","","","","","","","","264","","",
"1688","魔氣貫頂","IT_05","1|2|3|4","","","","","Y","","","","1","","","","","","","","","","","","","","","","","","","","","","","","","","","","265","","",
"1689","菩提羅漢","IT_05","1|2|3|4","","","","","Y","","","","1","","","","","","","","","","","","","","","","","","","","","","","","","","","","305","","",
"1690","降龍拳","IT_05|IT_28","1|2|3|4","","","","","Y","","","","1","","","","1121","","","","","","","","","","","","","","","","","","","","","","","","306","","",
"1691","無常陰風","IT_05","","","","","","Y","","","","1","","","","","","","","","","","","","","","","","","","","","","","","","","","","324","","",
"1692","五雷咒","IT_05|IT_28","1|2|3|4","","","","","Y","","","","1","","","","1122","","","","","","","","","","","","","","","","","","","","","","","","326","","",
"1693","三昧陰火劫","IT_05|IT_28","1|3","","","","","Y","","","","1","","","","1123","","","","","","","","","","","","","","","","","","","","","","","","338","","",
"1694","風捲殘雲","IT_05|IT_28","1|3","","","","","Y","","","","1","","","","1124","","","","","","","","","","","","","","","","","","","","","","","","343","","",
"1695","仙靈冰封","IT_05|IT_28","1|2|3|4","","","","","Y","","","","1","","","","1125","","","","","","","","","","","","","","","","","","","","","","","","344","","",
"1696","百毒魔爪","IT_05","1|2|3|4","","","","","Y","","","","1","","","","","","","","","","","","","","","","","","","","","","","","","","","","347","","",
"1697","萬妖聚靈","IT_13","","","","","","Y","","","","1","","","","","","","","2000","","","","","","","","","","","","","","","","","","","","357","","",
"1698","移魂仙樂","IT_05|IT_28","","","","","","Y","","","","1","","","","1126","","","","","","","","","","","","","","","","","","","","","","","","380","","",
"1699","除魔靈鼓","IT_05|IT_28","","","","","","Y","","","","1","","","","1127","","","","","","","","","","","","","","","","","","","","","","","","381","","",
"1700","日輪烈焰","IT_05|IT_28","","","","","","Y","","","","1","","","","1128","","","","","","","","","","","","","","","","","","","","","","","","382","","",
"1701","殘月鎖漪","IT_05|IT_28","","","","","","Y","","","","1","","","","1129","","","","","","","","","","","","","","","","","","","","","","","","383","","",
"1702","三日結寒","IT_05","","","","","","Y","","","","1","","","","","","","","","","","","","","","","","","","","","","","","","","","","384","","",
"1703","流雲幻光","IT_05|IT_28","","","","","","Y","","","","1","","","","1130","","","","","","","","","","","","","","","","","","","","","","","","385","","",
"1704","草木皆兵","IT_05","","","","","","Y","","","","1","","","","","","","","","","","","","","","","","","","","","","","","","","","","388","","",
"1705","神焰九轉","IT_05","","","","","","Y","","","","1","","","","","","","","","","","","","","","","","","","","","","","","","","","","389","","",
"1706","千烈凰屏","IT_05","","","","","","Y","","","","1","","","","","","","","","","","","","","","","","","","","","","","","","","","","401","","",
"1707","道臨天下","IT_05","","","","","","Y","","","","1","","","","","","","","","","","","","","","","","","","","","","","","","","","","403","","",
"1708","無常沙石","IT_05","","","","","","Y","","","","1","","","","","","","","","","","","","","","","","","","","","","","","","","","","411","","",
"1709","獅子吼","IT_05","","","","","","Y","","","","1","","","","","","","","","","","","","","","","","","","","","","","","","","","","409","","",
"1710","霸王崩山勁","IT_05","1","","","","","","","","","1","","","","","","","","","","","","","","","","","","","","","","","","","","","","415","","",
"1711","百鬼碎裂","IT_05","1","","","","","","","","","1","","","","","","","","","","","","","","","","","","","","","","","","","","","","418","","",
"1712","百闇川聚","IT_05","1","","","","","","","","","1","","","","","","","","","","","","","","","","","","","","","","","","","","","","419","","",
"1713","拂塵燎原","IT_05","1","","","","","","","","","1","","","","","","","","","","","","","","","","","","","","","","","","","","","","420","","",
"1714","闇魔源","IT_13","1","","","","","","","","","1","","","","","","","","9999","","","","","","","","","","","","","","","","","","","","421","","",
"1715","聖光浴","IT_05","","","","","","Y","","","","1","","","","","","","","","","","","","","","","","","","","","","","","","","","","432","","",
"1716","風馳貫陰雷","IT_05","1","","","","","","","","","1","","","","","","","","","","","","","","","","","","","","","","","","","","","","435","","",
"1717","奔雷閃襲","IT_05","1","","","","","","","","","1","","","","","","","","","","","","","","","","","","","","","","","","","","","","436","","",
"1718","青焰纏捲","IT_05","1|2|3|4","","","","","Y","","","","1","","","","","","","","","","","","","","","","","","","","","","","","","","","","466","","",
"1719","血靈還魂","IT_05","1","","","","","Y","","","","1","","","","","","","","","","","","","","","","","","","","","","","","","","","","465","","",
"1720","封術禁言","IT_04","1|2|3|4","","","","","Y","","","","1","","","","","","","","","","","","","","","","","","","","","","","","","","","","467","","",
"1721","封言禁咒","IT_04","1|2|3|4","","","","","Y","","","","1","","","","","","","","","","","","","","","","","","","","","","","","","","","","467","","",
"2201","土匪","IT_12","1|2|3|4","","","","200","","Y","","","1","","","","","","","","","","","","","","3","","","10","-5","","","","","","","","","","189","","",
"2202","NAME1032","IT_06","","","","","","","","","","","","","","","","","","","","","","","","","","","","","0","0","0","0","0","0","0","0","","412","","",
"2203","山鬼","IT_12","1|2|3|4","","","","70","","Y","","","1","","","","","","","","","","","","","","-3","","","6","2","","","2","-4","-10","4","","","","3","","",
